"","HABITAT_MAPA","UICN","HABITAT_DESCRIPTION","code","habitat_2","CORINE_HAB_N2","CORINE_N2","CORINE_HAB_N3","CORINE_N3","CORINE","ESA_cod","ESA_cov"
"1",105,"Bosques secos y h즡edos de tierras bajas","Forest dry and moist lowlands","1.5","Forest - Subtropical/tropical dry","Bosques",31,"Bosque Fragmentado Denso",313,313,50,"Tree cover, broadleaved, evergreen, closed to open (>15%)"
"2",105,"Bosques secos y h즡edos de tierras bajas","Forest dry and moist lowlands","1.5","Forest - Subtropical/tropical dry","Bosques",31,"Bosque Fragmentado Denso",313,3131,50,"Tree cover, broadleaved, evergreen, closed to open (>15%)"
"3",105,"Bosques secos y h즡edos de tierras bajas","Forest dry and moist lowlands","1.5","Forest - Subtropical/tropical dry","Bosques",31,"Bosque Fragmentado Denso",313,3132,50,"Tree cover, broadleaved, evergreen, closed to open (>15%)"
"4",105,"Bosques secos y h즡edos de tierras bajas","Forest dry and moist lowlands","1.5","Forest - Subtropical/tropical dry","Bosques",31,"Bosque denso alto de tierra firme",311,31111,50,"Tree cover, broadleaved, evergreen, closed to open (>15%)"
"5",105,"Bosques secos y h즡edos de tierras bajas","Forest dry and moist lowlands","1.5","Forest - Subtropical/tropical dry","Bosques",31,"Bosque denso alto de tierra firme",311,31121,50,"Tree cover, broadleaved, evergreen, closed to open (>15%)"
"6",105,"Bosques secos y h즡edos de tierras bajas","Forest dry and moist lowlands","1.5","Forest - Subtropical/tropical dry","Bosques",31,"Bosque abierto alto de tierra firme",312,31211,50,"Tree cover, broadleaved, evergreen, closed to open (>15%)"
"7",105,"Bosques secos y h즡edos de tierras bajas","Forest dry and moist lowlands","1.5","Forest - Subtropical/tropical dry","Bosques",31,"Bosque abierto alto de tierra firme",312,31221,50,"Tree cover, broadleaved, evergreen, closed to open (>15%)"
"8",105,"Bosques secos y h즡edos de tierras bajas","Forest dry and moist lowlands","1.5","Forest - Subtropical/tropical dry","Bosques",31,"Bosque Fragmentado Denso",313,313,60,"Tree cover, broadleaved, deciduous, closed to open (>15%)"
"9",105,"Bosques secos y h즡edos de tierras bajas","Forest dry and moist lowlands","1.5","Forest - Subtropical/tropical dry","Bosques",31,"Bosque Fragmentado Denso",313,3131,60,"Tree cover, broadleaved, deciduous, closed to open (>15%)"
"10",105,"Bosques secos y h즡edos de tierras bajas","Forest dry and moist lowlands","1.5","Forest - Subtropical/tropical dry","Bosques",31,"Bosque Fragmentado Denso",313,3132,60,"Tree cover, broadleaved, deciduous, closed to open (>15%)"
"11",105,"Bosques secos y h즡edos de tierras bajas","Forest dry and moist lowlands","1.5","Forest - Subtropical/tropical dry","Bosques",31,"Bosque denso alto de tierra firme",311,31111,60,"Tree cover, broadleaved, deciduous, closed to open (>15%)"
"12",105,"Bosques secos y h즡edos de tierras bajas","Forest dry and moist lowlands","1.5","Forest - Subtropical/tropical dry","Bosques",31,"Bosque denso alto de tierra firme",311,31121,60,"Tree cover, broadleaved, deciduous, closed to open (>15%)"
"13",105,"Bosques secos y h즡edos de tierras bajas","Forest dry and moist lowlands","1.5","Forest - Subtropical/tropical dry","Bosques",31,"Bosque abierto alto de tierra firme",312,31211,60,"Tree cover, broadleaved, deciduous, closed to open (>15%)"
"14",105,"Bosques secos y h즡edos de tierras bajas","Forest dry and moist lowlands","1.5","Forest - Subtropical/tropical dry","Bosques",31,"Bosque abierto alto de tierra firme",312,31221,60,"Tree cover, broadleaved, deciduous, closed to open (>15%)"
"15",105,"Bosques secos y h즡edos de tierras bajas","Forest dry and moist lowlands","1.5","Forest - Subtropical/tropical dry","Bosques",31,"Bosque Fragmentado Denso",313,313,61,"Tree cover, broadleaved, deciduous, closed (>40%)"
"16",105,"Bosques secos y h즡edos de tierras bajas","Forest dry and moist lowlands","1.5","Forest - Subtropical/tropical dry","Bosques",31,"Bosque Fragmentado Denso",313,3131,61,"Tree cover, broadleaved, deciduous, closed (>40%)"
"17",105,"Bosques secos y h즡edos de tierras bajas","Forest dry and moist lowlands","1.5","Forest - Subtropical/tropical dry","Bosques",31,"Bosque Fragmentado Denso",313,3132,61,"Tree cover, broadleaved, deciduous, closed (>40%)"
"18",105,"Bosques secos y h즡edos de tierras bajas","Forest dry and moist lowlands","1.5","Forest - Subtropical/tropical dry","Bosques",31,"Bosque denso alto de tierra firme",311,31111,61,"Tree cover, broadleaved, deciduous, closed (>40%)"
"19",105,"Bosques secos y h즡edos de tierras bajas","Forest dry and moist lowlands","1.5","Forest - Subtropical/tropical dry","Bosques",31,"Bosque denso alto de tierra firme",311,31121,61,"Tree cover, broadleaved, deciduous, closed (>40%)"
"20",105,"Bosques secos y h즡edos de tierras bajas","Forest dry and moist lowlands","1.5","Forest - Subtropical/tropical dry","Bosques",31,"Bosque abierto alto de tierra firme",312,31211,61,"Tree cover, broadleaved, deciduous, closed (>40%)"
"21",105,"Bosques secos y h즡edos de tierras bajas","Forest dry and moist lowlands","1.5","Forest - Subtropical/tropical dry","Bosques",31,"Bosque abierto alto de tierra firme",312,31221,61,"Tree cover, broadleaved, deciduous, closed (>40%)"
"22",105,"Bosques secos y h즡edos de tierras bajas","Forest dry and moist lowlands","1.5","Forest - Subtropical/tropical dry","Bosques",31,"Bosque Fragmentado Denso",313,313,62,"Tree cover, broadleaved, deciduous, open (15-40%)"
"23",105,"Bosques secos y h즡edos de tierras bajas","Forest dry and moist lowlands","1.5","Forest - Subtropical/tropical dry","Bosques",31,"Bosque Fragmentado Denso",313,3131,62,"Tree cover, broadleaved, deciduous, open (15-40%)"
"24",105,"Bosques secos y h즡edos de tierras bajas","Forest dry and moist lowlands","1.5","Forest - Subtropical/tropical dry","Bosques",31,"Bosque Fragmentado Denso",313,3132,62,"Tree cover, broadleaved, deciduous, open (15-40%)"
"25",105,"Bosques secos y h즡edos de tierras bajas","Forest dry and moist lowlands","1.5","Forest - Subtropical/tropical dry","Bosques",31,"Bosque denso alto de tierra firme",311,31111,62,"Tree cover, broadleaved, deciduous, open (15-40%)"
"26",105,"Bosques secos y h즡edos de tierras bajas","Forest dry and moist lowlands","1.5","Forest - Subtropical/tropical dry","Bosques",31,"Bosque denso alto de tierra firme",311,31121,62,"Tree cover, broadleaved, deciduous, open (15-40%)"
"27",105,"Bosques secos y h즡edos de tierras bajas","Forest dry and moist lowlands","1.5","Forest - Subtropical/tropical dry","Bosques",31,"Bosque abierto alto de tierra firme",312,31211,62,"Tree cover, broadleaved, deciduous, open (15-40%)"
"28",105,"Bosques secos y h즡edos de tierras bajas","Forest dry and moist lowlands","1.5","Forest - Subtropical/tropical dry","Bosques",31,"Bosque abierto alto de tierra firme",312,31221,62,"Tree cover, broadleaved, deciduous, open (15-40%)"
"29",105,"Bosques secos y h즡edos de tierras bajas","Forest dry and moist lowlands","1.6","Forest - Subtropical/tropical moist lowland","Bosques",31,"Bosque Fragmentado Denso",313,313,50,"Tree cover, broadleaved, evergreen, closed to open (>15%)"
"30",105,"Bosques secos y h즡edos de tierras bajas","Forest dry and moist lowlands","1.6","Forest - Subtropical/tropical moist lowland","Bosques",31,"Bosque Fragmentado Denso",313,3131,50,"Tree cover, broadleaved, evergreen, closed to open (>15%)"
"31",105,"Bosques secos y h즡edos de tierras bajas","Forest dry and moist lowlands","1.6","Forest - Subtropical/tropical moist lowland","Bosques",31,"Bosque Fragmentado Denso",313,3132,50,"Tree cover, broadleaved, evergreen, closed to open (>15%)"
"32",105,"Bosques secos y h즡edos de tierras bajas","Forest dry and moist lowlands","1.6","Forest - Subtropical/tropical moist lowland","Bosques",31,"Bosque denso alto de tierra firme",311,31111,50,"Tree cover, broadleaved, evergreen, closed to open (>15%)"
"33",105,"Bosques secos y h즡edos de tierras bajas","Forest dry and moist lowlands","1.6","Forest - Subtropical/tropical moist lowland","Bosques",31,"Bosque denso alto de tierra firme",311,31121,50,"Tree cover, broadleaved, evergreen, closed to open (>15%)"
"34",105,"Bosques secos y h즡edos de tierras bajas","Forest dry and moist lowlands","1.6","Forest - Subtropical/tropical moist lowland","Bosques",31,"Bosque abierto alto de tierra firme",312,31211,50,"Tree cover, broadleaved, evergreen, closed to open (>15%)"
"35",105,"Bosques secos y h즡edos de tierras bajas","Forest dry and moist lowlands","1.6","Forest - Subtropical/tropical moist lowland","Bosques",31,"Bosque abierto alto de tierra firme",312,31221,50,"Tree cover, broadleaved, evergreen, closed to open (>15%)"
"36",105,"Bosques secos y h즡edos de tierras bajas","Forest dry and moist lowlands","1.6","Forest - Subtropical/tropical moist lowland","Bosques",31,"Bosque Fragmentado Denso",313,313,60,"Tree cover, broadleaved, deciduous, closed to open (>15%)"
"37",105,"Bosques secos y h즡edos de tierras bajas","Forest dry and moist lowlands","1.6","Forest - Subtropical/tropical moist lowland","Bosques",31,"Bosque Fragmentado Denso",313,3131,60,"Tree cover, broadleaved, deciduous, closed to open (>15%)"
"38",105,"Bosques secos y h즡edos de tierras bajas","Forest dry and moist lowlands","1.6","Forest - Subtropical/tropical moist lowland","Bosques",31,"Bosque Fragmentado Denso",313,3132,60,"Tree cover, broadleaved, deciduous, closed to open (>15%)"
"39",105,"Bosques secos y h즡edos de tierras bajas","Forest dry and moist lowlands","1.6","Forest - Subtropical/tropical moist lowland","Bosques",31,"Bosque denso alto de tierra firme",311,31111,60,"Tree cover, broadleaved, deciduous, closed to open (>15%)"
"40",105,"Bosques secos y h즡edos de tierras bajas","Forest dry and moist lowlands","1.6","Forest - Subtropical/tropical moist lowland","Bosques",31,"Bosque denso alto de tierra firme",311,31121,60,"Tree cover, broadleaved, deciduous, closed to open (>15%)"
"41",105,"Bosques secos y h즡edos de tierras bajas","Forest dry and moist lowlands","1.6","Forest - Subtropical/tropical moist lowland","Bosques",31,"Bosque abierto alto de tierra firme",312,31211,60,"Tree cover, broadleaved, deciduous, closed to open (>15%)"
"42",105,"Bosques secos y h즡edos de tierras bajas","Forest dry and moist lowlands","1.6","Forest - Subtropical/tropical moist lowland","Bosques",31,"Bosque abierto alto de tierra firme",312,31221,60,"Tree cover, broadleaved, deciduous, closed to open (>15%)"
"43",105,"Bosques secos y h즡edos de tierras bajas","Forest dry and moist lowlands","1.6","Forest - Subtropical/tropical moist lowland","Bosques",31,"Bosque Fragmentado Denso",313,313,61,"Tree cover, broadleaved, deciduous, closed (>40%)"
"44",105,"Bosques secos y h즡edos de tierras bajas","Forest dry and moist lowlands","1.6","Forest - Subtropical/tropical moist lowland","Bosques",31,"Bosque Fragmentado Denso",313,3131,61,"Tree cover, broadleaved, deciduous, closed (>40%)"
"45",105,"Bosques secos y h즡edos de tierras bajas","Forest dry and moist lowlands","1.6","Forest - Subtropical/tropical moist lowland","Bosques",31,"Bosque Fragmentado Denso",313,3132,61,"Tree cover, broadleaved, deciduous, closed (>40%)"
"46",105,"Bosques secos y h즡edos de tierras bajas","Forest dry and moist lowlands","1.6","Forest - Subtropical/tropical moist lowland","Bosques",31,"Bosque denso alto de tierra firme",311,31111,61,"Tree cover, broadleaved, deciduous, closed (>40%)"
"47",105,"Bosques secos y h즡edos de tierras bajas","Forest dry and moist lowlands","1.6","Forest - Subtropical/tropical moist lowland","Bosques",31,"Bosque denso alto de tierra firme",311,31121,61,"Tree cover, broadleaved, deciduous, closed (>40%)"
"48",105,"Bosques secos y h즡edos de tierras bajas","Forest dry and moist lowlands","1.6","Forest - Subtropical/tropical moist lowland","Bosques",31,"Bosque abierto alto de tierra firme",312,31211,61,"Tree cover, broadleaved, deciduous, closed (>40%)"
"49",105,"Bosques secos y h즡edos de tierras bajas","Forest dry and moist lowlands","1.6","Forest - Subtropical/tropical moist lowland","Bosques",31,"Bosque abierto alto de tierra firme",312,31221,61,"Tree cover, broadleaved, deciduous, closed (>40%)"
"50",105,"Bosques secos y h즡edos de tierras bajas","Forest dry and moist lowlands","1.6","Forest - Subtropical/tropical moist lowland","Bosques",31,"Bosque Fragmentado Denso",313,313,62,"Tree cover, broadleaved, deciduous, open (15-40%)"
"51",105,"Bosques secos y h즡edos de tierras bajas","Forest dry and moist lowlands","1.6","Forest - Subtropical/tropical moist lowland","Bosques",31,"Bosque Fragmentado Denso",313,3131,62,"Tree cover, broadleaved, deciduous, open (15-40%)"
"52",105,"Bosques secos y h즡edos de tierras bajas","Forest dry and moist lowlands","1.6","Forest - Subtropical/tropical moist lowland","Bosques",31,"Bosque Fragmentado Denso",313,3132,62,"Tree cover, broadleaved, deciduous, open (15-40%)"
"53",105,"Bosques secos y h즡edos de tierras bajas","Forest dry and moist lowlands","1.6","Forest - Subtropical/tropical moist lowland","Bosques",31,"Bosque denso alto de tierra firme",311,31111,62,"Tree cover, broadleaved, deciduous, open (15-40%)"
"54",105,"Bosques secos y h즡edos de tierras bajas","Forest dry and moist lowlands","1.6","Forest - Subtropical/tropical moist lowland","Bosques",31,"Bosque denso alto de tierra firme",311,31121,62,"Tree cover, broadleaved, deciduous, open (15-40%)"
"55",105,"Bosques secos y h즡edos de tierras bajas","Forest dry and moist lowlands","1.6","Forest - Subtropical/tropical moist lowland","Bosques",31,"Bosque abierto alto de tierra firme",312,31211,62,"Tree cover, broadleaved, deciduous, open (15-40%)"
"56",105,"Bosques secos y h즡edos de tierras bajas","Forest dry and moist lowlands","1.6","Forest - Subtropical/tropical moist lowland","Bosques",31,"Bosque abierto alto de tierra firme",312,31221,62,"Tree cover, broadleaved, deciduous, open (15-40%)"
"57",107,"Bosques de manglar y pantanos","Forest mangrove vegetation and swamps","1.7","Forest - Subtropical/tropical mangrove vegetation above high tide level","Bosques",31,"Bosque de galeria ripario",314,314,160,"Tree cover, flooded, fresh or brakish water"
"58",107,"Bosques de manglar y pantanos","Forest mangrove vegetation and swamps","1.7","Forest - Subtropical/tropical mangrove vegetation above high tide level","Bosques",31,"Bosque denso alto de tierra firme",311,31112,160,"Tree cover, flooded, fresh or brakish water"
"59",107,"Bosques de manglar y pantanos","Forest mangrove vegetation and swamps","1.7","Forest - Subtropical/tropical mangrove vegetation above high tide level","Bosques",31,"Bosque denso alto de tierra firme",311,31122,160,"Tree cover, flooded, fresh or brakish water"
"60",107,"Bosques de manglar y pantanos","Forest mangrove vegetation and swamps","1.7","Forest - Subtropical/tropical mangrove vegetation above high tide level","Bosques",31,"Bosque abierto alto de tierra firme",312,31212,160,"Tree cover, flooded, fresh or brakish water"
"61",107,"Bosques de manglar y pantanos","Forest mangrove vegetation and swamps","1.7","Forest - Subtropical/tropical mangrove vegetation above high tide level","Bosques",31,"Bosque abierto alto de tierra firme",312,31222,160,"Tree cover, flooded, fresh or brakish water"
"62",107,"Bosques de manglar y pantanos","Forest mangrove vegetation and swamps","1.7","Forest - Subtropical/tropical mangrove vegetation above high tide level","Bosques",31,"Bosque denso alto de tierra firme",311,311121,160,"Tree cover, flooded, fresh or brakish water"
"63",107,"Bosques de manglar y pantanos","Forest mangrove vegetation and swamps","1.7","Forest - Subtropical/tropical mangrove vegetation above high tide level","Bosques",31,"Bosque denso alto de tierra firme",311,311122,160,"Tree cover, flooded, fresh or brakish water"
"64",107,"Bosques de manglar y pantanos","Forest mangrove vegetation and swamps","1.7","Forest - Subtropical/tropical mangrove vegetation above high tide level","Bosques",31,"Bosque denso alto de tierra firme",311,311123,160,"Tree cover, flooded, fresh or brakish water"
"65",107,"Bosques de manglar y pantanos","Forest mangrove vegetation and swamps","1.7","Forest - Subtropical/tropical mangrove vegetation above high tide level","Bosques",31,"Bosque de galeria ripario",314,314,170,"Tree cover, flooded, saline water"
"66",107,"Bosques de manglar y pantanos","Forest mangrove vegetation and swamps","1.7","Forest - Subtropical/tropical mangrove vegetation above high tide level","Bosques",31,"Bosque denso alto de tierra firme",311,31112,170,"Tree cover, flooded, saline water"
"67",107,"Bosques de manglar y pantanos","Forest mangrove vegetation and swamps","1.7","Forest - Subtropical/tropical mangrove vegetation above high tide level","Bosques",31,"Bosque denso alto de tierra firme",311,31122,170,"Tree cover, flooded, saline water"
"68",107,"Bosques de manglar y pantanos","Forest mangrove vegetation and swamps","1.7","Forest - Subtropical/tropical mangrove vegetation above high tide level","Bosques",31,"Bosque abierto alto de tierra firme",312,31212,170,"Tree cover, flooded, saline water"
"69",107,"Bosques de manglar y pantanos","Forest mangrove vegetation and swamps","1.7","Forest - Subtropical/tropical mangrove vegetation above high tide level","Bosques",31,"Bosque abierto alto de tierra firme",312,31222,170,"Tree cover, flooded, saline water"
"70",107,"Bosques de manglar y pantanos","Forest mangrove vegetation and swamps","1.7","Forest - Subtropical/tropical mangrove vegetation above high tide level","Bosques",31,"Bosque denso alto de tierra firme",311,311121,170,"Tree cover, flooded, saline water"
"71",107,"Bosques de manglar y pantanos","Forest mangrove vegetation and swamps","1.7","Forest - Subtropical/tropical mangrove vegetation above high tide level","Bosques",31,"Bosque denso alto de tierra firme",311,311122,170,"Tree cover, flooded, saline water"
"72",107,"Bosques de manglar y pantanos","Forest mangrove vegetation and swamps","1.7","Forest - Subtropical/tropical mangrove vegetation above high tide level","Bosques",31,"Bosque denso alto de tierra firme",311,311123,170,"Tree cover, flooded, saline water"
"73",107,"Bosques de manglar y pantanos","Forest mangrove vegetation and swamps","1.8","Forest - Subtropical/tropical swamp","Bosques",31,"Bosque de galeria ripario",314,314,160,"Tree cover, flooded, fresh or brakish water"
"74",107,"Bosques de manglar y pantanos","Forest mangrove vegetation and swamps","1.8","Forest - Subtropical/tropical swamp","Bosques",31,"Bosque denso alto de tierra firme",311,31112,160,"Tree cover, flooded, fresh or brakish water"
"75",107,"Bosques de manglar y pantanos","Forest mangrove vegetation and swamps","1.8","Forest - Subtropical/tropical swamp","Bosques",31,"Bosque denso alto de tierra firme",311,31122,160,"Tree cover, flooded, fresh or brakish water"
"76",107,"Bosques de manglar y pantanos","Forest mangrove vegetation and swamps","1.8","Forest - Subtropical/tropical swamp","Bosques",31,"Bosque abierto alto de tierra firme",312,31212,160,"Tree cover, flooded, fresh or brakish water"
"77",107,"Bosques de manglar y pantanos","Forest mangrove vegetation and swamps","1.8","Forest - Subtropical/tropical swamp","Bosques",31,"Bosque abierto alto de tierra firme",312,31222,160,"Tree cover, flooded, fresh or brakish water"
"78",107,"Bosques de manglar y pantanos","Forest mangrove vegetation and swamps","1.8","Forest - Subtropical/tropical swamp","Bosques",31,"Bosque denso alto de tierra firme",311,311121,160,"Tree cover, flooded, fresh or brakish water"
"79",107,"Bosques de manglar y pantanos","Forest mangrove vegetation and swamps","1.8","Forest - Subtropical/tropical swamp","Bosques",31,"Bosque denso alto de tierra firme",311,311122,160,"Tree cover, flooded, fresh or brakish water"
"80",107,"Bosques de manglar y pantanos","Forest mangrove vegetation and swamps","1.8","Forest - Subtropical/tropical swamp","Bosques",31,"Bosque denso alto de tierra firme",311,311123,160,"Tree cover, flooded, fresh or brakish water"
"81",107,"Bosques de manglar y pantanos","Forest mangrove vegetation and swamps","1.8","Forest - Subtropical/tropical swamp","Bosques",31,"Bosque de galeria ripario",314,314,170,"Tree cover, flooded, saline water"
"82",107,"Bosques de manglar y pantanos","Forest mangrove vegetation and swamps","1.8","Forest - Subtropical/tropical swamp","Bosques",31,"Bosque denso alto de tierra firme",311,31112,170,"Tree cover, flooded, saline water"
"83",107,"Bosques de manglar y pantanos","Forest mangrove vegetation and swamps","1.8","Forest - Subtropical/tropical swamp","Bosques",31,"Bosque denso alto de tierra firme",311,31122,170,"Tree cover, flooded, saline water"
"84",107,"Bosques de manglar y pantanos","Forest mangrove vegetation and swamps","1.8","Forest - Subtropical/tropical swamp","Bosques",31,"Bosque abierto alto de tierra firme",312,31212,170,"Tree cover, flooded, saline water"
"85",107,"Bosques de manglar y pantanos","Forest mangrove vegetation and swamps","1.8","Forest - Subtropical/tropical swamp","Bosques",31,"Bosque abierto alto de tierra firme",312,31222,170,"Tree cover, flooded, saline water"
"86",107,"Bosques de manglar y pantanos","Forest mangrove vegetation and swamps","1.8","Forest - Subtropical/tropical swamp","Bosques",31,"Bosque denso alto de tierra firme",311,311121,170,"Tree cover, flooded, saline water"
"87",107,"Bosques de manglar y pantanos","Forest mangrove vegetation and swamps","1.8","Forest - Subtropical/tropical swamp","Bosques",31,"Bosque denso alto de tierra firme",311,311122,170,"Tree cover, flooded, saline water"
"88",107,"Bosques de manglar y pantanos","Forest mangrove vegetation and swamps","1.8","Forest - Subtropical/tropical swamp","Bosques",31,"Bosque denso alto de tierra firme",311,311123,170,"Tree cover, flooded, saline water"
"89",109,"Bosque h즡edo de monta쨅","Forest moist montane","1.9","Forest - Subtropical/tropical moist montane","Bosques",31,"Bosque denso alto de tierra firme (>500msnm)",311,105,105,"Bosque h즡edo de monta쨅 (>500msnm)"
"90",305,"Matorral seco y h즡edo","Shrubland dry and moist","3.5","Shrubland - Subtropical/tropical dry","탍eas con vegetaci줻 herb쟠ea y/o arbustiva",32,"Arbustal alto",322,3221,120,"Shrubland"
"91",305,"Matorral seco y h즡edo","Shrubland dry and moist","3.5","Shrubland - Subtropical/tropical dry","탍eas con vegetaci줻 herb쟠ea y/o arbustiva",32,"Arbustal alto",322,3222,120,"Shrubland"
"92",305,"Matorral seco y h즡edo","Shrubland dry and moist","3.5","Shrubland - Subtropical/tropical dry","탍eas con vegetaci줻 herb쟠ea y/o arbustiva",32,"Arbustal alto",322,32222,120,"Shrubland"
"93",305,"Matorral seco y h즡edo","Shrubland dry and moist","3.6","Shrubland - Subtropical/tropical moist","탍eas con vegetaci줻 herb쟠ea y/o arbustiva",32,"Arbustal alto",322,3221,120,"Shrubland"
"94",305,"Matorral seco y h즡edo","Shrubland dry and moist","3.6","Shrubland - Subtropical/tropical moist","탍eas con vegetaci줻 herb쟠ea y/o arbustiva",32,"Arbustal alto",322,3222,120,"Shrubland"
"95",305,"Matorral seco y h즡edo","Shrubland dry and moist","3.6","Shrubland - Subtropical/tropical moist","탍eas con vegetaci줻 herb쟠ea y/o arbustiva",32,"Arbustal alto",322,32222,120,"Shrubland"
"96",307,"Matorrales de tierras altas","Shrubland high altitude","3.7","Shrubland - Subtropical/tropical high altitude","탍eas con vegetaci줻 herb쟠ea y/o arbustiva",32,"Arbustal alto (>500msnm)",322,305,305,"Matorrales de tierras altas (>500msnm)"
"97",405,"Praderas y sabanas secas","Grassland and savanna dry","2.1","Savanna - Dry","탍eas con vegetaci줻 herb쟠ea y/o arbustiva",32,"Herbazal",321,32121,130,"Grassland"
"98",405,"Praderas y sabanas secas","Grassland and savanna dry","2.1","Savanna - Dry","탍eas con vegetaci줻 herb쟠ea y/o arbustiva",32,"Herbazal",321,32122,130,"Grassland"
"99",405,"Praderas y sabanas secas","Grassland and savanna dry","2.1","Savanna - Dry","탍eas con vegetaci줻 herb쟠ea y/o arbustiva",32,"Herbazal",321,321111,130,"Grassland"
"100",405,"Praderas y sabanas secas","Grassland and savanna dry","2.1","Savanna - Dry","탍eas con vegetaci줻 herb쟠ea y/o arbustiva",32,"Herbazal",321,321112,130,"Grassland"
"101",405,"Praderas y sabanas secas","Grassland and savanna dry","2.1","Savanna - Dry","탍eas con vegetaci줻 herb쟠ea y/o arbustiva",32,"Herbazal",321,321113,130,"Grassland"
"102",405,"Praderas y sabanas secas","Grassland and savanna dry","4.5","Grassland - Subtropical/tropical dry","탍eas con vegetaci줻 herb쟠ea y/o arbustiva",32,"Herbazal",321,32121,130,"Grassland"
"103",405,"Praderas y sabanas secas","Grassland and savanna dry","4.5","Grassland - Subtropical/tropical dry","탍eas con vegetaci줻 herb쟠ea y/o arbustiva",32,"Herbazal",321,32122,130,"Grassland"
"104",405,"Praderas y sabanas secas","Grassland and savanna dry","4.5","Grassland - Subtropical/tropical dry","탍eas con vegetaci줻 herb쟠ea y/o arbustiva",32,"Herbazal",321,321111,130,"Grassland"
"105",405,"Praderas y sabanas secas","Grassland and savanna dry","4.5","Grassland - Subtropical/tropical dry","탍eas con vegetaci줻 herb쟠ea y/o arbustiva",32,"Herbazal",321,321112,130,"Grassland"
"106",405,"Praderas y sabanas secas","Grassland and savanna dry","4.5","Grassland - Subtropical/tropical dry","탍eas con vegetaci줻 herb쟠ea y/o arbustiva",32,"Herbazal",321,321113,130,"Grassland"
"107",406,"Pastizales y sabanas estacionalmente h즡edos/inundados","Grassland and savanna seasonally wet/flooded","2.2","Savanna - Moist","탍eas con vegetaci줻 herb쟠ea y/o arbustiva",32,"Herbazal",321,32112,180,"Shrub or herbaceous cover, flooded, fresh/saline/brakish water"
"108",406,"Pastizales y sabanas estacionalmente h즡edos/inundados","Grassland and savanna seasonally wet/flooded","2.2","Savanna - Moist","탍eas con vegetaci줻 herb쟠ea y/o arbustiva",32,"Herbazal",321,321121,180,"Shrub or herbaceous cover, flooded, fresh/saline/brakish water"
"109",406,"Pastizales y sabanas estacionalmente h즡edos/inundados","Grassland and savanna seasonally wet/flooded","2.2","Savanna - Moist","탍eas con vegetaci줻 herb쟠ea y/o arbustiva",32,"Herbazal",321,321122,180,"Shrub or herbaceous cover, flooded, fresh/saline/brakish water"
"110",406,"Pastizales y sabanas estacionalmente h즡edos/inundados","Grassland and savanna seasonally wet/flooded","2.2","Savanna - Moist","탍eas con vegetaci줻 herb쟠ea y/o arbustiva",32,"Herbazal",321,321123,180,"Shrub or herbaceous cover, flooded, fresh/saline/brakish water"
"111",406,"Pastizales y sabanas estacionalmente h즡edos/inundados","Grassland and savanna seasonally wet/flooded","4.6","Grassland - Subtropical/tropical seasonally wet/flooded","탍eas con vegetaci줻 herb쟠ea y/o arbustiva",32,"Herbazal",321,32112,180,"Shrub or herbaceous cover, flooded, fresh/saline/brakish water"
"112",406,"Pastizales y sabanas estacionalmente h즡edos/inundados","Grassland and savanna seasonally wet/flooded","4.6","Grassland - Subtropical/tropical seasonally wet/flooded","탍eas con vegetaci줻 herb쟠ea y/o arbustiva",32,"Herbazal",321,321121,180,"Shrub or herbaceous cover, flooded, fresh/saline/brakish water"
"113",406,"Pastizales y sabanas estacionalmente h즡edos/inundados","Grassland and savanna seasonally wet/flooded","4.6","Grassland - Subtropical/tropical seasonally wet/flooded","탍eas con vegetaci줻 herb쟠ea y/o arbustiva",32,"Herbazal",321,321122,180,"Shrub or herbaceous cover, flooded, fresh/saline/brakish water"
"114",406,"Pastizales y sabanas estacionalmente h즡edos/inundados","Grassland and savanna seasonally wet/flooded","4.6","Grassland - Subtropical/tropical seasonally wet/flooded","탍eas con vegetaci줻 herb쟠ea y/o arbustiva",32,"Herbazal",321,321123,180,"Shrub or herbaceous cover, flooded, fresh/saline/brakish water"
"115",407,"Pastizales de tierras altas","Grassland high altitude (Paramo)","4.7","Grassland - Subtropical/tropical high altitude","탍eas con vegetaci줻 herb쟠ea y/o arbustiva",32,"Herbazal (>500msnm)",321,405,405,"Pastizales de tierras altas (>500msnm)"
"116",500,"Humedales (interior) ","Wetlands (Inland) ","5","Wetlands (inland)","탍eas h즡edas continentales",41,"Zonas pantanosas",411,411,210,"Water bodies"
"117",500,"Humedales (interior) ","Wetlands (Inland) ","5","Wetlands (inland)","탍eas h즡edas continentales",41,"Turberas",412,412,210,"Water bodies"
"118",500,"Humedales (interior) ","Wetlands (Inland) ","5","Wetlands (inland)","탍eas h즡edas continentales",41,"Vegetaci줻 acautica sobre cuerpos de agua",413,413,210,"Water bodies"
"119",500,"Humedales (interior) ","Wetlands (Inland) ","5","Wetlands (inland)","Aguas continentales",51,"Rios Mayor 50 mts",511,511,210,"Water bodies"
"120",500,"Humedales (interior) ","Wetlands (Inland) ","5","Wetlands (inland)","Aguas continentales",51,"Lagunas lagos y cienagas continentales",512,512,210,"Water bodies"
"121",600,"Zonas rocosas continentales y desiertos","Continental rocky areas and deserts","6","Rocky Areas (e.g., inland cliffs, mountain peaks)","탍eas abiertas, sin o con poca vegetaci줻",33,"Zonas arenosas naturales",331,331,150,"Sparse Vegetation and Bare areas"
"122",600,"Zonas rocosas continentales y desiertos","Continental rocky areas and deserts","6","Rocky Areas (e.g., inland cliffs, mountain peaks)","탍eas abiertas, sin o con poca vegetaci줻",33,"Afloraminetos rocosos",332,332,150,"Sparse Vegetation and Bare areas"
"123",600,"Zonas rocosas continentales y desiertos","Continental rocky areas and deserts","6","Rocky Areas (e.g., inland cliffs, mountain peaks)","탍eas abiertas, sin o con poca vegetaci줻",33,"Tierras desnudas y degradadas",333,333,150,"Sparse Vegetation and Bare areas"
"124",600,"Zonas rocosas continentales y desiertos","Continental rocky areas and deserts","6","Rocky Areas (e.g., inland cliffs, mountain peaks)","탍eas abiertas, sin o con poca vegetaci줻",33,"Zonas quemadas",334,334,150,"Sparse Vegetation and Bare areas"
"125",600,"Zonas rocosas continentales y desiertos","Continental rocky areas and deserts","6","Rocky Areas (e.g., inland cliffs, mountain peaks)","탍eas abiertas, sin o con poca vegetaci줻",33,"Zonas glaciares y nivales",335,335,150,"Sparse Vegetation and Bare areas"
"126",600,"Zonas rocosas continentales y desiertos","Continental rocky areas and deserts","6","Rocky Areas (e.g., inland cliffs, mountain peaks)","탍eas abiertas, sin o con poca vegetaci줻",33,"Zonas arenosas naturales",331,3311,150,"Sparse Vegetation and Bare areas"
"127",600,"Zonas rocosas continentales y desiertos","Continental rocky areas and deserts","6","Rocky Areas (e.g., inland cliffs, mountain peaks)","탍eas abiertas, sin o con poca vegetaci줻",33,"Zonas arenosas naturales",331,3312,150,"Sparse Vegetation and Bare areas"
"128",600,"Zonas rocosas continentales y desiertos","Continental rocky areas and deserts","6","Rocky Areas (e.g., inland cliffs, mountain peaks)","탍eas abiertas, sin o con poca vegetaci줻",33,"Zonas arenosas naturales",331,3313,150,"Sparse Vegetation and Bare areas"
"129",600,"Zonas rocosas continentales y desiertos","Continental rocky areas and deserts","6","Rocky Areas (e.g., inland cliffs, mountain peaks)","탍eas abiertas, sin o con poca vegetaci줻",33,"Zonas arenosas naturales",331,331,151,"Sparse tree (<15%)"
"130",600,"Zonas rocosas continentales y desiertos","Continental rocky areas and deserts","6","Rocky Areas (e.g., inland cliffs, mountain peaks)","탍eas abiertas, sin o con poca vegetaci줻",33,"Afloraminetos rocosos",332,332,151,"Sparse tree (<15%)"
"131",600,"Zonas rocosas continentales y desiertos","Continental rocky areas and deserts","6","Rocky Areas (e.g., inland cliffs, mountain peaks)","탍eas abiertas, sin o con poca vegetaci줻",33,"Tierras desnudas y degradadas",333,333,151,"Sparse tree (<15%)"
"132",600,"Zonas rocosas continentales y desiertos","Continental rocky areas and deserts","6","Rocky Areas (e.g., inland cliffs, mountain peaks)","탍eas abiertas, sin o con poca vegetaci줻",33,"Zonas quemadas",334,334,151,"Sparse tree (<15%)"
"133",600,"Zonas rocosas continentales y desiertos","Continental rocky areas and deserts","6","Rocky Areas (e.g., inland cliffs, mountain peaks)","탍eas abiertas, sin o con poca vegetaci줻",33,"Zonas glaciares y nivales",335,335,151,"Sparse tree (<15%)"
"134",600,"Zonas rocosas continentales y desiertos","Continental rocky areas and deserts","6","Rocky Areas (e.g., inland cliffs, mountain peaks)","탍eas abiertas, sin o con poca vegetaci줻",33,"Zonas arenosas naturales",331,3311,151,"Sparse tree (<15%)"
"135",600,"Zonas rocosas continentales y desiertos","Continental rocky areas and deserts","6","Rocky Areas (e.g., inland cliffs, mountain peaks)","탍eas abiertas, sin o con poca vegetaci줻",33,"Zonas arenosas naturales",331,3312,151,"Sparse tree (<15%)"
"136",600,"Zonas rocosas continentales y desiertos","Continental rocky areas and deserts","6","Rocky Areas (e.g., inland cliffs, mountain peaks)","탍eas abiertas, sin o con poca vegetaci줻",33,"Zonas arenosas naturales",331,3313,151,"Sparse tree (<15%)"
"137",600,"Zonas rocosas continentales y desiertos","Continental rocky areas and deserts","6","Rocky Areas (e.g., inland cliffs, mountain peaks)","탍eas abiertas, sin o con poca vegetaci줻",33,"Zonas arenosas naturales",331,331,152,"Sparse shrub (<15%)"
"138",600,"Zonas rocosas continentales y desiertos","Continental rocky areas and deserts","6","Rocky Areas (e.g., inland cliffs, mountain peaks)","탍eas abiertas, sin o con poca vegetaci줻",33,"Afloraminetos rocosos",332,332,152,"Sparse shrub (<15%)"
"139",600,"Zonas rocosas continentales y desiertos","Continental rocky areas and deserts","6","Rocky Areas (e.g., inland cliffs, mountain peaks)","탍eas abiertas, sin o con poca vegetaci줻",33,"Tierras desnudas y degradadas",333,333,152,"Sparse shrub (<15%)"
"140",600,"Zonas rocosas continentales y desiertos","Continental rocky areas and deserts","6","Rocky Areas (e.g., inland cliffs, mountain peaks)","탍eas abiertas, sin o con poca vegetaci줻",33,"Zonas quemadas",334,334,152,"Sparse shrub (<15%)"
"141",600,"Zonas rocosas continentales y desiertos","Continental rocky areas and deserts","6","Rocky Areas (e.g., inland cliffs, mountain peaks)","탍eas abiertas, sin o con poca vegetaci줻",33,"Zonas glaciares y nivales",335,335,152,"Sparse shrub (<15%)"
"142",600,"Zonas rocosas continentales y desiertos","Continental rocky areas and deserts","6","Rocky Areas (e.g., inland cliffs, mountain peaks)","탍eas abiertas, sin o con poca vegetaci줻",33,"Zonas arenosas naturales",331,3311,152,"Sparse shrub (<15%)"
"143",600,"Zonas rocosas continentales y desiertos","Continental rocky areas and deserts","6","Rocky Areas (e.g., inland cliffs, mountain peaks)","탍eas abiertas, sin o con poca vegetaci줻",33,"Zonas arenosas naturales",331,3312,152,"Sparse shrub (<15%)"
"144",600,"Zonas rocosas continentales y desiertos","Continental rocky areas and deserts","6","Rocky Areas (e.g., inland cliffs, mountain peaks)","탍eas abiertas, sin o con poca vegetaci줻",33,"Zonas arenosas naturales",331,3313,152,"Sparse shrub (<15%)"
"145",600,"Zonas rocosas continentales y desiertos","Continental rocky areas and deserts","6","Rocky Areas (e.g., inland cliffs, mountain peaks)","탍eas abiertas, sin o con poca vegetaci줻",33,"Zonas arenosas naturales",331,331,153,"Sparse herbaceous cover (<15%)"
"146",600,"Zonas rocosas continentales y desiertos","Continental rocky areas and deserts","6","Rocky Areas (e.g., inland cliffs, mountain peaks)","탍eas abiertas, sin o con poca vegetaci줻",33,"Afloraminetos rocosos",332,332,153,"Sparse herbaceous cover (<15%)"
"147",600,"Zonas rocosas continentales y desiertos","Continental rocky areas and deserts","6","Rocky Areas (e.g., inland cliffs, mountain peaks)","탍eas abiertas, sin o con poca vegetaci줻",33,"Tierras desnudas y degradadas",333,333,153,"Sparse herbaceous cover (<15%)"
"148",600,"Zonas rocosas continentales y desiertos","Continental rocky areas and deserts","6","Rocky Areas (e.g., inland cliffs, mountain peaks)","탍eas abiertas, sin o con poca vegetaci줻",33,"Zonas quemadas",334,334,153,"Sparse herbaceous cover (<15%)"
"149",600,"Zonas rocosas continentales y desiertos","Continental rocky areas and deserts","6","Rocky Areas (e.g., inland cliffs, mountain peaks)","탍eas abiertas, sin o con poca vegetaci줻",33,"Zonas glaciares y nivales",335,335,153,"Sparse herbaceous cover (<15%)"
"150",600,"Zonas rocosas continentales y desiertos","Continental rocky areas and deserts","6","Rocky Areas (e.g., inland cliffs, mountain peaks)","탍eas abiertas, sin o con poca vegetaci줻",33,"Zonas arenosas naturales",331,3311,153,"Sparse herbaceous cover (<15%)"
"151",600,"Zonas rocosas continentales y desiertos","Continental rocky areas and deserts","6","Rocky Areas (e.g., inland cliffs, mountain peaks)","탍eas abiertas, sin o con poca vegetaci줻",33,"Zonas arenosas naturales",331,3312,153,"Sparse herbaceous cover (<15%)"
"152",600,"Zonas rocosas continentales y desiertos","Continental rocky areas and deserts","6","Rocky Areas (e.g., inland cliffs, mountain peaks)","탍eas abiertas, sin o con poca vegetaci줻",33,"Zonas arenosas naturales",331,3313,153,"Sparse herbaceous cover (<15%)"
"153",600,"Zonas rocosas continentales y desiertos","Continental rocky areas and deserts","6","Rocky Areas (e.g., inland cliffs, mountain peaks)","탍eas abiertas, sin o con poca vegetaci줻",33,"Zonas arenosas naturales",331,331,200,"Sparse Vegetation and Bare areas"
"154",600,"Zonas rocosas continentales y desiertos","Continental rocky areas and deserts","6","Rocky Areas (e.g., inland cliffs, mountain peaks)","탍eas abiertas, sin o con poca vegetaci줻",33,"Afloraminetos rocosos",332,332,200,"Sparse Vegetation and Bare areas"
"155",600,"Zonas rocosas continentales y desiertos","Continental rocky areas and deserts","6","Rocky Areas (e.g., inland cliffs, mountain peaks)","탍eas abiertas, sin o con poca vegetaci줻",33,"Tierras desnudas y degradadas",333,333,200,"Sparse Vegetation and Bare areas"
"156",600,"Zonas rocosas continentales y desiertos","Continental rocky areas and deserts","6","Rocky Areas (e.g., inland cliffs, mountain peaks)","탍eas abiertas, sin o con poca vegetaci줻",33,"Zonas quemadas",334,334,200,"Sparse Vegetation and Bare areas"
"157",600,"Zonas rocosas continentales y desiertos","Continental rocky areas and deserts","6","Rocky Areas (e.g., inland cliffs, mountain peaks)","탍eas abiertas, sin o con poca vegetaci줻",33,"Zonas glaciares y nivales",335,335,200,"Sparse Vegetation and Bare areas"
"158",600,"Zonas rocosas continentales y desiertos","Continental rocky areas and deserts","6","Rocky Areas (e.g., inland cliffs, mountain peaks)","탍eas abiertas, sin o con poca vegetaci줻",33,"Zonas arenosas naturales",331,3311,200,"Sparse Vegetation and Bare areas"
"159",600,"Zonas rocosas continentales y desiertos","Continental rocky areas and deserts","6","Rocky Areas (e.g., inland cliffs, mountain peaks)","탍eas abiertas, sin o con poca vegetaci줻",33,"Zonas arenosas naturales",331,3312,200,"Sparse Vegetation and Bare areas"
"160",600,"Zonas rocosas continentales y desiertos","Continental rocky areas and deserts","6","Rocky Areas (e.g., inland cliffs, mountain peaks)","탍eas abiertas, sin o con poca vegetaci줻",33,"Zonas arenosas naturales",331,3313,200,"Sparse Vegetation and Bare areas"
"161",600,"Zonas rocosas continentales y desiertos","Continental rocky areas and deserts","6","Rocky Areas (e.g., inland cliffs, mountain peaks)","탍eas abiertas, sin o con poca vegetaci줻",33,"Zonas arenosas naturales",331,331,201,"Consolidated bare areas"
"162",600,"Zonas rocosas continentales y desiertos","Continental rocky areas and deserts","6","Rocky Areas (e.g., inland cliffs, mountain peaks)","탍eas abiertas, sin o con poca vegetaci줻",33,"Afloraminetos rocosos",332,332,201,"Consolidated bare areas"
"163",600,"Zonas rocosas continentales y desiertos","Continental rocky areas and deserts","6","Rocky Areas (e.g., inland cliffs, mountain peaks)","탍eas abiertas, sin o con poca vegetaci줻",33,"Tierras desnudas y degradadas",333,333,201,"Consolidated bare areas"
"164",600,"Zonas rocosas continentales y desiertos","Continental rocky areas and deserts","6","Rocky Areas (e.g., inland cliffs, mountain peaks)","탍eas abiertas, sin o con poca vegetaci줻",33,"Zonas quemadas",334,334,201,"Consolidated bare areas"
"165",600,"Zonas rocosas continentales y desiertos","Continental rocky areas and deserts","6","Rocky Areas (e.g., inland cliffs, mountain peaks)","탍eas abiertas, sin o con poca vegetaci줻",33,"Zonas glaciares y nivales",335,335,201,"Consolidated bare areas"
"166",600,"Zonas rocosas continentales y desiertos","Continental rocky areas and deserts","6","Rocky Areas (e.g., inland cliffs, mountain peaks)","탍eas abiertas, sin o con poca vegetaci줻",33,"Zonas arenosas naturales",331,3311,201,"Consolidated bare areas"
"167",600,"Zonas rocosas continentales y desiertos","Continental rocky areas and deserts","6","Rocky Areas (e.g., inland cliffs, mountain peaks)","탍eas abiertas, sin o con poca vegetaci줻",33,"Zonas arenosas naturales",331,3312,201,"Consolidated bare areas"
"168",600,"Zonas rocosas continentales y desiertos","Continental rocky areas and deserts","6","Rocky Areas (e.g., inland cliffs, mountain peaks)","탍eas abiertas, sin o con poca vegetaci줻",33,"Zonas arenosas naturales",331,3313,201,"Consolidated bare areas"
"169",600,"Zonas rocosas continentales y desiertos","Continental rocky areas and deserts","6","Rocky Areas (e.g., inland cliffs, mountain peaks)","탍eas abiertas, sin o con poca vegetaci줻",33,"Zonas arenosas naturales",331,331,202,"Unconsolidated bare areas"
"170",600,"Zonas rocosas continentales y desiertos","Continental rocky areas and deserts","6","Rocky Areas (e.g., inland cliffs, mountain peaks)","탍eas abiertas, sin o con poca vegetaci줻",33,"Afloraminetos rocosos",332,332,202,"Unconsolidated bare areas"
"171",600,"Zonas rocosas continentales y desiertos","Continental rocky areas and deserts","6","Rocky Areas (e.g., inland cliffs, mountain peaks)","탍eas abiertas, sin o con poca vegetaci줻",33,"Tierras desnudas y degradadas",333,333,202,"Unconsolidated bare areas"
"172",600,"Zonas rocosas continentales y desiertos","Continental rocky areas and deserts","6","Rocky Areas (e.g., inland cliffs, mountain peaks)","탍eas abiertas, sin o con poca vegetaci줻",33,"Zonas quemadas",334,334,202,"Unconsolidated bare areas"
"173",600,"Zonas rocosas continentales y desiertos","Continental rocky areas and deserts","6","Rocky Areas (e.g., inland cliffs, mountain peaks)","탍eas abiertas, sin o con poca vegetaci줻",33,"Zonas glaciares y nivales",335,335,202,"Unconsolidated bare areas"
"174",600,"Zonas rocosas continentales y desiertos","Continental rocky areas and deserts","6","Rocky Areas (e.g., inland cliffs, mountain peaks)","탍eas abiertas, sin o con poca vegetaci줻",33,"Zonas arenosas naturales",331,3311,202,"Unconsolidated bare areas"
"175",600,"Zonas rocosas continentales y desiertos","Continental rocky areas and deserts","6","Rocky Areas (e.g., inland cliffs, mountain peaks)","탍eas abiertas, sin o con poca vegetaci줻",33,"Zonas arenosas naturales",331,3312,202,"Unconsolidated bare areas"
"176",600,"Zonas rocosas continentales y desiertos","Continental rocky areas and deserts","6","Rocky Areas (e.g., inland cliffs, mountain peaks)","탍eas abiertas, sin o con poca vegetaci줻",33,"Zonas arenosas naturales",331,3313,202,"Unconsolidated bare areas"
"177",600,"Zonas rocosas continentales y desiertos","Continental rocky areas and deserts","8","Desert","탍eas abiertas, sin o con poca vegetaci줻",33,"Zonas arenosas naturales",331,331,150,"Sparse Vegetation and Bare areas"
"178",600,"Zonas rocosas continentales y desiertos","Continental rocky areas and deserts","8","Desert","탍eas abiertas, sin o con poca vegetaci줻",33,"Afloraminetos rocosos",332,332,150,"Sparse Vegetation and Bare areas"
"179",600,"Zonas rocosas continentales y desiertos","Continental rocky areas and deserts","8","Desert","탍eas abiertas, sin o con poca vegetaci줻",33,"Tierras desnudas y degradadas",333,333,150,"Sparse Vegetation and Bare areas"
"180",600,"Zonas rocosas continentales y desiertos","Continental rocky areas and deserts","8","Desert","탍eas abiertas, sin o con poca vegetaci줻",33,"Zonas quemadas",334,334,150,"Sparse Vegetation and Bare areas"
"181",600,"Zonas rocosas continentales y desiertos","Continental rocky areas and deserts","8","Desert","탍eas abiertas, sin o con poca vegetaci줻",33,"Zonas glaciares y nivales",335,335,150,"Sparse Vegetation and Bare areas"
"182",600,"Zonas rocosas continentales y desiertos","Continental rocky areas and deserts","8","Desert","탍eas abiertas, sin o con poca vegetaci줻",33,"Zonas arenosas naturales",331,3311,150,"Sparse Vegetation and Bare areas"
"183",600,"Zonas rocosas continentales y desiertos","Continental rocky areas and deserts","8","Desert","탍eas abiertas, sin o con poca vegetaci줻",33,"Zonas arenosas naturales",331,3312,150,"Sparse Vegetation and Bare areas"
"184",600,"Zonas rocosas continentales y desiertos","Continental rocky areas and deserts","8","Desert","탍eas abiertas, sin o con poca vegetaci줻",33,"Zonas arenosas naturales",331,3313,150,"Sparse Vegetation and Bare areas"
"185",600,"Zonas rocosas continentales y desiertos","Continental rocky areas and deserts","8","Desert","탍eas abiertas, sin o con poca vegetaci줻",33,"Zonas arenosas naturales",331,331,151,"Sparse tree (<15%)"
"186",600,"Zonas rocosas continentales y desiertos","Continental rocky areas and deserts","8","Desert","탍eas abiertas, sin o con poca vegetaci줻",33,"Afloraminetos rocosos",332,332,151,"Sparse tree (<15%)"
"187",600,"Zonas rocosas continentales y desiertos","Continental rocky areas and deserts","8","Desert","탍eas abiertas, sin o con poca vegetaci줻",33,"Tierras desnudas y degradadas",333,333,151,"Sparse tree (<15%)"
"188",600,"Zonas rocosas continentales y desiertos","Continental rocky areas and deserts","8","Desert","탍eas abiertas, sin o con poca vegetaci줻",33,"Zonas quemadas",334,334,151,"Sparse tree (<15%)"
"189",600,"Zonas rocosas continentales y desiertos","Continental rocky areas and deserts","8","Desert","탍eas abiertas, sin o con poca vegetaci줻",33,"Zonas glaciares y nivales",335,335,151,"Sparse tree (<15%)"
"190",600,"Zonas rocosas continentales y desiertos","Continental rocky areas and deserts","8","Desert","탍eas abiertas, sin o con poca vegetaci줻",33,"Zonas arenosas naturales",331,3311,151,"Sparse tree (<15%)"
"191",600,"Zonas rocosas continentales y desiertos","Continental rocky areas and deserts","8","Desert","탍eas abiertas, sin o con poca vegetaci줻",33,"Zonas arenosas naturales",331,3312,151,"Sparse tree (<15%)"
"192",600,"Zonas rocosas continentales y desiertos","Continental rocky areas and deserts","8","Desert","탍eas abiertas, sin o con poca vegetaci줻",33,"Zonas arenosas naturales",331,3313,151,"Sparse tree (<15%)"
"193",600,"Zonas rocosas continentales y desiertos","Continental rocky areas and deserts","8","Desert","탍eas abiertas, sin o con poca vegetaci줻",33,"Zonas arenosas naturales",331,331,152,"Sparse shrub (<15%)"
"194",600,"Zonas rocosas continentales y desiertos","Continental rocky areas and deserts","8","Desert","탍eas abiertas, sin o con poca vegetaci줻",33,"Afloraminetos rocosos",332,332,152,"Sparse shrub (<15%)"
"195",600,"Zonas rocosas continentales y desiertos","Continental rocky areas and deserts","8","Desert","탍eas abiertas, sin o con poca vegetaci줻",33,"Tierras desnudas y degradadas",333,333,152,"Sparse shrub (<15%)"
"196",600,"Zonas rocosas continentales y desiertos","Continental rocky areas and deserts","8","Desert","탍eas abiertas, sin o con poca vegetaci줻",33,"Zonas quemadas",334,334,152,"Sparse shrub (<15%)"
"197",600,"Zonas rocosas continentales y desiertos","Continental rocky areas and deserts","8","Desert","탍eas abiertas, sin o con poca vegetaci줻",33,"Zonas glaciares y nivales",335,335,152,"Sparse shrub (<15%)"
"198",600,"Zonas rocosas continentales y desiertos","Continental rocky areas and deserts","8","Desert","탍eas abiertas, sin o con poca vegetaci줻",33,"Zonas arenosas naturales",331,3311,152,"Sparse shrub (<15%)"
"199",600,"Zonas rocosas continentales y desiertos","Continental rocky areas and deserts","8","Desert","탍eas abiertas, sin o con poca vegetaci줻",33,"Zonas arenosas naturales",331,3312,152,"Sparse shrub (<15%)"
"200",600,"Zonas rocosas continentales y desiertos","Continental rocky areas and deserts","8","Desert","탍eas abiertas, sin o con poca vegetaci줻",33,"Zonas arenosas naturales",331,3313,152,"Sparse shrub (<15%)"
"201",600,"Zonas rocosas continentales y desiertos","Continental rocky areas and deserts","8","Desert","탍eas abiertas, sin o con poca vegetaci줻",33,"Zonas arenosas naturales",331,331,153,"Sparse herbaceous cover (<15%)"
"202",600,"Zonas rocosas continentales y desiertos","Continental rocky areas and deserts","8","Desert","탍eas abiertas, sin o con poca vegetaci줻",33,"Afloraminetos rocosos",332,332,153,"Sparse herbaceous cover (<15%)"
"203",600,"Zonas rocosas continentales y desiertos","Continental rocky areas and deserts","8","Desert","탍eas abiertas, sin o con poca vegetaci줻",33,"Tierras desnudas y degradadas",333,333,153,"Sparse herbaceous cover (<15%)"
"204",600,"Zonas rocosas continentales y desiertos","Continental rocky areas and deserts","8","Desert","탍eas abiertas, sin o con poca vegetaci줻",33,"Zonas quemadas",334,334,153,"Sparse herbaceous cover (<15%)"
"205",600,"Zonas rocosas continentales y desiertos","Continental rocky areas and deserts","8","Desert","탍eas abiertas, sin o con poca vegetaci줻",33,"Zonas glaciares y nivales",335,335,153,"Sparse herbaceous cover (<15%)"
"206",600,"Zonas rocosas continentales y desiertos","Continental rocky areas and deserts","8","Desert","탍eas abiertas, sin o con poca vegetaci줻",33,"Zonas arenosas naturales",331,3311,153,"Sparse herbaceous cover (<15%)"
"207",600,"Zonas rocosas continentales y desiertos","Continental rocky areas and deserts","8","Desert","탍eas abiertas, sin o con poca vegetaci줻",33,"Zonas arenosas naturales",331,3312,153,"Sparse herbaceous cover (<15%)"
"208",600,"Zonas rocosas continentales y desiertos","Continental rocky areas and deserts","8","Desert","탍eas abiertas, sin o con poca vegetaci줻",33,"Zonas arenosas naturales",331,3313,153,"Sparse herbaceous cover (<15%)"
"209",600,"Zonas rocosas continentales y desiertos","Continental rocky areas and deserts","8","Desert","탍eas abiertas, sin o con poca vegetaci줻",33,"Zonas arenosas naturales",331,331,200,"Sparse Vegetation and Bare areas"
"210",600,"Zonas rocosas continentales y desiertos","Continental rocky areas and deserts","8","Desert","탍eas abiertas, sin o con poca vegetaci줻",33,"Afloraminetos rocosos",332,332,200,"Sparse Vegetation and Bare areas"
"211",600,"Zonas rocosas continentales y desiertos","Continental rocky areas and deserts","8","Desert","탍eas abiertas, sin o con poca vegetaci줻",33,"Tierras desnudas y degradadas",333,333,200,"Sparse Vegetation and Bare areas"
"212",600,"Zonas rocosas continentales y desiertos","Continental rocky areas and deserts","8","Desert","탍eas abiertas, sin o con poca vegetaci줻",33,"Zonas quemadas",334,334,200,"Sparse Vegetation and Bare areas"
"213",600,"Zonas rocosas continentales y desiertos","Continental rocky areas and deserts","8","Desert","탍eas abiertas, sin o con poca vegetaci줻",33,"Zonas glaciares y nivales",335,335,200,"Sparse Vegetation and Bare areas"
"214",600,"Zonas rocosas continentales y desiertos","Continental rocky areas and deserts","8","Desert","탍eas abiertas, sin o con poca vegetaci줻",33,"Zonas arenosas naturales",331,3311,200,"Sparse Vegetation and Bare areas"
"215",600,"Zonas rocosas continentales y desiertos","Continental rocky areas and deserts","8","Desert","탍eas abiertas, sin o con poca vegetaci줻",33,"Zonas arenosas naturales",331,3312,200,"Sparse Vegetation and Bare areas"
"216",600,"Zonas rocosas continentales y desiertos","Continental rocky areas and deserts","8","Desert","탍eas abiertas, sin o con poca vegetaci줻",33,"Zonas arenosas naturales",331,3313,200,"Sparse Vegetation and Bare areas"
"217",600,"Zonas rocosas continentales y desiertos","Continental rocky areas and deserts","8","Desert","탍eas abiertas, sin o con poca vegetaci줻",33,"Zonas arenosas naturales",331,331,201,"Consolidated bare areas"
"218",600,"Zonas rocosas continentales y desiertos","Continental rocky areas and deserts","8","Desert","탍eas abiertas, sin o con poca vegetaci줻",33,"Afloraminetos rocosos",332,332,201,"Consolidated bare areas"
"219",600,"Zonas rocosas continentales y desiertos","Continental rocky areas and deserts","8","Desert","탍eas abiertas, sin o con poca vegetaci줻",33,"Tierras desnudas y degradadas",333,333,201,"Consolidated bare areas"
"220",600,"Zonas rocosas continentales y desiertos","Continental rocky areas and deserts","8","Desert","탍eas abiertas, sin o con poca vegetaci줻",33,"Zonas quemadas",334,334,201,"Consolidated bare areas"
"221",600,"Zonas rocosas continentales y desiertos","Continental rocky areas and deserts","8","Desert","탍eas abiertas, sin o con poca vegetaci줻",33,"Zonas glaciares y nivales",335,335,201,"Consolidated bare areas"
"222",600,"Zonas rocosas continentales y desiertos","Continental rocky areas and deserts","8","Desert","탍eas abiertas, sin o con poca vegetaci줻",33,"Zonas arenosas naturales",331,3311,201,"Consolidated bare areas"
"223",600,"Zonas rocosas continentales y desiertos","Continental rocky areas and deserts","8","Desert","탍eas abiertas, sin o con poca vegetaci줻",33,"Zonas arenosas naturales",331,3312,201,"Consolidated bare areas"
"224",600,"Zonas rocosas continentales y desiertos","Continental rocky areas and deserts","8","Desert","탍eas abiertas, sin o con poca vegetaci줻",33,"Zonas arenosas naturales",331,3313,201,"Consolidated bare areas"
"225",600,"Zonas rocosas continentales y desiertos","Continental rocky areas and deserts","8","Desert","탍eas abiertas, sin o con poca vegetaci줻",33,"Zonas arenosas naturales",331,331,202,"Unconsolidated bare areas"
"226",600,"Zonas rocosas continentales y desiertos","Continental rocky areas and deserts","8","Desert","탍eas abiertas, sin o con poca vegetaci줻",33,"Afloraminetos rocosos",332,332,202,"Unconsolidated bare areas"
"227",600,"Zonas rocosas continentales y desiertos","Continental rocky areas and deserts","8","Desert","탍eas abiertas, sin o con poca vegetaci줻",33,"Tierras desnudas y degradadas",333,333,202,"Unconsolidated bare areas"
"228",600,"Zonas rocosas continentales y desiertos","Continental rocky areas and deserts","8","Desert","탍eas abiertas, sin o con poca vegetaci줻",33,"Zonas quemadas",334,334,202,"Unconsolidated bare areas"
"229",600,"Zonas rocosas continentales y desiertos","Continental rocky areas and deserts","8","Desert","탍eas abiertas, sin o con poca vegetaci줻",33,"Zonas glaciares y nivales",335,335,202,"Unconsolidated bare areas"
"230",600,"Zonas rocosas continentales y desiertos","Continental rocky areas and deserts","8","Desert","탍eas abiertas, sin o con poca vegetaci줻",33,"Zonas arenosas naturales",331,3311,202,"Unconsolidated bare areas"
"231",600,"Zonas rocosas continentales y desiertos","Continental rocky areas and deserts","8","Desert","탍eas abiertas, sin o con poca vegetaci줻",33,"Zonas arenosas naturales",331,3312,202,"Unconsolidated bare areas"
"232",600,"Zonas rocosas continentales y desiertos","Continental rocky areas and deserts","8","Desert","탍eas abiertas, sin o con poca vegetaci줻",33,"Zonas arenosas naturales",331,3313,202,"Unconsolidated bare areas"
"233",1300,"Marinas/costeras Supramareales","Marine/Coastal Supratidal","13","Marine Coastal/Supratidal","탍eas h즡edas costeras",42,"Pantanos costeros",421,421,210,"Water bodies"
"234",1300,"Marinas/costeras Supramareales","Marine/Coastal Supratidal","13","Marine Coastal/Supratidal","탍eas h즡edas costeras",42,"Salitral",422,422,210,"Water bodies"
"235",1300,"Marinas/costeras Supramareales","Marine/Coastal Supratidal","13","Marine Coastal/Supratidal","탍eas h즡edas costeras",42,"Sedimentos expuestos en bajamar",423,423,210,"Water bodies"
"236",1300,"Marinas/costeras Supramareales","Marine/Coastal Supratidal","13","Marine Coastal/Supratidal","Aguas mar죜imas",52,"Lagunas costeras",521,521,210,"Water bodies"
"237",1401,"Tierras cultivables y plantaciones","Arable land and plantations","14.1","Arable Land","Cultivos transitorios",21,"Otros cultivos transitorios",211,211,20,"Cropland, irrigated or post-flooding"
"238",1401,"Tierras cultivables y plantaciones","Arable land and plantations","14.1","Arable Land","Cultivos transitorios",21,"Otros Cereales",212,212,10,"Cropland, rainfed"
"239",1401,"Tierras cultivables y plantaciones","Arable land and plantations","14.1","Arable Land","Cultivos transitorios",21,"Otras Oleaginosas y leguminosas",213,213,20,"Cropland, irrigated or post-flooding"
"240",1401,"Tierras cultivables y plantaciones","Arable land and plantations","14.1","Arable Land","Cultivos transitorios",21,"Otras Hortalizas",214,214,10,"Cropland, rainfed"
"241",1401,"Tierras cultivables y plantaciones","Arable land and plantations","14.1","Arable Land","Cultivos transitorios",21,"Otros Tuberculos",215,215,10,"Cropland, rainfed"
"242",1401,"Tierras cultivables y plantaciones","Arable land and plantations","14.1","Arable Land","Cultivos permanentes",22,"Otros cultivos permanentes herbaceos",221,221,11,"Herbaceous cover"
"243",1401,"Tierras cultivables y plantaciones","Arable land and plantations","14.1","Arable Land","Cultivos permanentes",22,"Caf",222,222,12,"Tree or shrub cover"
"244",1401,"Tierras cultivables y plantaciones","Arable land and plantations","14.1","Arable Land","Cultivos permanentes",22,"Palma de aceite",223,223,12,"Tree or shrub cover"
"245",1401,"Tierras cultivables y plantaciones","Arable land and plantations","14.1","Arable Land","Cultivos permanentes",22,"Cultivos agroforestales",224,224,12,"Tree or shrub cover"
"246",1401,"Tierras cultivables y plantaciones","Arable land and plantations","14.1","Arable Land","Cultivos permanentes",22,"Cultivos confinados",225,225,20,"Cropland, irrigated or post-flooding"
"247",1401,"Tierras cultivables y plantaciones","Arable land and plantations","14.1","Arable Land","탍eas agr죅olas heterog굈eas",24,"Mosaico de cultivos",241,241,30,"Mosaic cropland (>50%) / natural vegetation (tree, shrub, herbaceous cover) (<50%)"
"248",1401,"Tierras cultivables y plantaciones","Arable land and plantations","14.1","Arable Land","탍eas agr죅olas heterog굈eas",24,"Mosaico de pastos y cultivos",242,242,30,"Mosaic cropland (>50%) / natural vegetation (tree, shrub, herbaceous cover) (<50%)"
"249",1401,"Tierras cultivables y plantaciones","Arable land and plantations","14.1","Arable Land","탍eas agr죅olas heterog굈eas",24,"Mosaico de cultivos pastos y espacios naturales",243,243,30,"Mosaic cropland (>50%) / natural vegetation (tree, shrub, herbaceous cover) (<50%)"
"250",1401,"Tierras cultivables y plantaciones","Arable land and plantations","14.1","Arable Land","탍eas agr죅olas heterog굈eas",24,"Mosaico de cultivos y espacios naturales",245,245,30,"Mosaic cropland (>50%) / natural vegetation (tree, shrub, herbaceous cover) (<50%)"
"251",1401,"Tierras cultivables y plantaciones","Arable land and plantations","14.1","Arable Land","Bosques",31,"Plantaci줻 forestal",315,315,12,"Tree or shrub cover"
"252",1401,"Tierras cultivables y plantaciones","Arable land and plantations","14.1","Arable Land","Cultivos transitorios",21,"Otros Cereales",212,2121,10,"Cropland, rainfed"
"253",1401,"Tierras cultivables y plantaciones","Arable land and plantations","14.1","Arable Land","Cultivos transitorios",21,"Otros Cereales",212,2122,10,"Cropland, rainfed"
"254",1401,"Tierras cultivables y plantaciones","Arable land and plantations","14.1","Arable Land","Cultivos transitorios",21,"Otros Cereales",212,2123,10,"Cropland, rainfed"
"255",1401,"Tierras cultivables y plantaciones","Arable land and plantations","14.1","Arable Land","Cultivos transitorios",21,"Otras Oleaginosas y leguminosas",213,2131,20,"Cropland, irrigated or post-flooding"
"256",1401,"Tierras cultivables y plantaciones","Arable land and plantations","14.1","Arable Land","Cultivos transitorios",21,"Otras Oleaginosas y leguminosas",213,2134,20,"Cropland, irrigated or post-flooding"
"257",1401,"Tierras cultivables y plantaciones","Arable land and plantations","14.1","Arable Land","Cultivos transitorios",21,"Otras Hostalizas",214,2141,10,"Cropland, rainfed"
"258",1401,"Tierras cultivables y plantaciones","Arable land and plantations","14.1","Arable Land","Cultivos transitorios",21,"Otros Tuberculos",215,2151,10,"Cropland, rainfed"
"259",1401,"Tierras cultivables y plantaciones","Arable land and plantations","14.1","Arable Land","Cultivos permanentes",22,"Otros cultivos permanentes herbaceos",221,2211,11,"Herbaceous cover"
"260",1401,"Tierras cultivables y plantaciones","Arable land and plantations","14.1","Arable Land","Cultivos permanentes",22,"Otros cultivos permanentes herbaceos",221,2212,11,"Herbaceous cover"
"261",1401,"Tierras cultivables y plantaciones","Arable land and plantations","14.1","Arable Land","Cultivos permanentes",22,"Otros cultivos permanentes herbaceos",221,2213,11,"Herbaceous cover"
"262",1401,"Tierras cultivables y plantaciones","Arable land and plantations","14.1","Arable Land","Cultivos permanentes",22,"Caf",222,2221,12,"Tree or shrub cover"
"263",1401,"Tierras cultivables y plantaciones","Arable land and plantations","14.1","Arable Land","Cultivos permanentes",22,"Caf",222,2222,12,"Tree or shrub cover"
"264",1401,"Tierras cultivables y plantaciones","Arable land and plantations","14.1","Arable Land","Cultivos permanentes",22,"Caf",222,2223,12,"Tree or shrub cover"
"265",1401,"Tierras cultivables y plantaciones","Arable land and plantations","14.1","Arable Land","Cultivos permanentes",22,"Caf",222,2224,12,"Tree or shrub cover"
"266",1401,"Tierras cultivables y plantaciones","Arable land and plantations","14.1","Arable Land","Cultivos permanentes",22,"Palma de aceite",223,2231,12,"Tree or shrub cover"
"267",1401,"Tierras cultivables y plantaciones","Arable land and plantations","14.1","Arable Land","Cultivos permanentes",22,"Palma de aceite",223,2232,12,"Tree or shrub cover"
"268",1401,"Tierras cultivables y plantaciones","Arable land and plantations","14.1","Arable Land","Cultivos permanentes",22,"Palma de aceite",223,2233,12,"Tree or shrub cover"
"269",1401,"Tierras cultivables y plantaciones","Arable land and plantations","14.1","Arable Land","Cultivos permanentes",22,"Palma de aceite",223,2234,12,"Tree or shrub cover"
"270",1401,"Tierras cultivables y plantaciones","Arable land and plantations","14.1","Arable Land","Cultivos permanentes",22,"Cultivos agroforestales",224,2241,12,"Tree or shrub cover"
"271",1401,"Tierras cultivables y plantaciones","Arable land and plantations","14.1","Arable Land","Cultivos permanentes",22,"Cultivos agroforestales",224,2242,12,"Tree or shrub cover"
"272",1401,"Tierras cultivables y plantaciones","Arable land and plantations","14.1","Arable Land","Bosques",31,"Plantaci줻 forestal",315,3151,12,"Tree or shrub cover"
"273",1401,"Tierras cultivables y plantaciones","Arable land and plantations","14.1","Arable Land","Bosques",31,"Plantaci줻 forestal",315,3152,12,"Tree or shrub cover"
"274",1401,"Tierras cultivables y plantaciones","Arable land and plantations","14.1","Arable Land","Cultivos permanentes",22,"Otros cultivos permanentes herbaceos",221,22121,11,"Herbaceous cover"
"275",1401,"Tierras cultivables y plantaciones","Arable land and plantations","14.1","Arable Land","Cultivos permanentes",22,"Otros cultivos permanentes herbaceos",221,22122,11,"Herbaceous cover"
"276",1401,"Tierras cultivables y plantaciones","Arable land and plantations","14.3","Plantations","Cultivos transitorios",21,"Otros cultivos transitorios",211,211,20,"Cropland, irrigated or post-flooding"
"277",1401,"Tierras cultivables y plantaciones","Arable land and plantations","14.3","Plantations","Cultivos transitorios",21,"Otros Cereales",212,212,10,"Cropland, rainfed"
"278",1401,"Tierras cultivables y plantaciones","Arable land and plantations","14.3","Plantations","Cultivos transitorios",21,"Otras Oleaginosas y leguminosas",213,213,20,"Cropland, irrigated or post-flooding"
"279",1401,"Tierras cultivables y plantaciones","Arable land and plantations","14.3","Plantations","Cultivos transitorios",21,"Otras Hortalizas",214,214,10,"Cropland, rainfed"
"280",1401,"Tierras cultivables y plantaciones","Arable land and plantations","14.3","Plantations","Cultivos transitorios",21,"Otros Tuberculos",215,215,10,"Cropland, rainfed"
"281",1401,"Tierras cultivables y plantaciones","Arable land and plantations","14.3","Plantations","Cultivos permanentes",22,"Otros cultivos permanentes herbaceos",221,221,11,"Herbaceous cover"
"282",1401,"Tierras cultivables y plantaciones","Arable land and plantations","14.3","Plantations","Cultivos permanentes",22,"Caf",222,222,12,"Tree or shrub cover"
"283",1401,"Tierras cultivables y plantaciones","Arable land and plantations","14.3","Plantations","Cultivos permanentes",22,"Palma de aceite",223,223,12,"Tree or shrub cover"
"284",1401,"Tierras cultivables y plantaciones","Arable land and plantations","14.3","Plantations","Cultivos permanentes",22,"Cultivos agroforestales",224,224,12,"Tree or shrub cover"
"285",1401,"Tierras cultivables y plantaciones","Arable land and plantations","14.3","Plantations","Cultivos permanentes",22,"Cultivos confinados",225,225,20,"Cropland, irrigated or post-flooding"
"286",1401,"Tierras cultivables y plantaciones","Arable land and plantations","14.3","Plantations","탍eas agr죅olas heterog굈eas",24,"Mosaico de cultivos",241,241,30,"Mosaic cropland (>50%) / natural vegetation (tree, shrub, herbaceous cover) (<50%)"
"287",1401,"Tierras cultivables y plantaciones","Arable land and plantations","14.3","Plantations","탍eas agr죅olas heterog굈eas",24,"Mosaico de pastos y cultivos",242,242,30,"Mosaic cropland (>50%) / natural vegetation (tree, shrub, herbaceous cover) (<50%)"
"288",1401,"Tierras cultivables y plantaciones","Arable land and plantations","14.3","Plantations","탍eas agr죅olas heterog굈eas",24,"Mosaico de cultivos pastos y espacios naturales",243,243,30,"Mosaic cropland (>50%) / natural vegetation (tree, shrub, herbaceous cover) (<50%)"
"289",1401,"Tierras cultivables y plantaciones","Arable land and plantations","14.3","Plantations","탍eas agr죅olas heterog굈eas",24,"Mosaico de cultivos y espacios naturales",245,245,30,"Mosaic cropland (>50%) / natural vegetation (tree, shrub, herbaceous cover) (<50%)"
"290",1401,"Tierras cultivables y plantaciones","Arable land and plantations","14.3","Plantations","Bosques",31,"Plantaci줻 forestal",315,315,12,"Tree or shrub cover"
"291",1401,"Tierras cultivables y plantaciones","Arable land and plantations","14.3","Plantations","Cultivos transitorios",21,"Otros Cereales",212,2121,10,"Cropland, rainfed"
"292",1401,"Tierras cultivables y plantaciones","Arable land and plantations","14.3","Plantations","Cultivos transitorios",21,"Otros Cereales",212,2122,10,"Cropland, rainfed"
"293",1401,"Tierras cultivables y plantaciones","Arable land and plantations","14.3","Plantations","Cultivos transitorios",21,"Otros Cereales",212,2123,10,"Cropland, rainfed"
"294",1401,"Tierras cultivables y plantaciones","Arable land and plantations","14.3","Plantations","Cultivos transitorios",21,"Otras Oleaginosas y leguminosas",213,2131,20,"Cropland, irrigated or post-flooding"
"295",1401,"Tierras cultivables y plantaciones","Arable land and plantations","14.3","Plantations","Cultivos transitorios",21,"Otras Oleaginosas y leguminosas",213,2134,20,"Cropland, irrigated or post-flooding"
"296",1401,"Tierras cultivables y plantaciones","Arable land and plantations","14.3","Plantations","Cultivos transitorios",21,"Otras Hostalizas",214,2141,10,"Cropland, rainfed"
"297",1401,"Tierras cultivables y plantaciones","Arable land and plantations","14.3","Plantations","Cultivos transitorios",21,"Otros Tuberculos",215,2151,10,"Cropland, rainfed"
"298",1401,"Tierras cultivables y plantaciones","Arable land and plantations","14.3","Plantations","Cultivos permanentes",22,"Otros cultivos permanentes herbaceos",221,2211,11,"Herbaceous cover"
"299",1401,"Tierras cultivables y plantaciones","Arable land and plantations","14.3","Plantations","Cultivos permanentes",22,"Otros cultivos permanentes herbaceos",221,2212,11,"Herbaceous cover"
"300",1401,"Tierras cultivables y plantaciones","Arable land and plantations","14.3","Plantations","Cultivos permanentes",22,"Otros cultivos permanentes herbaceos",221,2213,11,"Herbaceous cover"
"301",1401,"Tierras cultivables y plantaciones","Arable land and plantations","14.3","Plantations","Cultivos permanentes",22,"Caf",222,2221,12,"Tree or shrub cover"
"302",1401,"Tierras cultivables y plantaciones","Arable land and plantations","14.3","Plantations","Cultivos permanentes",22,"Caf",222,2222,12,"Tree or shrub cover"
"303",1401,"Tierras cultivables y plantaciones","Arable land and plantations","14.3","Plantations","Cultivos permanentes",22,"Caf",222,2223,12,"Tree or shrub cover"
"304",1401,"Tierras cultivables y plantaciones","Arable land and plantations","14.3","Plantations","Cultivos permanentes",22,"Caf",222,2224,12,"Tree or shrub cover"
"305",1401,"Tierras cultivables y plantaciones","Arable land and plantations","14.3","Plantations","Cultivos permanentes",22,"Palma de aceite",223,2231,12,"Tree or shrub cover"
"306",1401,"Tierras cultivables y plantaciones","Arable land and plantations","14.3","Plantations","Cultivos permanentes",22,"Palma de aceite",223,2232,12,"Tree or shrub cover"
"307",1401,"Tierras cultivables y plantaciones","Arable land and plantations","14.3","Plantations","Cultivos permanentes",22,"Palma de aceite",223,2233,12,"Tree or shrub cover"
"308",1401,"Tierras cultivables y plantaciones","Arable land and plantations","14.3","Plantations","Cultivos permanentes",22,"Palma de aceite",223,2234,12,"Tree or shrub cover"
"309",1401,"Tierras cultivables y plantaciones","Arable land and plantations","14.3","Plantations","Cultivos permanentes",22,"Cultivos agroforestales",224,2241,12,"Tree or shrub cover"
"310",1401,"Tierras cultivables y plantaciones","Arable land and plantations","14.3","Plantations","Cultivos permanentes",22,"Cultivos agroforestales",224,2242,12,"Tree or shrub cover"
"311",1401,"Tierras cultivables y plantaciones","Arable land and plantations","14.3","Plantations","Bosques",31,"Plantaci줻 forestal",315,3151,12,"Tree or shrub cover"
"312",1401,"Tierras cultivables y plantaciones","Arable land and plantations","14.3","Plantations","Bosques",31,"Plantaci줻 forestal",315,3152,12,"Tree or shrub cover"
"313",1401,"Tierras cultivables y plantaciones","Arable land and plantations","14.3","Plantations","Cultivos permanentes",22,"Otros cultivos permanentes herbaceos",221,22121,11,"Herbaceous cover"
"314",1401,"Tierras cultivables y plantaciones","Arable land and plantations","14.3","Plantations","Cultivos permanentes",22,"Otros cultivos permanentes herbaceos",221,22122,11,"Herbaceous cover"
"315",1402,"Pastizales","Pastureland","14.2","Pastureland","Pastos",23,"Pastos limpios",231,231,11,"Herbaceous cover"
"316",1402,"Pastizales","Pastureland","14.2","Pastureland","Pastos",23,"Pastos arbolados",232,232,11,"Herbaceous cover"
"317",1402,"Pastizales","Pastureland","14.2","Pastureland","Pastos",23,"Pastos enmalezados",233,233,11,"Herbaceous cover"
"318",1402,"Pastizales","Pastureland","14.2","Pastureland","탍eas agr죅olas heterog굈eas",24,"Mosaico de pastos con espacios naturales",244,244,11,"Herbaceous cover"
"319",1404,"Jardines rurales y zonas urbanas","Rural Gardens and Urban Areas","14.4","Rural Gardens","Zonas urbanizadas",11,"Tejido urbano continuo",111,111,190,"Urban areas"
"320",1404,"Jardines rurales y zonas urbanas","Rural Gardens and Urban Areas","14.4","Rural Gardens","Zonas urbanizadas",11,"Tejido urbano discontinuo",112,112,190,"Urban areas"
"321",1404,"Jardines rurales y zonas urbanas","Rural Gardens and Urban Areas","14.4","Rural Gardens","Zonas industriales o comerciales y redes de comunicaci줻",12,"Zonas industriales o comerciales",121,121,190,"Urban areas"
"322",1404,"Jardines rurales y zonas urbanas","Rural Gardens and Urban Areas","14.4","Rural Gardens","Zonas industriales o comerciales y redes de comunicaci줻",12,"Red vial ferroviaria y terrenos asociados",122,122,190,"Urban areas"
"323",1404,"Jardines rurales y zonas urbanas","Rural Gardens and Urban Areas","14.4","Rural Gardens","Zonas industriales o comerciales y redes de comunicaci줻",12,"Zonas portuarias",123,123,190,"Urban areas"
"324",1404,"Jardines rurales y zonas urbanas","Rural Gardens and Urban Areas","14.4","Rural Gardens","Zonas industriales o comerciales y redes de comunicaci줻",12,"Aeropuertos",124,124,190,"Urban areas"
"325",1404,"Jardines rurales y zonas urbanas","Rural Gardens and Urban Areas","14.4","Rural Gardens","Zonas industriales o comerciales y redes de comunicaci줻",12,"Obras hidrahulicas",125,125,190,"Urban areas"
"326",1404,"Jardines rurales y zonas urbanas","Rural Gardens and Urban Areas","14.4","Rural Gardens","Zonas de extracci줻 minera y escombreras",13,"Zonas de extracci줻 minera",131,131,190,"Urban areas"
"327",1404,"Jardines rurales y zonas urbanas","Rural Gardens and Urban Areas","14.4","Rural Gardens","Zonas de extracci줻 minera y escombreras",13,"Zonas de disposicion de residuos",132,132,190,"Urban areas"
"328",1404,"Jardines rurales y zonas urbanas","Rural Gardens and Urban Areas","14.4","Rural Gardens","Zonas verdes artificializadas, no agr죅olas",14,"zonas verdes urbanas",141,141,190,"Urban areas"
"329",1404,"Jardines rurales y zonas urbanas","Rural Gardens and Urban Areas","14.4","Rural Gardens","Zonas verdes artificializadas, no agr죅olas",14,"Instalaci줻 recreativa",142,142,190,"Urban areas"
"330",1404,"Jardines rurales y zonas urbanas","Rural Gardens and Urban Areas","14.4","Rural Gardens","Zonas industriales o comerciales y redes de comunicaci줻",12,"Zonas industriales o comerciales",121,1211,190,"Urban areas"
"331",1404,"Jardines rurales y zonas urbanas","Rural Gardens and Urban Areas","14.4","Rural Gardens","Zonas industriales o comerciales y redes de comunicaci줻",12,"Zonas industriales o comerciales",121,1212,190,"Urban areas"
"332",1404,"Jardines rurales y zonas urbanas","Rural Gardens and Urban Areas","14.4","Rural Gardens","Zonas industriales o comerciales y redes de comunicaci줻",12,"Red vial ferroviaria y terrenos asociados",122,1221,190,"Urban areas"
"333",1404,"Jardines rurales y zonas urbanas","Rural Gardens and Urban Areas","14.4","Rural Gardens","Zonas industriales o comerciales y redes de comunicaci줻",12,"Zonas portuarias",123,1231,190,"Urban areas"
"334",1404,"Jardines rurales y zonas urbanas","Rural Gardens and Urban Areas","14.4","Rural Gardens","Zonas industriales o comerciales y redes de comunicaci줻",12,"Zonas portuarias",123,1232,190,"Urban areas"
"335",1404,"Jardines rurales y zonas urbanas","Rural Gardens and Urban Areas","14.4","Rural Gardens","Zonas industriales o comerciales y redes de comunicaci줻",12,"Aeropuertos",124,1241,190,"Urban areas"
"336",1404,"Jardines rurales y zonas urbanas","Rural Gardens and Urban Areas","14.4","Rural Gardens","Zonas industriales o comerciales y redes de comunicaci줻",12,"Aeropuertos",124,1242,190,"Urban areas"
"337",1404,"Jardines rurales y zonas urbanas","Rural Gardens and Urban Areas","14.4","Rural Gardens","Zonas de extracci줻 minera y escombreras",13,"Zonas de extracci줻 minera",131,1311,190,"Urban areas"
"338",1404,"Jardines rurales y zonas urbanas","Rural Gardens and Urban Areas","14.4","Rural Gardens","Zonas de extracci줻 minera y escombreras",13,"Zonas de extracci줻 minera",131,1312,190,"Urban areas"
"339",1404,"Jardines rurales y zonas urbanas","Rural Gardens and Urban Areas","14.4","Rural Gardens","Zonas de extracci줻 minera y escombreras",13,"Zonas de extracci줻 minera",131,1313,190,"Urban areas"
"340",1404,"Jardines rurales y zonas urbanas","Rural Gardens and Urban Areas","14.4","Rural Gardens","Zonas de extracci줻 minera y escombreras",13,"Zonas de extracci줻 minera",131,1314,190,"Urban areas"
"341",1404,"Jardines rurales y zonas urbanas","Rural Gardens and Urban Areas","14.4","Rural Gardens","Zonas de extracci줻 minera y escombreras",13,"Zonas de extracci줻 minera",131,1315,190,"Urban areas"
"342",1404,"Jardines rurales y zonas urbanas","Rural Gardens and Urban Areas","14.4","Rural Gardens","Zonas de extracci줻 minera y escombreras",13,"Zonas de extracci줻 minera",131,1316,190,"Urban areas"
"343",1404,"Jardines rurales y zonas urbanas","Rural Gardens and Urban Areas","14.4","Rural Gardens","Zonas de extracci줻 minera y escombreras",13,"Zonas de disposicion de residuos",132,1321,190,"Urban areas"
"344",1404,"Jardines rurales y zonas urbanas","Rural Gardens and Urban Areas","14.4","Rural Gardens","Zonas de extracci줻 minera y escombreras",13,"Zonas de disposicion de residuos",132,1324,190,"Urban areas"
"345",1404,"Jardines rurales y zonas urbanas","Rural Gardens and Urban Areas","14.4","Rural Gardens","Zonas verdes artificializadas, no agr죅olas",14,"zonas verdes urbanas",141,1411,190,"Urban areas"
"346",1404,"Jardines rurales y zonas urbanas","Rural Gardens and Urban Areas","14.4","Rural Gardens","Zonas verdes artificializadas, no agr죅olas",14,"zonas verdes urbanas",141,1412,190,"Urban areas"
"347",1404,"Jardines rurales y zonas urbanas","Rural Gardens and Urban Areas","14.4","Rural Gardens","Zonas verdes artificializadas, no agr죅olas",14,"zonas verdes urbanas",141,1413,190,"Urban areas"
"348",1404,"Jardines rurales y zonas urbanas","Rural Gardens and Urban Areas","14.4","Rural Gardens","Zonas verdes artificializadas, no agr죅olas",14,"zonas verdes urbanas",141,1415,190,"Urban areas"
"349",1404,"Jardines rurales y zonas urbanas","Rural Gardens and Urban Areas","14.4","Rural Gardens","Zonas verdes artificializadas, no agr죅olas",14,"zonas verdes urbanas",141,1416,190,"Urban areas"
"350",1404,"Jardines rurales y zonas urbanas","Rural Gardens and Urban Areas","14.4","Rural Gardens","Zonas verdes artificializadas, no agr죅olas",14,"Instalaci줻 recreativa",142,1421,190,"Urban areas"
"351",1404,"Jardines rurales y zonas urbanas","Rural Gardens and Urban Areas","14.4","Rural Gardens","Zonas verdes artificializadas, no agr죅olas",14,"Instalaci줻 recreativa",142,1422,190,"Urban areas"
"352",1404,"Jardines rurales y zonas urbanas","Rural Gardens and Urban Areas","14.4","Rural Gardens","Zonas verdes artificializadas, no agr죅olas",14,"Instalaci줻 recreativa",142,1423,190,"Urban areas"
"353",1404,"Jardines rurales y zonas urbanas","Rural Gardens and Urban Areas","14.5","Urban Areas","Zonas urbanizadas",11,"Tejido urbano continuo",111,111,190,"Urban areas"
"354",1404,"Jardines rurales y zonas urbanas","Rural Gardens and Urban Areas","14.5","Urban Areas","Zonas urbanizadas",11,"Tejido urbano discontinuo",112,112,190,"Urban areas"
"355",1404,"Jardines rurales y zonas urbanas","Rural Gardens and Urban Areas","14.5","Urban Areas","Zonas industriales o comerciales y redes de comunicaci줻",12,"Zonas industriales o comerciales",121,121,190,"Urban areas"
"356",1404,"Jardines rurales y zonas urbanas","Rural Gardens and Urban Areas","14.5","Urban Areas","Zonas industriales o comerciales y redes de comunicaci줻",12,"Red vial ferroviaria y terrenos asociados",122,122,190,"Urban areas"
"357",1404,"Jardines rurales y zonas urbanas","Rural Gardens and Urban Areas","14.5","Urban Areas","Zonas industriales o comerciales y redes de comunicaci줻",12,"Zonas portuarias",123,123,190,"Urban areas"
"358",1404,"Jardines rurales y zonas urbanas","Rural Gardens and Urban Areas","14.5","Urban Areas","Zonas industriales o comerciales y redes de comunicaci줻",12,"Aeropuertos",124,124,190,"Urban areas"
"359",1404,"Jardines rurales y zonas urbanas","Rural Gardens and Urban Areas","14.5","Urban Areas","Zonas industriales o comerciales y redes de comunicaci줻",12,"Obras hidrahulicas",125,125,190,"Urban areas"
"360",1404,"Jardines rurales y zonas urbanas","Rural Gardens and Urban Areas","14.5","Urban Areas","Zonas de extracci줻 minera y escombreras",13,"Zonas de extracci줻 minera",131,131,190,"Urban areas"
"361",1404,"Jardines rurales y zonas urbanas","Rural Gardens and Urban Areas","14.5","Urban Areas","Zonas de extracci줻 minera y escombreras",13,"Zonas de disposicion de residuos",132,132,190,"Urban areas"
"362",1404,"Jardines rurales y zonas urbanas","Rural Gardens and Urban Areas","14.5","Urban Areas","Zonas verdes artificializadas, no agr죅olas",14,"zonas verdes urbanas",141,141,190,"Urban areas"
"363",1404,"Jardines rurales y zonas urbanas","Rural Gardens and Urban Areas","14.5","Urban Areas","Zonas verdes artificializadas, no agr죅olas",14,"Instalaci줻 recreativa",142,142,190,"Urban areas"
"364",1404,"Jardines rurales y zonas urbanas","Rural Gardens and Urban Areas","14.5","Urban Areas","Zonas industriales o comerciales y redes de comunicaci줻",12,"Zonas industriales o comerciales",121,1211,190,"Urban areas"
"365",1404,"Jardines rurales y zonas urbanas","Rural Gardens and Urban Areas","14.5","Urban Areas","Zonas industriales o comerciales y redes de comunicaci줻",12,"Zonas industriales o comerciales",121,1212,190,"Urban areas"
"366",1404,"Jardines rurales y zonas urbanas","Rural Gardens and Urban Areas","14.5","Urban Areas","Zonas industriales o comerciales y redes de comunicaci줻",12,"Red vial ferroviaria y terrenos asociados",122,1221,190,"Urban areas"
"367",1404,"Jardines rurales y zonas urbanas","Rural Gardens and Urban Areas","14.5","Urban Areas","Zonas industriales o comerciales y redes de comunicaci줻",12,"Zonas portuarias",123,1231,190,"Urban areas"
"368",1404,"Jardines rurales y zonas urbanas","Rural Gardens and Urban Areas","14.5","Urban Areas","Zonas industriales o comerciales y redes de comunicaci줻",12,"Zonas portuarias",123,1232,190,"Urban areas"
"369",1404,"Jardines rurales y zonas urbanas","Rural Gardens and Urban Areas","14.5","Urban Areas","Zonas industriales o comerciales y redes de comunicaci줻",12,"Aeropuertos",124,1241,190,"Urban areas"
"370",1404,"Jardines rurales y zonas urbanas","Rural Gardens and Urban Areas","14.5","Urban Areas","Zonas industriales o comerciales y redes de comunicaci줻",12,"Aeropuertos",124,1242,190,"Urban areas"
"371",1404,"Jardines rurales y zonas urbanas","Rural Gardens and Urban Areas","14.5","Urban Areas","Zonas de extracci줻 minera y escombreras",13,"Zonas de extracci줻 minera",131,1311,190,"Urban areas"
"372",1404,"Jardines rurales y zonas urbanas","Rural Gardens and Urban Areas","14.5","Urban Areas","Zonas de extracci줻 minera y escombreras",13,"Zonas de extracci줻 minera",131,1312,190,"Urban areas"
"373",1404,"Jardines rurales y zonas urbanas","Rural Gardens and Urban Areas","14.5","Urban Areas","Zonas de extracci줻 minera y escombreras",13,"Zonas de extracci줻 minera",131,1313,190,"Urban areas"
"374",1404,"Jardines rurales y zonas urbanas","Rural Gardens and Urban Areas","14.5","Urban Areas","Zonas de extracci줻 minera y escombreras",13,"Zonas de extracci줻 minera",131,1314,190,"Urban areas"
"375",1404,"Jardines rurales y zonas urbanas","Rural Gardens and Urban Areas","14.5","Urban Areas","Zonas de extracci줻 minera y escombreras",13,"Zonas de extracci줻 minera",131,1315,190,"Urban areas"
"376",1404,"Jardines rurales y zonas urbanas","Rural Gardens and Urban Areas","14.5","Urban Areas","Zonas de extracci줻 minera y escombreras",13,"Zonas de extracci줻 minera",131,1316,190,"Urban areas"
"377",1404,"Jardines rurales y zonas urbanas","Rural Gardens and Urban Areas","14.5","Urban Areas","Zonas de extracci줻 minera y escombreras",13,"Zonas de disposicion de residuos",132,1321,190,"Urban areas"
"378",1404,"Jardines rurales y zonas urbanas","Rural Gardens and Urban Areas","14.5","Urban Areas","Zonas de extracci줻 minera y escombreras",13,"Zonas de disposicion de residuos",132,1324,190,"Urban areas"
"379",1404,"Jardines rurales y zonas urbanas","Rural Gardens and Urban Areas","14.5","Urban Areas","Zonas verdes artificializadas, no agr죅olas",14,"zonas verdes urbanas",141,1411,190,"Urban areas"
"380",1404,"Jardines rurales y zonas urbanas","Rural Gardens and Urban Areas","14.5","Urban Areas","Zonas verdes artificializadas, no agr죅olas",14,"zonas verdes urbanas",141,1412,190,"Urban areas"
"381",1404,"Jardines rurales y zonas urbanas","Rural Gardens and Urban Areas","14.5","Urban Areas","Zonas verdes artificializadas, no agr죅olas",14,"zonas verdes urbanas",141,1413,190,"Urban areas"
"382",1404,"Jardines rurales y zonas urbanas","Rural Gardens and Urban Areas","14.5","Urban Areas","Zonas verdes artificializadas, no agr죅olas",14,"zonas verdes urbanas",141,1415,190,"Urban areas"
"383",1404,"Jardines rurales y zonas urbanas","Rural Gardens and Urban Areas","14.5","Urban Areas","Zonas verdes artificializadas, no agr죅olas",14,"zonas verdes urbanas",141,1416,190,"Urban areas"
"384",1404,"Jardines rurales y zonas urbanas","Rural Gardens and Urban Areas","14.5","Urban Areas","Zonas verdes artificializadas, no agr죅olas",14,"Instalaci줻 recreativa",142,1421,190,"Urban areas"
"385",1404,"Jardines rurales y zonas urbanas","Rural Gardens and Urban Areas","14.5","Urban Areas","Zonas verdes artificializadas, no agr죅olas",14,"Instalaci줻 recreativa",142,1422,190,"Urban areas"
"386",1404,"Jardines rurales y zonas urbanas","Rural Gardens and Urban Areas","14.5","Urban Areas","Zonas verdes artificializadas, no agr죅olas",14,"Instalaci줻 recreativa",142,1423,190,"Urban areas"
"387",1406,"Bosques degradados","Heavily degraded former forest","14.6","Subtropical/Tropical Heavily Degraded Former Forest","탍eas con vegetaci줻 herb쟠ea y/o arbustiva",32,"Vegetaci줻 secundaria o en transicion",323,323,40,"Mosaic natural vegetation (tree, shrub, herbaceous cover) (>50%) / cropland (<50%)"
"388",1406,"Bosques degradados","Heavily degraded former forest","14.6","Subtropical/Tropical Heavily Degraded Former Forest","탍eas con vegetaci줻 herb쟠ea y/o arbustiva",32,"Vegetaci줻 secundaria o en transicion",323,3231,40,"Mosaic natural vegetation (tree, shrub, herbaceous cover) (>50%) / cropland (<50%)"
"389",1406,"Bosques degradados","Heavily degraded former forest","14.6","Subtropical/Tropical Heavily Degraded Former Forest","탍eas con vegetaci줻 herb쟠ea y/o arbustiva",32,"Vegetaci줻 secundaria o en transicion",323,3232,40,"Mosaic natural vegetation (tree, shrub, herbaceous cover) (>50%) / cropland (<50%)"
"390",1406,"Bosques degradados","Heavily degraded former forest","14.6","Subtropical/Tropical Heavily Degraded Former Forest","탍eas con vegetaci줻 herb쟠ea y/o arbustiva",32,"Vegetaci줻 secundaria o en transicion",323,323,100,"Mosaic tree and shrub (>50%) / herbaceous cover (<50%)"
"391",1406,"Bosques degradados","Heavily degraded former forest","14.6","Subtropical/Tropical Heavily Degraded Former Forest","탍eas con vegetaci줻 herb쟠ea y/o arbustiva",32,"Vegetaci줻 secundaria o en transicion",323,3231,100,"Mosaic tree and shrub (>50%) / herbaceous cover (<50%)"
"392",1406,"Bosques degradados","Heavily degraded former forest","14.6","Subtropical/Tropical Heavily Degraded Former Forest","탍eas con vegetaci줻 herb쟠ea y/o arbustiva",32,"Vegetaci줻 secundaria o en transicion",323,3232,100,"Mosaic tree and shrub (>50%) / herbaceous cover (<50%)"
"393",1406,"Bosques degradados","Heavily degraded former forest","14.6","Subtropical/Tropical Heavily Degraded Former Forest","탍eas con vegetaci줻 herb쟠ea y/o arbustiva",32,"Vegetaci줻 secundaria o en transicion",323,323,110,"Mosaic herbaceous cover (>50%) / tree and shrub (<50%)"
"394",1406,"Bosques degradados","Heavily degraded former forest","14.6","Subtropical/Tropical Heavily Degraded Former Forest","탍eas con vegetaci줻 herb쟠ea y/o arbustiva",32,"Vegetaci줻 secundaria o en transicion",323,3231,110,"Mosaic herbaceous cover (>50%) / tree and shrub (<50%)"
"395",1406,"Bosques degradados","Heavily degraded former forest","14.6","Subtropical/Tropical Heavily Degraded Former Forest","탍eas con vegetaci줻 herb쟠ea y/o arbustiva",32,"Vegetaci줻 secundaria o en transicion",323,3232,110,"Mosaic herbaceous cover (>50%) / tree and shrub (<50%)"
"396",1500,"Acu쟴ico artificial","Artificial aquatic","15","Artificial - Aquatic","Aguas continentales",51,"Canales",513,513,210,"Water bodies"
"397",1500,"Acu쟴ico artificial","Artificial aquatic","15","Artificial - Aquatic","Aguas continentales",51,"Cuerpos de agua articiales",514,514,210,"Water bodies"
"398",1500,"Acu쟴ico artificial","Artificial aquatic","15","Artificial - Aquatic","Aguas mar죜imas",52,"Estanques para acuicultura marina",523,523,210,"Water bodies"
"399",1500,"Acu쟴ico artificial","Artificial aquatic","15","Artificial - Aquatic","Aguas continentales",51,"Cuerpos de agua articiales",514,5141,210,"Water bodies"
"400",1500,"Acu쟴ico artificial","Artificial aquatic","15","Artificial - Aquatic","Aguas continentales",51,"Cuerpos de agua articiales",514,5142,210,"Water bodies"
"401",1500,"Acu쟴ico artificial","Artificial aquatic","15","Artificial - Aquatic","Aguas continentales",51,"Cuerpos de agua articiales",514,5143,210,"Water bodies"
