"id"	"scientific_name"	"decimalLongitude"	"decimalLatitude"	"year"	"month"	"day"	"datasetName"	"basisOfRecord"	"created_by"
3759312902	"Glyptemys insculpta"	-78.034556	39.488225	2022	4	14	"iNaturalist research-grade observations"	"HUMAN_OBSERVATION"	"GBIF"
3759336078	"Glyptemys insculpta"	-72.303097	42.280758	2022	4	14	"iNaturalist research-grade observations"	"HUMAN_OBSERVATION"	"GBIF"
3759376843	"Glyptemys insculpta"	-78.469682	39.243446	2022	4	14	"iNaturalist research-grade observations"	"HUMAN_OBSERVATION"	"GBIF"
3759451583	"Glyptemys insculpta"	-72.323159	42.087312	2022	4	10	"iNaturalist research-grade observations"	"HUMAN_OBSERVATION"	"GBIF"
3759468758	"Glyptemys insculpta"	-78.533737	39.373951	2022	4	12	"iNaturalist research-grade observations"	"HUMAN_OBSERVATION"	"GBIF"
3759526959	"Glyptemys insculpta"	-73.010616	44.225898	2022	4	14	"iNaturalist research-grade observations"	"HUMAN_OBSERVATION"	"GBIF"
3759672639	"Glyptemys insculpta"	-78.414736	39.337412	2022	4	11	"iNaturalist research-grade observations"	"HUMAN_OBSERVATION"	"GBIF"
3759727966	"Glyptemys insculpta"	-78.430494	39.250177	2022	4	14	"iNaturalist research-grade observations"	"HUMAN_OBSERVATION"	"GBIF"
3759732801	"Glyptemys insculpta"	-78.525492	39.34207	2022	4	13	"iNaturalist research-grade observations"	"HUMAN_OBSERVATION"	"GBIF"
3759997649	"Glyptemys insculpta"	-76.532262	40.598613	2022	4	2	"iNaturalist research-grade observations"	"HUMAN_OBSERVATION"	"GBIF"
3760041644	"Glyptemys insculpta"	-78.456165	39.237713	2022	4	11	"iNaturalist research-grade observations"	"HUMAN_OBSERVATION"	"GBIF"
3760256658	"Glyptemys insculpta"	-78.473251	39.250305	2022	4	11	"iNaturalist research-grade observations"	"HUMAN_OBSERVATION"	"GBIF"
3760304972	"Glyptemys insculpta"	-78.466587	39.380826	2022	4	14	"iNaturalist research-grade observations"	"HUMAN_OBSERVATION"	"GBIF"
3760318763	"Glyptemys insculpta"	-77.239023	39.030219	2022	4	12	"iNaturalist research-grade observations"	"HUMAN_OBSERVATION"	"GBIF"
3760350209	"Glyptemys insculpta"	-78.560458	39.350993	2022	4	17	"iNaturalist research-grade observations"	"HUMAN_OBSERVATION"	"GBIF"
3764101228	"Glyptemys insculpta"	-72.846493	43.382475	2022	4	27	"iNaturalist research-grade observations"	"HUMAN_OBSERVATION"	"GBIF"
3764206497	"Glyptemys insculpta"	-72.006817	42.61972	2022	4	22	"iNaturalist research-grade observations"	"HUMAN_OBSERVATION"	"GBIF"
3764218524	"Glyptemys insculpta"	-83.877776	44.12317	2022	4	22	"iNaturalist research-grade observations"	"HUMAN_OBSERVATION"	"GBIF"
3764379116	"Glyptemys insculpta"	-85.561422	43.713958	2022	4	24	"iNaturalist research-grade observations"	"HUMAN_OBSERVATION"	"GBIF"
3764473547	"Glyptemys insculpta"	-83.912929	44.150544	2022	4	22	"iNaturalist research-grade observations"	"HUMAN_OBSERVATION"	"GBIF"
3764475799	"Glyptemys insculpta"	-77.205626	40.396621	2022	4	24	"iNaturalist research-grade observations"	"HUMAN_OBSERVATION"	"GBIF"
3772427568	"Glyptemys insculpta"	-78.568055	39.252585	2022	4	23	"iNaturalist research-grade observations"	"HUMAN_OBSERVATION"	"GBIF"
3772606704	"Glyptemys insculpta"	-78.430771	39.304068	2022	4	29	"iNaturalist research-grade observations"	"HUMAN_OBSERVATION"	"GBIF"
3773369749	"Glyptemys insculpta"	-78.718996	39.507911	2022	4	23	"iNaturalist research-grade observations"	"HUMAN_OBSERVATION"	"GBIF"
3784649723	"Glyptemys insculpta"	-76.667755	41.111677	2022	4	30	"iNaturalist research-grade observations"	"HUMAN_OBSERVATION"	"GBIF"
3772557453	"Glyptemys insculpta"	-76.391738	40.078109	2022	5	1	"iNaturalist research-grade observations"	"HUMAN_OBSERVATION"	"GBIF"
3772677289	"Glyptemys insculpta"	-73.206106	44.379685	2022	5	1	"iNaturalist research-grade observations"	"HUMAN_OBSERVATION"	"GBIF"
3772846061	"Glyptemys insculpta"	-74.295583	41.821646	2022	5	5	"iNaturalist research-grade observations"	"HUMAN_OBSERVATION"	"GBIF"
3773001696	"Glyptemys insculpta"	-73.659287	42.381834	2022	5	5	"iNaturalist research-grade observations"	"HUMAN_OBSERVATION"	"GBIF"
3773049648	"Glyptemys insculpta"	-74.039335	41.615878	2022	5	4	"iNaturalist research-grade observations"	"HUMAN_OBSERVATION"	"GBIF"
3773110150	"Glyptemys insculpta"	-78.501866	39.282807	2022	5	1	"iNaturalist research-grade observations"	"HUMAN_OBSERVATION"	"GBIF"
3773565878	"Glyptemys insculpta"	-78.58691	39.34711	2022	5	2	"iNaturalist research-grade observations"	"HUMAN_OBSERVATION"	"GBIF"
3773567828	"Glyptemys insculpta"	-75.531726	43.322414	2022	5	5	"iNaturalist research-grade observations"	"HUMAN_OBSERVATION"	"GBIF"
3773661289	"Glyptemys insculpta"	-78.558485	39.53739	2022	5	11	"iNaturalist research-grade observations"	"HUMAN_OBSERVATION"	"GBIF"
3773758830	"Glyptemys insculpta"	-75.438385	43.212547	2022	5	5	"iNaturalist research-grade observations"	"HUMAN_OBSERVATION"	"GBIF"
3784675507	"Glyptemys insculpta"	-70.949573	43.63763	2022	5	12	"iNaturalist research-grade observations"	"HUMAN_OBSERVATION"	"GBIF"
3784704718	"Glyptemys insculpta"	-78.45476	39.28345	2022	5	13	"iNaturalist research-grade observations"	"HUMAN_OBSERVATION"	"GBIF"
3784748704	"Glyptemys insculpta"	-73.337829	41.481299	2022	5	14	"iNaturalist research-grade observations"	"HUMAN_OBSERVATION"	"GBIF"
3784758819	"Glyptemys insculpta"	-72.474869	43.223623	2022	5	15	"iNaturalist research-grade observations"	"HUMAN_OBSERVATION"	"GBIF"
3784790697	"Glyptemys insculpta"	-77.137514	40.514237	2022	5	15	"iNaturalist research-grade observations"	"HUMAN_OBSERVATION"	"GBIF"
3784795968	"Glyptemys insculpta"	-77.951671	40.898008	2022	5	15	"iNaturalist research-grade observations"	"HUMAN_OBSERVATION"	"GBIF"
3784894865	"Glyptemys insculpta"	-78.500409	39.24308	2022	5	14	"iNaturalist research-grade observations"	"HUMAN_OBSERVATION"	"GBIF"
3784898649	"Glyptemys insculpta"	-78.498069	39.203689	2022	5	13	"iNaturalist research-grade observations"	"HUMAN_OBSERVATION"	"GBIF"
3784975112	"Glyptemys insculpta"	-76.812891	40.393454	2022	5	12	"iNaturalist research-grade observations"	"HUMAN_OBSERVATION"	"GBIF"
3785154669	"Glyptemys insculpta"	-79.319536	40.615179	2022	5	18	"iNaturalist research-grade observations"	"HUMAN_OBSERVATION"	"GBIF"
3785164339	"Glyptemys insculpta"	-72.383833	43.694737	2022	5	17	"iNaturalist research-grade observations"	"HUMAN_OBSERVATION"	"GBIF"
3802308145	"Glyptemys insculpta"	-68.761206	45.831761	2022	5	18	"iNaturalist research-grade observations"	"HUMAN_OBSERVATION"	"GBIF"
3802316001	"Glyptemys insculpta"	-68.655851	45.817998	2022	5	18	"iNaturalist research-grade observations"	"HUMAN_OBSERVATION"	"GBIF"
3802363823	"Glyptemys insculpta"	-68.744406	45.890502	2022	5	18	"iNaturalist research-grade observations"	"HUMAN_OBSERVATION"	"GBIF"
3802386763	"Glyptemys insculpta"	-77.474898	40.399764	2022	5	13	"iNaturalist research-grade observations"	"HUMAN_OBSERVATION"	"GBIF"
3802409166	"Glyptemys insculpta"	-74.127658	41.771086	2022	5	22	"iNaturalist research-grade observations"	"HUMAN_OBSERVATION"	"GBIF"
3802462515	"Glyptemys insculpta"	-73.566973	42.575859	2022	5	26	"iNaturalist research-grade observations"	"HUMAN_OBSERVATION"	"GBIF"
3802490511	"Glyptemys insculpta"	-74.635213	40.853096	2022	5	23	"iNaturalist research-grade observations"	"HUMAN_OBSERVATION"	"GBIF"
3802696178	"Glyptemys insculpta"	-76.534516	41.162684	2022	5	22	"iNaturalist research-grade observations"	"HUMAN_OBSERVATION"	"GBIF"
3802792344	"Glyptemys insculpta"	-74.101586	41.168048	2022	5	23	"iNaturalist research-grade observations"	"HUMAN_OBSERVATION"	"GBIF"
3858169176	"Glyptemys insculpta"	-76.690745	40.005078	2022	5	22	"iNaturalist research-grade observations"	"HUMAN_OBSERVATION"	"GBIF"
3858333821	"Glyptemys insculpta"	-72.164021	41.993657	2022	5	31	"iNaturalist research-grade observations"	"HUMAN_OBSERVATION"	"GBIF"
3858335424	"Glyptemys insculpta"	-72.118164	43.472996	2022	5	28	"iNaturalist research-grade observations"	"HUMAN_OBSERVATION"	"GBIF"
3858394493	"Glyptemys insculpta"	-78.49881	39.646786	2022	5	26	"iNaturalist research-grade observations"	"HUMAN_OBSERVATION"	"GBIF"
3858478639	"Glyptemys insculpta"	-84.926213	43.994463	2022	5	7	"iNaturalist research-grade observations"	"HUMAN_OBSERVATION"	"GBIF"
3858554504	"Glyptemys insculpta"	-74.928079	40.879969	2022	5	28	"iNaturalist research-grade observations"	"HUMAN_OBSERVATION"	"GBIF"
3858587486	"Glyptemys insculpta"	-71.829445	42.925454	2022	5	27	"iNaturalist research-grade observations"	"HUMAN_OBSERVATION"	"GBIF"
3858594635	"Glyptemys insculpta"	-78.336787	39.695239	2022	5	29	"iNaturalist research-grade observations"	"HUMAN_OBSERVATION"	"GBIF"
3858646046	"Glyptemys insculpta"	-73.593598	44.435595	2022	5	8	"iNaturalist research-grade observations"	"HUMAN_OBSERVATION"	"GBIF"
3858706958	"Glyptemys insculpta"	-84.147705	45.021268	2022	5	28	"iNaturalist research-grade observations"	"HUMAN_OBSERVATION"	"GBIF"
3858772924	"Glyptemys insculpta"	-85.880952	43.914749	2022	5	15	"iNaturalist research-grade observations"	"HUMAN_OBSERVATION"	"GBIF"
3858850041	"Glyptemys insculpta"	-85.980299	44.288321	2022	5	29	"iNaturalist research-grade observations"	"HUMAN_OBSERVATION"	"GBIF"
3858870563	"Glyptemys insculpta"	-72.009665	42.600119	2022	5	28	"iNaturalist research-grade observations"	"HUMAN_OBSERVATION"	"GBIF"
3859193889	"Glyptemys insculpta"	-76.86187	41.03153	2022	5	31	"iNaturalist research-grade observations"	"HUMAN_OBSERVATION"	"GBIF"
3859292980	"Glyptemys insculpta"	-72.798124	42.254237	2022	5	8	"iNaturalist research-grade observations"	"HUMAN_OBSERVATION"	"GBIF"
3859390050	"Glyptemys insculpta"	-75.121467	41.186178	2022	5	31	"iNaturalist research-grade observations"	"HUMAN_OBSERVATION"	"GBIF"
3859401093	"Glyptemys insculpta"	-76.359428	42.461224	2022	5	26	"iNaturalist research-grade observations"	"HUMAN_OBSERVATION"	"GBIF"
3859407755	"Glyptemys insculpta"	-84.009118	45.093223	2022	5	28	"iNaturalist research-grade observations"	"HUMAN_OBSERVATION"	"GBIF"
3859423477	"Glyptemys insculpta"	-72.06835	43.72638	2022	5	23	"iNaturalist research-grade observations"	"HUMAN_OBSERVATION"	"GBIF"
3859520748	"Glyptemys insculpta"	-90.059637	46.581558	2022	5	17	"iNaturalist research-grade observations"	"HUMAN_OBSERVATION"	"GBIF"
3859538440	"Glyptemys insculpta"	-72.086432	43.631039	2022	5	23	"iNaturalist research-grade observations"	"HUMAN_OBSERVATION"	"GBIF"
3859543734	"Glyptemys insculpta"	-84.800962	43.944789	2022	5	13	"iNaturalist research-grade observations"	"HUMAN_OBSERVATION"	"GBIF"
3859744895	"Glyptemys insculpta"	-84.133888	44.818404	2022	5	28	"iNaturalist research-grade observations"	"HUMAN_OBSERVATION"	"GBIF"
3859934697	"Glyptemys insculpta"	-84.987297	43.945466	2022	5	7	"iNaturalist research-grade observations"	"HUMAN_OBSERVATION"	"GBIF"
3860040625	"Glyptemys insculpta"	-73.283454	42.883009	2022	5	17	"iNaturalist research-grade observations"	"HUMAN_OBSERVATION"	"GBIF"
3860089621	"Glyptemys insculpta"	-84.931871	43.809565	2022	5	12	"iNaturalist research-grade observations"	"HUMAN_OBSERVATION"	"GBIF"
3860130999	"Glyptemys insculpta"	-91.66793	47.139939	2022	5	17	"iNaturalist research-grade observations"	"HUMAN_OBSERVATION"	"GBIF"
3860153736	"Glyptemys insculpta"	-84.883219	43.840531	2022	5	7	"iNaturalist research-grade observations"	"HUMAN_OBSERVATION"	"GBIF"
3860207916	"Glyptemys insculpta"	-84.098518	45.125024	2022	5	29	"iNaturalist research-grade observations"	"HUMAN_OBSERVATION"	"GBIF"
3860212008	"Glyptemys insculpta"	-84.171651	45.154725	2022	5	29	"iNaturalist research-grade observations"	"HUMAN_OBSERVATION"	"GBIF"
3860224989	"Glyptemys insculpta"	-84.197687	45.036367	2022	5	29	"iNaturalist research-grade observations"	"HUMAN_OBSERVATION"	"GBIF"
3860240995	"Glyptemys insculpta"	-84.079675	45.180623	2022	5	29	"iNaturalist research-grade observations"	"HUMAN_OBSERVATION"	"GBIF"
3860257881	"Glyptemys insculpta"	-84.042743	45.07133	2022	5	29	"iNaturalist research-grade observations"	"HUMAN_OBSERVATION"	"GBIF"
3860268932	"Glyptemys insculpta"	-84.067968	45.096394	2022	5	29	"iNaturalist research-grade observations"	"HUMAN_OBSERVATION"	"GBIF"
3860276957	"Glyptemys insculpta"	-84.029307	45.063395	2022	5	29	"iNaturalist research-grade observations"	"HUMAN_OBSERVATION"	"GBIF"
3860370589	"Glyptemys insculpta"	-77.505755	41.77681	2022	5	29	"iNaturalist research-grade observations"	"HUMAN_OBSERVATION"	"GBIF"
3860384152	"Glyptemys insculpta"	-74.98463	41.736313	2022	5	31	"iNaturalist research-grade observations"	"HUMAN_OBSERVATION"	"GBIF"
3860389889	"Glyptemys insculpta"	-84.035037	45.194641	2022	5	31	"iNaturalist research-grade observations"	"HUMAN_OBSERVATION"	"GBIF"
3860394849	"Glyptemys insculpta"	-75.418724	40.326121	2022	5	31	"iNaturalist research-grade observations"	"HUMAN_OBSERVATION"	"GBIF"
3860403765	"Glyptemys insculpta"	-86.017857	44.432673	2022	5	30	"iNaturalist research-grade observations"	"HUMAN_OBSERVATION"	"GBIF"
3860458865	"Glyptemys insculpta"	-84.108771	45.008371	2022	5	31	"iNaturalist research-grade observations"	"HUMAN_OBSERVATION"	"GBIF"
3860476985	"Glyptemys insculpta"	-84.167477	45.132233	2022	5	31	"iNaturalist research-grade observations"	"HUMAN_OBSERVATION"	"GBIF"
3860512725	"Glyptemys insculpta"	-84.859915	43.865121	2022	5	7	"iNaturalist research-grade observations"	"HUMAN_OBSERVATION"	"GBIF"
3860527959	"Glyptemys insculpta"	-84.158149	45.132134	2022	5	31	"iNaturalist research-grade observations"	"HUMAN_OBSERVATION"	"GBIF"
3860653158	"Glyptemys insculpta"	-72.486535	44.291406	2022	5	30	"iNaturalist research-grade observations"	"HUMAN_OBSERVATION"	"GBIF"
3860693586	"Glyptemys insculpta"	-78.425537	39.296377	2022	5	27	"iNaturalist research-grade observations"	"HUMAN_OBSERVATION"	"GBIF"
3873502052	"Glyptemys insculpta"	-75.053448	40.975429	2022	5	26	"iNaturalist research-grade observations"	"HUMAN_OBSERVATION"	"GBIF"
3858334174	"Glyptemys insculpta"	-72.287948	41.781808	2022	6	3	"iNaturalist research-grade observations"	"HUMAN_OBSERVATION"	"GBIF"
3858354067	"Glyptemys insculpta"	-76.28464	42.265849	2022	6	1	"iNaturalist research-grade observations"	"HUMAN_OBSERVATION"	"GBIF"
3858364148	"Glyptemys insculpta"	-78.948881	42.095894	2022	6	2	"iNaturalist research-grade observations"	"HUMAN_OBSERVATION"	"GBIF"
3858389030	"Glyptemys insculpta"	-86.379864	44.424768	2022	6	9	"iNaturalist research-grade observations"	"HUMAN_OBSERVATION"	"GBIF"
3858427688	"Glyptemys insculpta"	-70.541166	43.723601	2022	6	6	"iNaturalist research-grade observations"	"HUMAN_OBSERVATION"	"GBIF"
3858456971	"Glyptemys insculpta"	-84.246909	44.715055	2022	6	1	"iNaturalist research-grade observations"	"HUMAN_OBSERVATION"	"GBIF"
3858484333	"Glyptemys insculpta"	-73.352323	42.317851	2022	6	4	"iNaturalist research-grade observations"	"HUMAN_OBSERVATION"	"GBIF"
3858524453	"Glyptemys insculpta"	-72.289293	43.745179	2022	6	12	"iNaturalist research-grade observations"	"HUMAN_OBSERVATION"	"GBIF"
3858535829	"Glyptemys insculpta"	-72.0222	42.042489	2022	6	7	"iNaturalist research-grade observations"	"HUMAN_OBSERVATION"	"GBIF"
3858542018	"Glyptemys insculpta"	-83.856733	44.079833	2022	6	17	"iNaturalist research-grade observations"	"HUMAN_OBSERVATION"	"GBIF"
3858609724	"Glyptemys insculpta"	-77.727086	41.322859	2022	6	6	"iNaturalist research-grade observations"	"HUMAN_OBSERVATION"	"GBIF"
3858624796	"Glyptemys insculpta"	-72.793125	42.563779	2022	6	14	"iNaturalist research-grade observations"	"HUMAN_OBSERVATION"	"GBIF"
3858655155	"Glyptemys insculpta"	-73.196159	43.210896	2022	6	10	"iNaturalist research-grade observations"	"HUMAN_OBSERVATION"	"GBIF"
3858665210	"Glyptemys insculpta"	-84.42839	45.238024	2022	6	3	"iNaturalist research-grade observations"	"HUMAN_OBSERVATION"	"GBIF"
3858668598	"Glyptemys insculpta"	-70.662466	43.313077	2022	6	13	"iNaturalist research-grade observations"	"HUMAN_OBSERVATION"	"GBIF"
3858668815	"Glyptemys insculpta"	-76.885056	40.249952	2022	6	15	"iNaturalist research-grade observations"	"HUMAN_OBSERVATION"	"GBIF"
3858696556	"Glyptemys insculpta"	-78.219768	39.624205	2022	6	21	"iNaturalist research-grade observations"	"HUMAN_OBSERVATION"	"GBIF"
3858698882	"Glyptemys insculpta"	-68.656546	45.514545	2022	6	7	"iNaturalist research-grade observations"	"HUMAN_OBSERVATION"	"GBIF"
3858721966	"Glyptemys insculpta"	-91.289161	45.595421	2022	6	10	"iNaturalist research-grade observations"	"HUMAN_OBSERVATION"	"GBIF"
3858722836	"Glyptemys insculpta"	-71.18417	43.425004	2022	6	23	"iNaturalist research-grade observations"	"HUMAN_OBSERVATION"	"GBIF"
3858724804	"Glyptemys insculpta"	-75.393079	41.729234	2022	6	9	"iNaturalist research-grade observations"	"HUMAN_OBSERVATION"	"GBIF"
3858734284	"Glyptemys insculpta"	-78.434178	39.328022	2022	6	26	"iNaturalist research-grade observations"	"HUMAN_OBSERVATION"	"GBIF"
3858764203	"Glyptemys insculpta"	-86.151809	43.995156	2022	6	26	"iNaturalist research-grade observations"	"HUMAN_OBSERVATION"	"GBIF"
3858764222	"Glyptemys insculpta"	-78.020091	39.594772	2022	6	24	"iNaturalist research-grade observations"	"HUMAN_OBSERVATION"	"GBIF"
3858771726	"Glyptemys insculpta"	-76.428467	42.412742	2022	6	29	"iNaturalist research-grade observations"	"HUMAN_OBSERVATION"	"GBIF"
3858820654	"Glyptemys insculpta"	-70.99374	44.584176	2022	6	21	"iNaturalist research-grade observations"	"HUMAN_OBSERVATION"	"GBIF"
3858824243	"Glyptemys insculpta"	-72.205459	42.450456	2022	6	25	"iNaturalist research-grade observations"	"HUMAN_OBSERVATION"	"GBIF"
3858841653	"Glyptemys insculpta"	-76.523531	42.46807	2022	6	29	"iNaturalist research-grade observations"	"HUMAN_OBSERVATION"	"GBIF"
3858945117	"Glyptemys insculpta"	-72.171259	43.607392	2022	6	29	"iNaturalist research-grade observations"	"HUMAN_OBSERVATION"	"GBIF"
3858950543	"Glyptemys insculpta"	-79.431877	40.958515	2022	6	12	"iNaturalist research-grade observations"	"HUMAN_OBSERVATION"	"GBIF"
3858958168	"Glyptemys insculpta"	-78.484837	39.257823	2022	6	24	"iNaturalist research-grade observations"	"HUMAN_OBSERVATION"	"GBIF"
3859089737	"Glyptemys insculpta"	-72.303323	41.864354	2022	6	13	"iNaturalist research-grade observations"	"HUMAN_OBSERVATION"	"GBIF"
3859177001	"Glyptemys insculpta"	-91.265034	45.420753	2022	6	10	"iNaturalist research-grade observations"	"HUMAN_OBSERVATION"	"GBIF"
3859181609	"Glyptemys insculpta"	-78.447845	39.216283	2022	6	13	"iNaturalist research-grade observations"	"HUMAN_OBSERVATION"	"GBIF"
3859222668	"Glyptemys insculpta"	-75.690642	41.083604	2022	6	13	"iNaturalist research-grade observations"	"HUMAN_OBSERVATION"	"GBIF"
3859244514	"Glyptemys insculpta"	-77.421591	41.42453	2022	6	12	"iNaturalist research-grade observations"	"HUMAN_OBSERVATION"	"GBIF"
3859318685	"Glyptemys insculpta"	-79.368726	41.07464	2022	6	22	"iNaturalist research-grade observations"	"HUMAN_OBSERVATION"	"GBIF"
3859395284	"Glyptemys insculpta"	-72.053357	42.349182	2022	6	10	"iNaturalist research-grade observations"	"HUMAN_OBSERVATION"	"GBIF"
3859398660	"Glyptemys insculpta"	-74.21207	41.294577	2022	6	5	"iNaturalist research-grade observations"	"HUMAN_OBSERVATION"	"GBIF"
3859518782	"Glyptemys insculpta"	-78.938171	38.570217	2022	6	7	"iNaturalist research-grade observations"	"HUMAN_OBSERVATION"	"GBIF"
3859534558	"Glyptemys insculpta"	-84.52389	45.315103	2022	6	9	"iNaturalist research-grade observations"	"HUMAN_OBSERVATION"	"GBIF"
3859548165	"Glyptemys insculpta"	-78.168483	41.436994	2022	6	2	"iNaturalist research-grade observations"	"HUMAN_OBSERVATION"	"GBIF"
3859555473	"Glyptemys insculpta"	-84.486957	43.938484	2022	6	12	"iNaturalist research-grade observations"	"HUMAN_OBSERVATION"	"GBIF"
3859567290	"Glyptemys insculpta"	-86.166409	43.974924	2022	6	26	"iNaturalist research-grade observations"	"HUMAN_OBSERVATION"	"GBIF"
3859572368	"Glyptemys insculpta"	-77.41538	41.879769	2022	6	18	"iNaturalist research-grade observations"	"HUMAN_OBSERVATION"	"GBIF"
3859584540	"Glyptemys insculpta"	-83.867709	44.061186	2022	6	20	"iNaturalist research-grade observations"	"HUMAN_OBSERVATION"	"GBIF"
3859596718	"Glyptemys insculpta"	-84.910909	43.947163	2022	6	2	"iNaturalist research-grade observations"	"HUMAN_OBSERVATION"	"GBIF"
3859625067	"Glyptemys insculpta"	-86.139243	43.52155	2022	6	24	"iNaturalist research-grade observations"	"HUMAN_OBSERVATION"	"GBIF"
3859644429	"Glyptemys insculpta"	-77.106652	40.216046	2022	6	27	"iNaturalist research-grade observations"	"HUMAN_OBSERVATION"	"GBIF"
3859648820	"Glyptemys insculpta"	-74.304248	41.63922	2022	6	14	"iNaturalist research-grade observations"	"HUMAN_OBSERVATION"	"GBIF"
3859661620	"Glyptemys insculpta"	-79.498214	40.49622	2022	6	3	"iNaturalist research-grade observations"	"HUMAN_OBSERVATION"	"GBIF"
3859667068	"Glyptemys insculpta"	-78.149433	41.558962	2022	6	2	"iNaturalist research-grade observations"	"HUMAN_OBSERVATION"	"GBIF"
3859720589	"Glyptemys insculpta"	-76.525748	42.486921	2022	6	29	"iNaturalist research-grade observations"	"HUMAN_OBSERVATION"	"GBIF"
3859788158	"Glyptemys insculpta"	-78.091436	40.419054	2022	6	17	"iNaturalist research-grade observations"	"HUMAN_OBSERVATION"	"GBIF"
3859819787	"Glyptemys insculpta"	-72.31295	42.076359	2022	6	10	"iNaturalist research-grade observations"	"HUMAN_OBSERVATION"	"GBIF"
3859861910	"Glyptemys insculpta"	-73.929521	41.840067	2022	6	23	"iNaturalist research-grade observations"	"HUMAN_OBSERVATION"	"GBIF"
3859990970	"Glyptemys insculpta"	-71.73578	43.061045	2022	6	23	"iNaturalist research-grade observations"	"HUMAN_OBSERVATION"	"GBIF"
3860128710	"Glyptemys insculpta"	-73.919275	41.58936	2022	6	6	"iNaturalist research-grade observations"	"HUMAN_OBSERVATION"	"GBIF"
3860134664	"Glyptemys insculpta"	-85.520664	43.999263	2022	6	14	"iNaturalist research-grade observations"	"HUMAN_OBSERVATION"	"GBIF"
3860156365	"Glyptemys insculpta"	-74.24162	41.163242	2022	6	4	"iNaturalist research-grade observations"	"HUMAN_OBSERVATION"	"GBIF"
3860224990	"Glyptemys insculpta"	-84.084075	45.015804	2022	6	2	"iNaturalist research-grade observations"	"HUMAN_OBSERVATION"	"GBIF"
3860249107	"Glyptemys insculpta"	-70.581936	45.146609	2022	6	25	"iNaturalist research-grade observations"	"HUMAN_OBSERVATION"	"GBIF"
3860277185	"Glyptemys insculpta"	-78.505885	39.953546	2022	6	10	"iNaturalist research-grade observations"	"HUMAN_OBSERVATION"	"GBIF"
3860280701	"Glyptemys insculpta"	-78.413943	39.247311	2022	6	21	"iNaturalist research-grade observations"	"HUMAN_OBSERVATION"	"GBIF"
3860286066	"Glyptemys insculpta"	-77.161833	40.463865	2022	6	2	"iNaturalist research-grade observations"	"HUMAN_OBSERVATION"	"GBIF"
3860290043	"Glyptemys insculpta"	-75.789066	40.966236	2022	6	24	"iNaturalist research-grade observations"	"HUMAN_OBSERVATION"	"GBIF"
3860291694	"Glyptemys insculpta"	-78.110417	41.233704	2022	6	30	"iNaturalist research-grade observations"	"HUMAN_OBSERVATION"	"GBIF"
3860308924	"Glyptemys insculpta"	-85.530233	43.604223	2022	6	4	"iNaturalist research-grade observations"	"HUMAN_OBSERVATION"	"GBIF"
3860317706	"Glyptemys insculpta"	-78.699867	38.943455	2022	6	6	"iNaturalist research-grade observations"	"HUMAN_OBSERVATION"	"GBIF"
3860332613	"Glyptemys insculpta"	-76.552686	42.493594	2022	6	29	"iNaturalist research-grade observations"	"HUMAN_OBSERVATION"	"GBIF"
3860369231	"Glyptemys insculpta"	-75.676809	40.322622	2022	6	1	"iNaturalist research-grade observations"	"HUMAN_OBSERVATION"	"GBIF"
3860378018	"Glyptemys insculpta"	-74.966514	40.830273	2022	6	1	"iNaturalist research-grade observations"	"HUMAN_OBSERVATION"	"GBIF"
3860430223	"Glyptemys insculpta"	-85.80009	44.347027	2022	6	17	"iNaturalist research-grade observations"	"HUMAN_OBSERVATION"	"GBIF"
3860452668	"Glyptemys insculpta"	-78.596299	39.212886	2022	6	21	"iNaturalist research-grade observations"	"HUMAN_OBSERVATION"	"GBIF"
3860460184	"Glyptemys insculpta"	-77.809294	39.77028	2022	6	18	"iNaturalist research-grade observations"	"HUMAN_OBSERVATION"	"GBIF"
3860469318	"Glyptemys insculpta"	-78.232658	40.534702	2022	6	2	"iNaturalist research-grade observations"	"HUMAN_OBSERVATION"	"GBIF"
3860474563	"Glyptemys insculpta"	-74.894692	42.693692	2022	6	5	"iNaturalist research-grade observations"	"HUMAN_OBSERVATION"	"GBIF"
3860490999	"Glyptemys insculpta"	-75.715624	40.024532	2022	6	25	"iNaturalist research-grade observations"	"HUMAN_OBSERVATION"	"GBIF"
3860496295	"Glyptemys insculpta"	-78.312414	41.748472	2022	6	9	"iNaturalist research-grade observations"	"HUMAN_OBSERVATION"	"GBIF"
3860504256	"Glyptemys insculpta"	-75.557858	40.158081	2022	6	3	"iNaturalist research-grade observations"	"HUMAN_OBSERVATION"	"GBIF"
3860543931	"Glyptemys insculpta"	-72.745893	42.594876	2022	6	8	"iNaturalist research-grade observations"	"HUMAN_OBSERVATION"	"GBIF"
3860590230	"Glyptemys insculpta"	-92.272216	47.517922	2022	6	22	"iNaturalist research-grade observations"	"HUMAN_OBSERVATION"	"GBIF"
3860591612	"Glyptemys insculpta"	-86.194242	43.83216	2022	6	20	"iNaturalist research-grade observations"	"HUMAN_OBSERVATION"	"GBIF"
3860639924	"Glyptemys insculpta"	-84.62385	43.676781	2022	6	8	"iNaturalist research-grade observations"	"HUMAN_OBSERVATION"	"GBIF"
3860707897	"Glyptemys insculpta"	-72.954702	41.861388	2022	6	8	"iNaturalist research-grade observations"	"HUMAN_OBSERVATION"	"GBIF"
3860811441	"Glyptemys insculpta"	-78.226713	39.73593	2022	6	10	"iNaturalist research-grade observations"	"HUMAN_OBSERVATION"	"GBIF"
3873280459	"Glyptemys insculpta"	-85.43205	43.699704	2022	6	4	"iNaturalist research-grade observations"	"HUMAN_OBSERVATION"	"GBIF"
3873527722	"Glyptemys insculpta"	-77.946332	39.261246	2022	6	13	"iNaturalist research-grade observations"	"HUMAN_OBSERVATION"	"GBIF"
3881563415	"Glyptemys insculpta"	-72.450916	42.909008	2022	6	12	"iNaturalist research-grade observations"	"HUMAN_OBSERVATION"	"GBIF"
3881825939	"Glyptemys insculpta"	-90.727621	46.279598	2022	6	13	"iNaturalist research-grade observations"	"HUMAN_OBSERVATION"	"GBIF"
3858828272	"Glyptemys insculpta"	-77.80767	40.89406	2022	7	2	"iNaturalist research-grade observations"	"HUMAN_OBSERVATION"	"GBIF"
3858848158	"Glyptemys insculpta"	-77.91505	40.962297	2022	7	3	"iNaturalist research-grade observations"	"HUMAN_OBSERVATION"	"GBIF"
3858987158	"Glyptemys insculpta"	-77.300826	41.366492	2022	7	1	"iNaturalist research-grade observations"	"HUMAN_OBSERVATION"	"GBIF"
3859597935	"Glyptemys insculpta"	-69.433152	46.856239	2022	7	1	"iNaturalist research-grade observations"	"HUMAN_OBSERVATION"	"GBIF"
3860353933	"Glyptemys insculpta"	-69.522527	46.983831	2022	7	1	"iNaturalist research-grade observations"	"HUMAN_OBSERVATION"	"GBIF"
3860748598	"Glyptemys insculpta"	-79.771499	40.881635	2022	7	6	"iNaturalist research-grade observations"	"HUMAN_OBSERVATION"	"GBIF"
3873231033	"Glyptemys insculpta"	-78.461964	39.262597	2022	7	10	"iNaturalist research-grade observations"	"HUMAN_OBSERVATION"	"GBIF"
3873277180	"Glyptemys insculpta"	-75.266703	42.143234	2022	7	10	"iNaturalist research-grade observations"	"HUMAN_OBSERVATION"	"GBIF"
3873386607	"Glyptemys insculpta"	-85.74741	43.500891	2022	7	3	"iNaturalist research-grade observations"	"HUMAN_OBSERVATION"	"GBIF"
3873394339	"Glyptemys insculpta"	-77.188229	41.047378	2022	7	8	"iNaturalist research-grade observations"	"HUMAN_OBSERVATION"	"GBIF"
3873483074	"Glyptemys insculpta"	-72.179675	43.996895	2022	7	23	"iNaturalist research-grade observations"	"HUMAN_OBSERVATION"	"GBIF"
3873494607	"Glyptemys insculpta"	-75.88506	40.774321	2022	7	16	"iNaturalist research-grade observations"	"HUMAN_OBSERVATION"	"GBIF"
3873532875	"Glyptemys insculpta"	-74.468161	41.691967	2022	7	25	"iNaturalist research-grade observations"	"HUMAN_OBSERVATION"	"GBIF"
3873579431	"Glyptemys insculpta"	-79.784349	40.886861	2022	7	18	"iNaturalist research-grade observations"	"HUMAN_OBSERVATION"	"GBIF"
3873581917	"Glyptemys insculpta"	-76.114846	40.969099	2022	7	5	"iNaturalist research-grade observations"	"HUMAN_OBSERVATION"	"GBIF"
3873632083	"Glyptemys insculpta"	-78.469672	39.787024	2022	7	10	"iNaturalist research-grade observations"	"HUMAN_OBSERVATION"	"GBIF"
3873656641	"Glyptemys insculpta"	-78.492815	39.643558	2022	7	24	"iNaturalist research-grade observations"	"HUMAN_OBSERVATION"	"GBIF"
3873671649	"Glyptemys insculpta"	-77.597178	40.223302	2022	7	14	"iNaturalist research-grade observations"	"HUMAN_OBSERVATION"	"GBIF"
3873674463	"Glyptemys insculpta"	-72.664779	43.407935	2022	7	13	"iNaturalist research-grade observations"	"HUMAN_OBSERVATION"	"GBIF"
3873683177	"Glyptemys insculpta"	-77.58526	40.986185	2022	7	12	"iNaturalist research-grade observations"	"HUMAN_OBSERVATION"	"GBIF"
3873757307	"Glyptemys insculpta"	-86.037808	44.388096	2022	7	11	"iNaturalist research-grade observations"	"HUMAN_OBSERVATION"	"GBIF"
3873778314	"Glyptemys insculpta"	-89.856617	46.271814	2022	7	2	"iNaturalist research-grade observations"	"HUMAN_OBSERVATION"	"GBIF"
3873781420	"Glyptemys insculpta"	-74.894833	40.904557	2022	7	21	"iNaturalist research-grade observations"	"HUMAN_OBSERVATION"	"GBIF"
3873896378	"Glyptemys insculpta"	-68.894717	46.643525	2022	7	17	"iNaturalist research-grade observations"	"HUMAN_OBSERVATION"	"GBIF"
3873916942	"Glyptemys insculpta"	-74.127048	41.886373	2022	7	16	"iNaturalist research-grade observations"	"HUMAN_OBSERVATION"	"GBIF"
3873943578	"Glyptemys insculpta"	-75.628906	43.33561	2022	7	9	"iNaturalist research-grade observations"	"HUMAN_OBSERVATION"	"GBIF"
3873968345	"Glyptemys insculpta"	-68.766169	45.821465	2022	7	23	"iNaturalist research-grade observations"	"HUMAN_OBSERVATION"	"GBIF"
3873981138	"Glyptemys insculpta"	-71.63768	43.063938	2022	7	12	"iNaturalist research-grade observations"	"HUMAN_OBSERVATION"	"GBIF"
3873999633	"Glyptemys insculpta"	-78.655492	39.510681	2022	7	23	"iNaturalist research-grade observations"	"HUMAN_OBSERVATION"	"GBIF"
3874120419	"Glyptemys insculpta"	-76.129723	40.526347	2022	7	9	"iNaturalist research-grade observations"	"HUMAN_OBSERVATION"	"GBIF"
3881821946	"Glyptemys insculpta"	-71.945237	43.544542	2022	7	30	"iNaturalist research-grade observations"	"HUMAN_OBSERVATION"	"GBIF"
3889063911	"Glyptemys insculpta"	-74.926576	43.612823	2022	7	12	"iNaturalist research-grade observations"	"HUMAN_OBSERVATION"	"GBIF"
3892326095	"Glyptemys insculpta"	-91.625498	46.489993	2022	7	27	"iNaturalist research-grade observations"	"HUMAN_OBSERVATION"	"GBIF"
3892603173	"Glyptemys insculpta"	-85.319984	43.960088	2022	7	24	"iNaturalist research-grade observations"	"HUMAN_OBSERVATION"	"GBIF"
3881903762	"Glyptemys insculpta"	-83.569304	45.178933	2022	8	1	"iNaturalist research-grade observations"	"HUMAN_OBSERVATION"	"GBIF"
3888724789	"Glyptemys insculpta"	-85.853441	44.255427	2022	8	7	"iNaturalist research-grade observations"	"HUMAN_OBSERVATION"	"GBIF"
3888875927	"Glyptemys insculpta"	-74.891316	40.834929	2022	8	7	"iNaturalist research-grade observations"	"HUMAN_OBSERVATION"	"GBIF"
3888955742	"Glyptemys insculpta"	-72.588031	43.123075	2022	8	4	"iNaturalist research-grade observations"	"HUMAN_OBSERVATION"	"GBIF"
3888971916	"Glyptemys insculpta"	-83.99366	45.155649	2022	8	4	"iNaturalist research-grade observations"	"HUMAN_OBSERVATION"	"GBIF"
3889007620	"Glyptemys insculpta"	-84.058706	45.044021	2022	8	2	"iNaturalist research-grade observations"	"HUMAN_OBSERVATION"	"GBIF"
3889129599	"Glyptemys insculpta"	-84.216277	45.285431	2022	8	1	"iNaturalist research-grade observations"	"HUMAN_OBSERVATION"	"GBIF"
3889143911	"Glyptemys insculpta"	-74.338483	41.829323	2022	8	7	"iNaturalist research-grade observations"	"HUMAN_OBSERVATION"	"GBIF"
3889217554	"Glyptemys insculpta"	-86.007114	43.808137	2022	8	6	"iNaturalist research-grade observations"	"HUMAN_OBSERVATION"	"GBIF"
3889232542	"Glyptemys insculpta"	-72.369886	41.93656	2022	8	8	"iNaturalist research-grade observations"	"HUMAN_OBSERVATION"	"GBIF"
3892655660	"Glyptemys insculpta"	-74.193275	42.403634	2022	8	10	"iNaturalist research-grade observations"	"HUMAN_OBSERVATION"	"GBIF"
3892703302	"Glyptemys insculpta"	-72.34608	43.439202	2022	8	16	"iNaturalist research-grade observations"	"HUMAN_OBSERVATION"	"GBIF"
3070384898	"Glyptemys insculpta"	-69.778606	44.142964	2021	3	21	"iNaturalist research-grade observations"	"HUMAN_OBSERVATION"	"GBIF"
3070456504	"Glyptemys insculpta"	-69.701304	44.19609	2021	3	21	"iNaturalist research-grade observations"	"HUMAN_OBSERVATION"	"GBIF"
3070607514	"Glyptemys insculpta"	-69.645575	44.015899	2021	3	21	"iNaturalist research-grade observations"	"HUMAN_OBSERVATION"	"GBIF"
3109333443	"Glyptemys insculpta"	-77.842317	40.706198	2021	3	23	"iNaturalist research-grade observations"	"HUMAN_OBSERVATION"	"GBIF"
3079587052	"Glyptemys insculpta"	-84.438441	45.205377	2021	4	7	"iNaturalist research-grade observations"	"HUMAN_OBSERVATION"	"GBIF"
3079626622	"Glyptemys insculpta"	-72.574614	41.574571	2021	4	4	"iNaturalist research-grade observations"	"HUMAN_OBSERVATION"	"GBIF"
3079787054	"Glyptemys insculpta"	-77.803303	40.524296	2021	4	7	"iNaturalist research-grade observations"	"HUMAN_OBSERVATION"	"GBIF"
3090612177	"Glyptemys insculpta"	-84.955053	43.995014	2021	4	6	"iNaturalist research-grade observations"	"HUMAN_OBSERVATION"	"GBIF"
3090652729	"Glyptemys insculpta"	-84.914579	43.930634	2021	4	13	"iNaturalist research-grade observations"	"HUMAN_OBSERVATION"	"GBIF"
3090678539	"Glyptemys insculpta"	-83.914987	45.158021	2021	4	8	"iNaturalist research-grade observations"	"HUMAN_OBSERVATION"	"GBIF"
3090764059	"Glyptemys insculpta"	-72.917515	42.294042	2021	4	9	"iNaturalist research-grade observations"	"HUMAN_OBSERVATION"	"GBIF"
3090788277	"Glyptemys insculpta"	-75.527926	40.418193	2021	4	10	"iNaturalist research-grade observations"	"HUMAN_OBSERVATION"	"GBIF"
3090927744	"Glyptemys insculpta"	-72.280761	43.777144	2021	4	13	"iNaturalist research-grade observations"	"HUMAN_OBSERVATION"	"GBIF"
3097012234	"Glyptemys insculpta"	-78.390643	39.190455	2021	4	19	"iNaturalist research-grade observations"	"HUMAN_OBSERVATION"	"GBIF"
3097307985	"Glyptemys insculpta"	-78.559588	39.104834	2021	4	18	"iNaturalist research-grade observations"	"HUMAN_OBSERVATION"	"GBIF"
3097400606	"Glyptemys insculpta"	-78.862206	40.383658	2021	4	22	"iNaturalist research-grade observations"	"HUMAN_OBSERVATION"	"GBIF"
3109033719	"Glyptemys insculpta"	-76.723964	41.094386	2021	4	24	"iNaturalist research-grade observations"	"HUMAN_OBSERVATION"	"GBIF"
3109118457	"Glyptemys insculpta"	-71.576608	42.446038	2021	4	26	"iNaturalist research-grade observations"	"HUMAN_OBSERVATION"	"GBIF"
3109282841	"Glyptemys insculpta"	-77.557066	40.1217	2021	4	25	"iNaturalist research-grade observations"	"HUMAN_OBSERVATION"	"GBIF"
3109283578	"Glyptemys insculpta"	-76.171734	42.016052	2021	4	23	"iNaturalist research-grade observations"	"HUMAN_OBSERVATION"	"GBIF"
3109283835	"Glyptemys insculpta"	-79.746645	41.419028	2021	4	24	"iNaturalist research-grade observations"	"HUMAN_OBSERVATION"	"GBIF"
3109391400	"Glyptemys insculpta"	-78.753947	41.520927	2021	4	28	"iNaturalist research-grade observations"	"HUMAN_OBSERVATION"	"GBIF"
3113309464	"Glyptemys insculpta"	-78.445525	39.349988	2021	4	20	"iNaturalist research-grade observations"	"HUMAN_OBSERVATION"	"GBIF"
3113333454	"Glyptemys insculpta"	-78.480005	39.274239	2021	4	20	"iNaturalist research-grade observations"	"HUMAN_OBSERVATION"	"GBIF"
3113395892	"Glyptemys insculpta"	-79.943523	40.764989	2021	4	24	"iNaturalist research-grade observations"	"HUMAN_OBSERVATION"	"GBIF"
3307120565	"Glyptemys insculpta"	-78.501863	39.344615	2021	4	17	"iNaturalist research-grade observations"	"HUMAN_OBSERVATION"	"GBIF"
3307407569	"Glyptemys insculpta"	-78.467898	39.315126	2021	4	17	"iNaturalist research-grade observations"	"HUMAN_OBSERVATION"	"GBIF"
3321063842	"Glyptemys insculpta"	-75.165832	40.526924	2021	4	30	"iNaturalist research-grade observations"	"HUMAN_OBSERVATION"	"GBIF"
3747233785	"Glyptemys insculpta"	-71.504175	42.124327	2021	4	6	"iNaturalist research-grade observations"	"HUMAN_OBSERVATION"	"GBIF"
3112406762	"Glyptemys insculpta"	-75.845882	41.451183	2021	5	2	"iNaturalist research-grade observations"	"HUMAN_OBSERVATION"	"GBIF"
3112510414	"Glyptemys insculpta"	-78.606994	39.594243	2021	5	4	"iNaturalist research-grade observations"	"HUMAN_OBSERVATION"	"GBIF"
3112792470	"Glyptemys insculpta"	-77.939088	40.696486	2021	5	4	"iNaturalist research-grade observations"	"HUMAN_OBSERVATION"	"GBIF"
3112921874	"Glyptemys insculpta"	-85.663822	44.730163	2021	5	3	"iNaturalist research-grade observations"	"HUMAN_OBSERVATION"	"GBIF"
3112961818	"Glyptemys insculpta"	-78.659162	39.556701	2021	5	4	"iNaturalist research-grade observations"	"HUMAN_OBSERVATION"	"GBIF"
3113271731	"Glyptemys insculpta"	-73.487538	42.489469	2021	5	7	"iNaturalist research-grade observations"	"HUMAN_OBSERVATION"	"GBIF"
3113300635	"Glyptemys insculpta"	-72.815478	44.309391	2021	5	6	"iNaturalist research-grade observations"	"HUMAN_OBSERVATION"	"GBIF"
3113329557	"Glyptemys insculpta"	-78.312162	39.183055	2021	5	2	"iNaturalist research-grade observations"	"HUMAN_OBSERVATION"	"GBIF"
3113443725	"Glyptemys insculpta"	-75.782347	40.90029	2021	5	7	"iNaturalist research-grade observations"	"HUMAN_OBSERVATION"	"GBIF"
3113469498	"Glyptemys insculpta"	-72.464813	43.338135	2021	5	9	"iNaturalist research-grade observations"	"HUMAN_OBSERVATION"	"GBIF"
3113509867	"Glyptemys insculpta"	-78.550617	39.074371	2021	5	5	"iNaturalist research-grade observations"	"HUMAN_OBSERVATION"	"GBIF"
3113705786	"Glyptemys insculpta"	-91.735353	47.354328	2021	5	12	"iNaturalist research-grade observations"	"HUMAN_OBSERVATION"	"GBIF"
3117766604	"Glyptemys insculpta"	-88.115501	44.64601	2021	5	13	"iNaturalist research-grade observations"	"HUMAN_OBSERVATION"	"GBIF"
3117826277	"Glyptemys insculpta"	-77.78239	39.276035	2021	5	17	"iNaturalist research-grade observations"	"HUMAN_OBSERVATION"	"GBIF"
3117828155	"Glyptemys insculpta"	-84.870831	43.439974	2021	5	16	"iNaturalist research-grade observations"	"HUMAN_OBSERVATION"	"GBIF"
3117839670	"Glyptemys insculpta"	-84.755991	43.633331	2021	5	12	"iNaturalist research-grade observations"	"HUMAN_OBSERVATION"	"GBIF"
3118187680	"Glyptemys insculpta"	-76.562224	42.517852	2021	5	20	"iNaturalist research-grade observations"	"HUMAN_OBSERVATION"	"GBIF"
3118205434	"Glyptemys insculpta"	-73.497414	44.511703	2021	5	18	"iNaturalist research-grade observations"	"HUMAN_OBSERVATION"	"GBIF"
3118230112	"Glyptemys insculpta"	-72.147226	42.946363	2021	5	13	"iNaturalist research-grade observations"	"HUMAN_OBSERVATION"	"GBIF"
3118326197	"Glyptemys insculpta"	-79.21726	40.213555	2021	5	15	"iNaturalist research-grade observations"	"HUMAN_OBSERVATION"	"GBIF"
3118408587	"Glyptemys insculpta"	-72.596189	42.905	2021	5	19	"iNaturalist research-grade observations"	"HUMAN_OBSERVATION"	"GBIF"
3118446424	"Glyptemys insculpta"	-75.460406	40.940632	2021	5	18	"iNaturalist research-grade observations"	"HUMAN_OBSERVATION"	"GBIF"
3118481490	"Glyptemys insculpta"	-74.997429	40.995224	2021	5	18	"iNaturalist research-grade observations"	"HUMAN_OBSERVATION"	"GBIF"
3118497749	"Glyptemys insculpta"	-73.408352	44.441253	2021	5	18	"iNaturalist research-grade observations"	"HUMAN_OBSERVATION"	"GBIF"
3124533698	"Glyptemys insculpta"	-77.65998	40.081064	2021	5	22	"iNaturalist research-grade observations"	"HUMAN_OBSERVATION"	"GBIF"
3124536800	"Glyptemys insculpta"	-91.901212	45.945541	2021	5	16	"iNaturalist research-grade observations"	"HUMAN_OBSERVATION"	"GBIF"
3124605526	"Glyptemys insculpta"	-78.417338	39.25917	2021	5	18	"iNaturalist research-grade observations"	"HUMAN_OBSERVATION"	"GBIF"
3124632878	"Glyptemys insculpta"	-75.088885	44.436486	2021	5	25	"iNaturalist research-grade observations"	"HUMAN_OBSERVATION"	"GBIF"
3124633126	"Glyptemys insculpta"	-73.562158	41.292269	2021	5	26	"iNaturalist research-grade observations"	"HUMAN_OBSERVATION"	"GBIF"
3124634219	"Glyptemys insculpta"	-75.143238	44.490451	2021	5	25	"iNaturalist research-grade observations"	"HUMAN_OBSERVATION"	"GBIF"
3124636972	"Glyptemys insculpta"	-77.898114	39.065404	2021	5	4	"iNaturalist research-grade observations"	"HUMAN_OBSERVATION"	"GBIF"
3124693948	"Glyptemys insculpta"	-74.714487	41.170472	2021	5	27	"iNaturalist research-grade observations"	"HUMAN_OBSERVATION"	"GBIF"
3124699680	"Glyptemys insculpta"	-77.837037	40.266229	2021	5	24	"iNaturalist research-grade observations"	"HUMAN_OBSERVATION"	"GBIF"
3124720049	"Glyptemys insculpta"	-71.819156	42.091889	2021	5	22	"iNaturalist research-grade observations"	"HUMAN_OBSERVATION"	"GBIF"
3124746334	"Glyptemys insculpta"	-78.401332	39.802321	2021	5	26	"iNaturalist research-grade observations"	"HUMAN_OBSERVATION"	"GBIF"
3124779683	"Glyptemys insculpta"	-74.193577	42.293649	2021	5	18	"iNaturalist research-grade observations"	"HUMAN_OBSERVATION"	"GBIF"
3124792093	"Glyptemys insculpta"	-72.009694	42.880831	2021	5	25	"iNaturalist research-grade observations"	"HUMAN_OBSERVATION"	"GBIF"
3124850390	"Glyptemys insculpta"	-77.198339	38.846389	2021	5	15	"iNaturalist research-grade observations"	"HUMAN_OBSERVATION"	"GBIF"
3124852066	"Glyptemys insculpta"	-68.690034	45.297109	2021	5	25	"iNaturalist research-grade observations"	"HUMAN_OBSERVATION"	"GBIF"
3124854424	"Glyptemys insculpta"	-77.067871	40.511273	2021	5	22	"iNaturalist research-grade observations"	"HUMAN_OBSERVATION"	"GBIF"
3124925068	"Glyptemys insculpta"	-78.499125	39.174594	2021	5	23	"iNaturalist research-grade observations"	"HUMAN_OBSERVATION"	"GBIF"
3301996158	"Glyptemys insculpta"	-78.575948	39.294636	2021	5	27	"iNaturalist research-grade observations"	"HUMAN_OBSERVATION"	"GBIF"
3302068882	"Glyptemys insculpta"	-85.978997	44.352898	2021	5	23	"iNaturalist research-grade observations"	"HUMAN_OBSERVATION"	"GBIF"
3302199174	"Glyptemys insculpta"	-72.106632	42.684297	2021	5	28	"iNaturalist research-grade observations"	"HUMAN_OBSERVATION"	"GBIF"
3302371069	"Glyptemys insculpta"	-74.529135	41.066567	2021	5	31	"iNaturalist research-grade observations"	"HUMAN_OBSERVATION"	"GBIF"
3307189416	"Glyptemys insculpta"	-93.189145	44.486046	2021	5	9	"iNaturalist research-grade observations"	"HUMAN_OBSERVATION"	"GBIF"
3307208777	"Glyptemys insculpta"	-75.731107	41.423732	2021	5	29	"iNaturalist research-grade observations"	"HUMAN_OBSERVATION"	"GBIF"
3355527479	"Glyptemys insculpta"	-72.250343	41.872186	2021	5	18	"iNaturalist research-grade observations"	"HUMAN_OBSERVATION"	"GBIF"
3384072322	"Glyptemys insculpta"	-74.220028	41.325747	2021	5	26	"iNaturalist research-grade observations"	"HUMAN_OBSERVATION"	"GBIF"
3384260015	"Glyptemys insculpta"	-77.245748	40.119	2021	5	15	"iNaturalist research-grade observations"	"HUMAN_OBSERVATION"	"GBIF"
3456833491	"Glyptemys insculpta"	-77.866559	40.778562	2021	5	31	"iNaturalist research-grade observations"	"HUMAN_OBSERVATION"	"GBIF"
3468948613	"Glyptemys insculpta"	-75.694836	40.821764	2021	5	23	"iNaturalist research-grade observations"	"HUMAN_OBSERVATION"	"GBIF"
3698072494	"Glyptemys insculpta"	-77.236234	39.046448	2021	5	2	"iNaturalist research-grade observations"	"HUMAN_OBSERVATION"	"GBIF"
3873120561	"Glyptemys insculpta"	-75.486695	40.528091	2021	5	1	"iNaturalist research-grade observations"	"HUMAN_OBSERVATION"	"GBIF"
3301849969	"Glyptemys insculpta"	-72.090263	43.832746	2021	6	9	"iNaturalist research-grade observations"	"HUMAN_OBSERVATION"	"GBIF"
3301943335	"Glyptemys insculpta"	-78.692224	39.544468	2021	6	4	"iNaturalist research-grade observations"	"HUMAN_OBSERVATION"	"GBIF"
3301947316	"Glyptemys insculpta"	-78.701652	39.061484	2021	6	6	"iNaturalist research-grade observations"	"HUMAN_OBSERVATION"	"GBIF"
3301998842	"Glyptemys insculpta"	-83.517504	44.467865	2021	6	8	"iNaturalist research-grade observations"	"HUMAN_OBSERVATION"	"GBIF"
3302012143	"Glyptemys insculpta"	-78.206548	40.577943	2021	6	5	"iNaturalist research-grade observations"	"HUMAN_OBSERVATION"	"GBIF"
3302071604	"Glyptemys insculpta"	-72.153551	43.626974	2021	6	3	"iNaturalist research-grade observations"	"HUMAN_OBSERVATION"	"GBIF"
3302073699	"Glyptemys insculpta"	-76.967215	40.323753	2021	6	8	"iNaturalist research-grade observations"	"HUMAN_OBSERVATION"	"GBIF"
3302112566	"Glyptemys insculpta"	-72.24136	41.936673	2021	6	8	"iNaturalist research-grade observations"	"HUMAN_OBSERVATION"	"GBIF"
3302131500	"Glyptemys insculpta"	-72.286196	42.169928	2021	6	8	"iNaturalist research-grade observations"	"HUMAN_OBSERVATION"	"GBIF"
3302183939	"Glyptemys insculpta"	-72.598224	43.082057	2021	6	4	"iNaturalist research-grade observations"	"HUMAN_OBSERVATION"	"GBIF"
3302207973	"Glyptemys insculpta"	-74.735251	40.826603	2021	6	7	"iNaturalist research-grade observations"	"HUMAN_OBSERVATION"	"GBIF"
3302315236	"Glyptemys insculpta"	-75.383241	40.748016	2021	6	4	"iNaturalist research-grade observations"	"HUMAN_OBSERVATION"	"GBIF"
3302317555	"Glyptemys insculpta"	-85.64699	44.119824	2021	6	5	"iNaturalist research-grade observations"	"HUMAN_OBSERVATION"	"GBIF"
3302414076	"Glyptemys insculpta"	-84.386314	45.305452	2021	6	6	"iNaturalist research-grade observations"	"HUMAN_OBSERVATION"	"GBIF"
3302439364	"Glyptemys insculpta"	-71.799573	44.365125	2021	6	8	"iNaturalist research-grade observations"	"HUMAN_OBSERVATION"	"GBIF"
3302456747	"Glyptemys insculpta"	-77.871053	40.2454	2021	6	8	"iNaturalist research-grade observations"	"HUMAN_OBSERVATION"	"GBIF"
3302487224	"Glyptemys insculpta"	-77.843598	41.795204	2021	6	10	"iNaturalist research-grade observations"	"HUMAN_OBSERVATION"	"GBIF"
3302537779	"Glyptemys insculpta"	-77.218805	39.994771	2021	6	7	"iNaturalist research-grade observations"	"HUMAN_OBSERVATION"	"GBIF"
3307134759	"Glyptemys insculpta"	-78.283212	40.297799	2021	6	11	"iNaturalist research-grade observations"	"HUMAN_OBSERVATION"	"GBIF"
3307149965	"Glyptemys insculpta"	-75.142773	41.104846	2021	6	5	"iNaturalist research-grade observations"	"HUMAN_OBSERVATION"	"GBIF"
3307170606	"Glyptemys insculpta"	-76.431032	40.851112	2021	6	9	"iNaturalist research-grade observations"	"HUMAN_OBSERVATION"	"GBIF"
3307178198	"Glyptemys insculpta"	-72.514754	42.416524	2021	6	4	"iNaturalist research-grade observations"	"HUMAN_OBSERVATION"	"GBIF"
3307191839	"Glyptemys insculpta"	-85.138127	44.248425	2021	6	11	"iNaturalist research-grade observations"	"HUMAN_OBSERVATION"	"GBIF"
3307205624	"Glyptemys insculpta"	-74.811117	42.707396	2021	6	12	"iNaturalist research-grade observations"	"HUMAN_OBSERVATION"	"GBIF"
3307325709	"Glyptemys insculpta"	-79.202052	41.612564	2021	6	10	"iNaturalist research-grade observations"	"HUMAN_OBSERVATION"	"GBIF"
3307424775	"Glyptemys insculpta"	-72.207471	41.798587	2021	6	16	"iNaturalist research-grade observations"	"HUMAN_OBSERVATION"	"GBIF"
3307442676	"Glyptemys insculpta"	-76.458221	40.42792	2021	6	6	"iNaturalist research-grade observations"	"HUMAN_OBSERVATION"	"GBIF"
3307490117	"Glyptemys insculpta"	-91.634949	45.92148	2021	6	16	"iNaturalist research-grade observations"	"HUMAN_OBSERVATION"	"GBIF"
3314179863	"Glyptemys insculpta"	-83.577272	44.588283	2021	6	8	"iNaturalist research-grade observations"	"HUMAN_OBSERVATION"	"GBIF"
3314203865	"Glyptemys insculpta"	-74.010368	41.656253	2021	6	13	"iNaturalist research-grade observations"	"HUMAN_OBSERVATION"	"GBIF"
3314204827	"Glyptemys insculpta"	-72.816215	43.242388	2021	6	8	"iNaturalist research-grade observations"	"HUMAN_OBSERVATION"	"GBIF"
3314213108	"Glyptemys insculpta"	-73.989431	42.130012	2021	6	20	"iNaturalist research-grade observations"	"HUMAN_OBSERVATION"	"GBIF"
3314221174	"Glyptemys insculpta"	-74.913478	42.720143	2021	6	21	"iNaturalist research-grade observations"	"HUMAN_OBSERVATION"	"GBIF"
3314225718	"Glyptemys insculpta"	-78.198139	39.979982	2021	6	15	"iNaturalist research-grade observations"	"HUMAN_OBSERVATION"	"GBIF"
3314231975	"Glyptemys insculpta"	-72.521989	42.947642	2021	6	19	"iNaturalist research-grade observations"	"HUMAN_OBSERVATION"	"GBIF"
3314236766	"Glyptemys insculpta"	-75.364115	44.61756	2021	6	11	"iNaturalist research-grade observations"	"HUMAN_OBSERVATION"	"GBIF"
3314253841	"Glyptemys insculpta"	-75.708793	39.675477	2021	6	19	"iNaturalist research-grade observations"	"HUMAN_OBSERVATION"	"GBIF"
3314287558	"Glyptemys insculpta"	-72.303301	42.424381	2021	6	24	"iNaturalist research-grade observations"	"HUMAN_OBSERVATION"	"GBIF"
3314293903	"Glyptemys insculpta"	-74.106743	41.692209	2021	6	14	"iNaturalist research-grade observations"	"HUMAN_OBSERVATION"	"GBIF"
3314308770	"Glyptemys insculpta"	-79.151435	40.318606	2021	6	18	"iNaturalist research-grade observations"	"HUMAN_OBSERVATION"	"GBIF"
3314463865	"Glyptemys insculpta"	-73.682581	41.256411	2021	6	19	"iNaturalist research-grade observations"	"HUMAN_OBSERVATION"	"GBIF"
3314597475	"Glyptemys insculpta"	-72.395584	43.873015	2021	6	8	"iNaturalist research-grade observations"	"HUMAN_OBSERVATION"	"GBIF"
3320863108	"Glyptemys insculpta"	-75.351599	41.883636	2021	6	28	"iNaturalist research-grade observations"	"HUMAN_OBSERVATION"	"GBIF"
3320946979	"Glyptemys insculpta"	-72.702255	42.839737	2021	6	27	"iNaturalist research-grade observations"	"HUMAN_OBSERVATION"	"GBIF"
3321083053	"Glyptemys insculpta"	-74.330152	41.690786	2021	6	27	"iNaturalist research-grade observations"	"HUMAN_OBSERVATION"	"GBIF"
3321127783	"Glyptemys insculpta"	-75.461308	40.285603	2021	6	26	"iNaturalist research-grade observations"	"HUMAN_OBSERVATION"	"GBIF"
3321166912	"Glyptemys insculpta"	-76.820702	40.359659	2021	6	26	"iNaturalist research-grade observations"	"HUMAN_OBSERVATION"	"GBIF"
3321206928	"Glyptemys insculpta"	-72.477287	43.227448	2021	6	23	"iNaturalist research-grade observations"	"HUMAN_OBSERVATION"	"GBIF"
3321208705	"Glyptemys insculpta"	-80.058646	40.667733	2021	6	25	"iNaturalist research-grade observations"	"HUMAN_OBSERVATION"	"GBIF"
3321249307	"Glyptemys insculpta"	-78.328414	40.315594	2021	6	28	"iNaturalist research-grade observations"	"HUMAN_OBSERVATION"	"GBIF"
3321249419	"Glyptemys insculpta"	-85.686763	43.430111	2021	6	30	"iNaturalist research-grade observations"	"HUMAN_OBSERVATION"	"GBIF"
3325579568	"Glyptemys insculpta"	-77.300256	39.099498	2021	6	30	"iNaturalist research-grade observations"	"HUMAN_OBSERVATION"	"GBIF"
3325675616	"Glyptemys insculpta"	-76.906897	41.088583	2021	6	9	"iNaturalist research-grade observations"	"HUMAN_OBSERVATION"	"GBIF"
3325682626	"Glyptemys insculpta"	-76.951234	41.0804	2021	6	13	"iNaturalist research-grade observations"	"HUMAN_OBSERVATION"	"GBIF"
3325704625	"Glyptemys insculpta"	-76.883922	41.161726	2021	6	12	"iNaturalist research-grade observations"	"HUMAN_OBSERVATION"	"GBIF"
3325716637	"Glyptemys insculpta"	-73.805786	41.21181	2021	6	19	"iNaturalist research-grade observations"	"HUMAN_OBSERVATION"	"GBIF"
3327853528	"Glyptemys insculpta"	-78.485182	39.332341	2021	6	22	"iNaturalist research-grade observations"	"HUMAN_OBSERVATION"	"GBIF"
3333300274	"Glyptemys insculpta"	-78.276147	39.616634	2021	6	4	"iNaturalist research-grade observations"	"HUMAN_OBSERVATION"	"GBIF"
3338138109	"Glyptemys insculpta"	-76.556879	41.822605	2021	6	26	"iNaturalist research-grade observations"	"HUMAN_OBSERVATION"	"GBIF"
3344036110	"Glyptemys insculpta"	-75.124602	41.32003	2021	6	28	"iNaturalist research-grade observations"	"HUMAN_OBSERVATION"	"GBIF"
3355630494	"Glyptemys insculpta"	-75.26466	44.653924	2021	6	11	"iNaturalist research-grade observations"	"HUMAN_OBSERVATION"	"GBIF"
3384776604	"Glyptemys insculpta"	-86.11825	44.460212	2021	6	4	"iNaturalist research-grade observations"	"HUMAN_OBSERVATION"	"GBIF"
3399309314	"Glyptemys insculpta"	-75.200449	44.620484	2021	6	11	"iNaturalist research-grade observations"	"HUMAN_OBSERVATION"	"GBIF"
3415385656	"Glyptemys insculpta"	-78.523438	39.336846	2021	6	7	"iNaturalist research-grade observations"	"HUMAN_OBSERVATION"	"GBIF"
3456686724	"Glyptemys insculpta"	-74.064379	42.232606	2021	6	22	"iNaturalist research-grade observations"	"HUMAN_OBSERVATION"	"GBIF"
3784988530	"Glyptemys insculpta"	-75.350398	40.933556	2021	6	17	"iNaturalist research-grade observations"	"HUMAN_OBSERVATION"	"GBIF"
3325494935	"Glyptemys insculpta"	-78.562667	39.776636	2021	7	3	"iNaturalist research-grade observations"	"HUMAN_OBSERVATION"	"GBIF"
3325501639	"Glyptemys insculpta"	-87.974987	45.428567	2021	7	2	"iNaturalist research-grade observations"	"HUMAN_OBSERVATION"	"GBIF"
3325526905	"Glyptemys insculpta"	-89.119056	44.301461	2021	7	4	"iNaturalist research-grade observations"	"HUMAN_OBSERVATION"	"GBIF"
3325576276	"Glyptemys insculpta"	-79.585787	40.966654	2021	7	6	"iNaturalist research-grade observations"	"HUMAN_OBSERVATION"	"GBIF"
3325788146	"Glyptemys insculpta"	-71.40916	43.094188	2021	7	5	"iNaturalist research-grade observations"	"HUMAN_OBSERVATION"	"GBIF"
3325904336	"Glyptemys insculpta"	-73.368109	41.597717	2021	7	6	"iNaturalist research-grade observations"	"HUMAN_OBSERVATION"	"GBIF"
3327689950	"Glyptemys insculpta"	-78.453768	39.259371	2021	7	11	"iNaturalist research-grade observations"	"HUMAN_OBSERVATION"	"GBIF"
3327718150	"Glyptemys insculpta"	-76.850549	40.254087	2021	7	10	"iNaturalist research-grade observations"	"HUMAN_OBSERVATION"	"GBIF"
3327721844	"Glyptemys insculpta"	-78.628984	38.940303	2021	7	10	"iNaturalist research-grade observations"	"HUMAN_OBSERVATION"	"GBIF"
3327854429	"Glyptemys insculpta"	-71.50093	43.065228	2021	7	13	"iNaturalist research-grade observations"	"HUMAN_OBSERVATION"	"GBIF"
3327924008	"Glyptemys insculpta"	-78.479389	39.32643	2021	7	11	"iNaturalist research-grade observations"	"HUMAN_OBSERVATION"	"GBIF"
3327992700	"Glyptemys insculpta"	-78.056412	39.605228	2021	7	8	"iNaturalist research-grade observations"	"HUMAN_OBSERVATION"	"GBIF"
3327993741	"Glyptemys insculpta"	-75.090666	41.508451	2021	7	9	"iNaturalist research-grade observations"	"HUMAN_OBSERVATION"	"GBIF"
3328135333	"Glyptemys insculpta"	-74.500202	40.102808	2021	7	13	"iNaturalist research-grade observations"	"HUMAN_OBSERVATION"	"GBIF"
3330415051	"Glyptemys insculpta"	-69.386829	46.05728	2021	7	16	"iNaturalist research-grade observations"	"HUMAN_OBSERVATION"	"GBIF"
3330514787	"Glyptemys insculpta"	-71.9291	42.950298	2021	7	16	"iNaturalist research-grade observations"	"HUMAN_OBSERVATION"	"GBIF"
3330755289	"Glyptemys insculpta"	-72.330037	43.775432	2021	7	19	"iNaturalist research-grade observations"	"HUMAN_OBSERVATION"	"GBIF"
3333132049	"Glyptemys insculpta"	-73.786251	43.107615	2021	7	14	"iNaturalist research-grade observations"	"HUMAN_OBSERVATION"	"GBIF"
3333154528	"Glyptemys insculpta"	-78.647743	39.369728	2021	7	11	"iNaturalist research-grade observations"	"HUMAN_OBSERVATION"	"GBIF"
3333284179	"Glyptemys insculpta"	-74.346463	41.944263	2021	7	26	"iNaturalist research-grade observations"	"HUMAN_OBSERVATION"	"GBIF"
3335380863	"Glyptemys insculpta"	-85.790317	44.605661	2021	7	31	"iNaturalist research-grade observations"	"HUMAN_OBSERVATION"	"GBIF"
3343862490	"Glyptemys insculpta"	-73.345127	41.467499	2021	7	10	"iNaturalist research-grade observations"	"HUMAN_OBSERVATION"	"GBIF"
3383871810	"Glyptemys insculpta"	-79.540231	40.416566	2021	7	10	"iNaturalist research-grade observations"	"HUMAN_OBSERVATION"	"GBIF"
3384194809	"Glyptemys insculpta"	-78.399367	39.61579	2021	7	10	"iNaturalist research-grade observations"	"HUMAN_OBSERVATION"	"GBIF"
3456191893	"Glyptemys insculpta"	-78.426228	39.576868	2021	7	24	"iNaturalist research-grade observations"	"HUMAN_OBSERVATION"	"GBIF"
3335157065	"Glyptemys insculpta"	-84.417097	45.273588	2021	8	1	"iNaturalist research-grade observations"	"HUMAN_OBSERVATION"	"GBIF"
3335493461	"Glyptemys insculpta"	-72.164143	44.086107	2021	8	3	"iNaturalist research-grade observations"	"HUMAN_OBSERVATION"	"GBIF"
3337418247	"Glyptemys insculpta"	-78.443328	39.088938	2021	8	7	"iNaturalist research-grade observations"	"HUMAN_OBSERVATION"	"GBIF"
3337495161	"Glyptemys insculpta"	-80.10934	41.142152	2021	8	7	"iNaturalist research-grade observations"	"HUMAN_OBSERVATION"	"GBIF"
3337567017	"Glyptemys insculpta"	-84.414189	45.381952	2021	8	7	"iNaturalist research-grade observations"	"HUMAN_OBSERVATION"	"GBIF"
3337789555	"Glyptemys insculpta"	-84.279965	45.336631	2021	8	17	"iNaturalist research-grade observations"	"HUMAN_OBSERVATION"	"GBIF"
3337927421	"Glyptemys insculpta"	-72.603273	44.753351	2021	8	7	"iNaturalist research-grade observations"	"HUMAN_OBSERVATION"	"GBIF"
3338037459	"Glyptemys insculpta"	-69.362102	45.096613	2021	8	14	"iNaturalist research-grade observations"	"HUMAN_OBSERVATION"	"GBIF"
3343720755	"Glyptemys insculpta"	-72.270971	43.635628	2021	8	22	"iNaturalist research-grade observations"	"HUMAN_OBSERVATION"	"GBIF"
3343895596	"Glyptemys insculpta"	-87.39729	45.52029	2021	8	20	"iNaturalist research-grade observations"	"HUMAN_OBSERVATION"	"GBIF"
3343973746	"Glyptemys insculpta"	-74.816597	41.144806	2021	8	17	"iNaturalist research-grade observations"	"HUMAN_OBSERVATION"	"GBIF"
3344002129	"Glyptemys insculpta"	-72.527034	43.089	2021	8	26	"iNaturalist research-grade observations"	"HUMAN_OBSERVATION"	"GBIF"
3355360923	"Glyptemys insculpta"	-74.782466	41.364059	2021	8	27	"iNaturalist research-grade observations"	"HUMAN_OBSERVATION"	"GBIF"
3355415012	"Glyptemys insculpta"	-80.050153	41.020457	2021	8	7	"iNaturalist research-grade observations"	"HUMAN_OBSERVATION"	"GBIF"
3355586936	"Glyptemys insculpta"	-72.813376	43.082086	2021	9	4	"iNaturalist research-grade observations"	"HUMAN_OBSERVATION"	"GBIF"
3384424017	"Glyptemys insculpta"	-77.446111	40.359338	2021	9	21	"iNaturalist research-grade observations"	"HUMAN_OBSERVATION"	"GBIF"
3384740872	"Glyptemys insculpta"	-72.154692	43.866536	2021	9	22	"iNaturalist research-grade observations"	"HUMAN_OBSERVATION"	"GBIF"
3384748668	"Glyptemys insculpta"	-91.425455	46.627256	2021	9	11	"iNaturalist research-grade observations"	"HUMAN_OBSERVATION"	"GBIF"
3384776420	"Glyptemys insculpta"	-80.136164	40.889172	2021	9	10	"iNaturalist research-grade observations"	"HUMAN_OBSERVATION"	"GBIF"
3384990501	"Glyptemys insculpta"	-78.987196	41.830465	2021	9	11	"iNaturalist research-grade observations"	"HUMAN_OBSERVATION"	"GBIF"
3385194464	"Glyptemys insculpta"	-71.920538	43.495408	2021	9	6	"iNaturalist research-grade observations"	"HUMAN_OBSERVATION"	"GBIF"
3399138772	"Glyptemys insculpta"	-86.235385	44.237384	2021	9	4	"iNaturalist research-grade observations"	"HUMAN_OBSERVATION"	"GBIF"
3455777979	"Glyptemys insculpta"	-72.665597	42.222554	2021	9	20	"iNaturalist research-grade observations"	"HUMAN_OBSERVATION"	"GBIF"
3455865755	"Glyptemys insculpta"	-74.761175	44.083148	2021	9	4	"iNaturalist research-grade observations"	"HUMAN_OBSERVATION"	"GBIF"
3456139433	"Glyptemys insculpta"	-71.538464	43.243316	2021	9	12	"iNaturalist research-grade observations"	"HUMAN_OBSERVATION"	"GBIF"
3747317052	"Glyptemys insculpta"	-72.703201	42.861059	2021	9	7	"iNaturalist research-grade observations"	"HUMAN_OBSERVATION"	"GBIF"
3385149173	"Glyptemys insculpta"	-77.06858	41.095014	2021	10	2	"iNaturalist research-grade observations"	"HUMAN_OBSERVATION"	"GBIF"
3391331247	"Glyptemys insculpta"	-77.574367	39.351705	2021	10	13	"iNaturalist research-grade observations"	"HUMAN_OBSERVATION"	"GBIF"
3398760072	"Glyptemys insculpta"	-78.143438	41.564629	2021	10	15	"iNaturalist research-grade observations"	"HUMAN_OBSERVATION"	"GBIF"
3456611516	"Glyptemys insculpta"	-75.710434	43.356262	2021	10	14	"iNaturalist research-grade observations"	"HUMAN_OBSERVATION"	"GBIF"
2557743965	"Glyptemys insculpta"	-77.429398	39.4835	2020	1	10	"iNaturalist research-grade observations"	"HUMAN_OBSERVATION"	"GBIF"
2596399915	"Glyptemys insculpta"	-79.766885	40.841721	2020	3	29	"iNaturalist research-grade observations"	"HUMAN_OBSERVATION"	"GBIF"
2597702313	"Glyptemys insculpta"	-78.366117	39.771978	2020	3	29	"iNaturalist research-grade observations"	"HUMAN_OBSERVATION"	"GBIF"
2597686380	"Glyptemys insculpta"	-77.710436	40.964631	2020	4	5	"iNaturalist research-grade observations"	"HUMAN_OBSERVATION"	"GBIF"
2597853671	"Glyptemys insculpta"	-77.786874	39.816664	2020	4	5	"iNaturalist research-grade observations"	"HUMAN_OBSERVATION"	"GBIF"
2597889655	"Glyptemys insculpta"	-74.829952	41.148635	2020	4	6	"iNaturalist research-grade observations"	"HUMAN_OBSERVATION"	"GBIF"
2597909828	"Glyptemys insculpta"	-77.196953	38.872644	2020	4	7	"iNaturalist research-grade observations"	"HUMAN_OBSERVATION"	"GBIF"
2603400148	"Glyptemys insculpta"	-71.694577	43.982052	2020	4	6	"iNaturalist research-grade observations"	"HUMAN_OBSERVATION"	"GBIF"
2603421927	"Glyptemys insculpta"	-74.1038	41.64988	2020	4	13	"iNaturalist research-grade observations"	"HUMAN_OBSERVATION"	"GBIF"
2609154700	"Glyptemys insculpta"	-77.365242	39.127764	2020	4	19	"iNaturalist research-grade observations"	"HUMAN_OBSERVATION"	"GBIF"
2609184885	"Glyptemys insculpta"	-77.238454	39.023133	2020	4	19	"iNaturalist research-grade observations"	"HUMAN_OBSERVATION"	"GBIF"
2609352877	"Glyptemys insculpta"	-77.390862	39.183536	2020	4	19	"iNaturalist research-grade observations"	"HUMAN_OBSERVATION"	"GBIF"
2611212044	"Glyptemys insculpta"	-73.232734	41.244239	2020	4	25	"iNaturalist research-grade observations"	"HUMAN_OBSERVATION"	"GBIF"
2619869548	"Glyptemys insculpta"	-76.921245	40.111326	2020	4	5	"iNaturalist research-grade observations"	"HUMAN_OBSERVATION"	"GBIF"
2620086623	"Glyptemys insculpta"	-77.329611	39.000198	2020	4	25	"iNaturalist research-grade observations"	"HUMAN_OBSERVATION"	"GBIF"
3058699433	"Glyptemys insculpta"	-69.673958	44.173159	2020	4	19	"iNaturalist research-grade observations"	"HUMAN_OBSERVATION"	"GBIF"
2619895885	"Glyptemys insculpta"	-78.109475	41.682839	2020	5	1	"iNaturalist research-grade observations"	"HUMAN_OBSERVATION"	"GBIF"
2619900876	"Glyptemys insculpta"	-75.931807	41.757312	2020	5	2	"iNaturalist research-grade observations"	"HUMAN_OBSERVATION"	"GBIF"
2619931065	"Glyptemys insculpta"	-72.596782	43.877561	2020	5	1	"iNaturalist research-grade observations"	"HUMAN_OBSERVATION"	"GBIF"
2620026613	"Glyptemys insculpta"	-72.502851	41.336797	2020	5	1	"iNaturalist research-grade observations"	"HUMAN_OBSERVATION"	"GBIF"
2620072660	"Glyptemys insculpta"	-84.369717	43.882823	2020	5	7	"iNaturalist research-grade observations"	"HUMAN_OBSERVATION"	"GBIF"
2620171876	"Glyptemys insculpta"	-73.112252	43.314417	2020	5	7	"iNaturalist research-grade observations"	"HUMAN_OBSERVATION"	"GBIF"
2620185140	"Glyptemys insculpta"	-78.345019	40.606842	2020	5	7	"iNaturalist research-grade observations"	"HUMAN_OBSERVATION"	"GBIF"
2626184069	"Glyptemys insculpta"	-74.577697	41.415562	2020	5	16	"iNaturalist research-grade observations"	"HUMAN_OBSERVATION"	"GBIF"
2626285662	"Glyptemys insculpta"	-74.918632	40.077936	2020	5	12	"iNaturalist research-grade observations"	"HUMAN_OBSERVATION"	"GBIF"
2626287523	"Glyptemys insculpta"	-71.64473	43.993432	2020	5	19	"iNaturalist research-grade observations"	"HUMAN_OBSERVATION"	"GBIF"
2626305524	"Glyptemys insculpta"	-72.550023	43.314691	2020	5	5	"iNaturalist research-grade observations"	"HUMAN_OBSERVATION"	"GBIF"
2626336422	"Glyptemys insculpta"	-74.741805	40.898642	2020	5	16	"iNaturalist research-grade observations"	"HUMAN_OBSERVATION"	"GBIF"
2626451990	"Glyptemys insculpta"	-73.917231	42.754066	2020	5	15	"iNaturalist research-grade observations"	"HUMAN_OBSERVATION"	"GBIF"
2626468979	"Glyptemys insculpta"	-74.176961	41.745138	2020	5	16	"iNaturalist research-grade observations"	"HUMAN_OBSERVATION"	"GBIF"
2626516524	"Glyptemys insculpta"	-72.216428	41.98141	2020	5	17	"iNaturalist research-grade observations"	"HUMAN_OBSERVATION"	"GBIF"
2626576442	"Glyptemys insculpta"	-72.288086	44.295034	2020	5	8	"iNaturalist research-grade observations"	"HUMAN_OBSERVATION"	"GBIF"
2634016767	"Glyptemys insculpta"	-75.758702	40.743495	2020	5	21	"iNaturalist research-grade observations"	"HUMAN_OBSERVATION"	"GBIF"
2634042808	"Glyptemys insculpta"	-70.619241	44.405305	2020	5	22	"iNaturalist research-grade observations"	"HUMAN_OBSERVATION"	"GBIF"
2634068159	"Glyptemys insculpta"	-76.49544	42.462686	2020	5	28	"iNaturalist research-grade observations"	"HUMAN_OBSERVATION"	"GBIF"
2634152650	"Glyptemys insculpta"	-74.576251	41.430842	2020	5	31	"iNaturalist research-grade observations"	"HUMAN_OBSERVATION"	"GBIF"
2634283711	"Glyptemys insculpta"	-70.786135	44.590371	2020	5	22	"iNaturalist research-grade observations"	"HUMAN_OBSERVATION"	"GBIF"
2634286909	"Glyptemys insculpta"	-72.334874	43.76592	2020	5	27	"iNaturalist research-grade observations"	"HUMAN_OBSERVATION"	"GBIF"
2634299685	"Glyptemys insculpta"	-79.036472	40.40652	2020	5	31	"iNaturalist research-grade observations"	"HUMAN_OBSERVATION"	"GBIF"
2634315691	"Glyptemys insculpta"	-74.555849	41.483042	2020	5	31	"iNaturalist research-grade observations"	"HUMAN_OBSERVATION"	"GBIF"
2634357237	"Glyptemys insculpta"	-77.182747	40.695499	2020	5	23	"iNaturalist research-grade observations"	"HUMAN_OBSERVATION"	"GBIF"
2634374946	"Glyptemys insculpta"	-77.342598	39.067165	2020	5	26	"iNaturalist research-grade observations"	"HUMAN_OBSERVATION"	"GBIF"
2634399942	"Glyptemys insculpta"	-75.57944	40.912313	2020	5	27	"iNaturalist research-grade observations"	"HUMAN_OBSERVATION"	"GBIF"
2634407929	"Glyptemys insculpta"	-77.067787	38.838297	2020	5	27	"iNaturalist research-grade observations"	"HUMAN_OBSERVATION"	"GBIF"
2634416409	"Glyptemys insculpta"	-70.58825	43.629296	2020	5	28	"iNaturalist research-grade observations"	"HUMAN_OBSERVATION"	"GBIF"
2634449509	"Glyptemys insculpta"	-77.194491	40.794676	2020	5	30	"iNaturalist research-grade observations"	"HUMAN_OBSERVATION"	"GBIF"
2634498739	"Glyptemys insculpta"	-77.454337	41.430095	2020	5	25	"iNaturalist research-grade observations"	"HUMAN_OBSERVATION"	"GBIF"
2634535693	"Glyptemys insculpta"	-77.23047	39.09423	2020	5	31	"iNaturalist research-grade observations"	"HUMAN_OBSERVATION"	"GBIF"
2634568044	"Glyptemys insculpta"	-76.563088	40.170034	2020	5	27	"iNaturalist research-grade observations"	"HUMAN_OBSERVATION"	"GBIF"
2634571082	"Glyptemys insculpta"	-85.831263	43.923477	2020	5	28	"iNaturalist research-grade observations"	"HUMAN_OBSERVATION"	"GBIF"
2634609580	"Glyptemys insculpta"	-73.206285	41.429244	2020	5	22	"iNaturalist research-grade observations"	"HUMAN_OBSERVATION"	"GBIF"
2813893571	"Glyptemys insculpta"	-91.696381	47.390036	2020	5	2	"iNaturalist research-grade observations"	"HUMAN_OBSERVATION"	"GBIF"
2818739429	"Glyptemys insculpta"	-75.013484	41.05458	2020	5	25	"iNaturalist research-grade observations"	"HUMAN_OBSERVATION"	"GBIF"
2823074463	"Glyptemys insculpta"	-71.260996	42.079999	2020	5	17	"iNaturalist research-grade observations"	"HUMAN_OBSERVATION"	"GBIF"
2823435673	"Glyptemys insculpta"	-72.721524	41.611698	2020	5	22	"iNaturalist research-grade observations"	"HUMAN_OBSERVATION"	"GBIF"
3008466117	"Glyptemys insculpta"	-78.581685	39.684645	2020	5	16	"iNaturalist research-grade observations"	"HUMAN_OBSERVATION"	"GBIF"
3355235703	"Glyptemys insculpta"	-72.610052	43.101685	2020	5	16	"iNaturalist research-grade observations"	"HUMAN_OBSERVATION"	"GBIF"
3466244114	"Glyptemys insculpta"	-77.530887	41.59979	2020	5	7	"iNaturalist research-grade observations"	"HUMAN_OBSERVATION"	"GBIF"
