"","X","Cam.Site","scientificName","vernacularName","eventDate","eventTime","organismQuantity","class","order","family","genus","filename"
"67",67,"Platanillo1_2178","Cuniculus paca","Guagua","22/07/2019","12:39",1,"Mammalia","Rodentia","Cuniculidae","Cuniculus","Platanillo1_2178_01060025.JPG"
"68",68,"Platanillo2_2180","Cuniculus paca","Guagua","26/07/2019","19:13",1,"Mammalia","Rodentia","Cuniculidae","Cuniculus","Platanillo2_2180_07260113.JPG"
"69",69,"Platanillo2_2180","Cuniculus paca","Guagua","26/07/2019","19:13",1,"Mammalia","Rodentia","Cuniculidae","Cuniculus","Platanillo2_2180_07260114.JPG"
"70",70,"Platanillo2_2180","Cuniculus paca","Guagua","26/07/2019","19:13",1,"Mammalia","Rodentia","Cuniculidae","Cuniculus","Platanillo2_2180_07260115.JPG"
"71",71,"Platanillo2_2180","Cuniculus paca","Guagua","6/08/2019","18:59",1,"Mammalia","Rodentia","Cuniculidae","Cuniculus","Platanillo2_2180_08060157.JPG"
"72",72,"Platanillo2_2180","Cuniculus paca","Guagua","6/08/2019","18:59",1,"Mammalia","Rodentia","Cuniculidae","Cuniculus","Platanillo2_2180_08060158.JPG"
"73",73,"Platanillo2_2180","Cuniculus paca","Guagua","6/08/2019","18:59",1,"Mammalia","Rodentia","Cuniculidae","Cuniculus","Platanillo2_2180_08060159.JPG"
"74",74,"Platanillo2_2180","Cuniculus paca","Guagua","1/09/2019","23:03",1,"Mammalia","Rodentia","Cuniculidae","Cuniculus","Platanillo2_2180_09010213.JPG"
"75",75,"Platanillo2_2180","Cuniculus paca","Guagua","1/09/2019","23:03",1,"Mammalia","Rodentia","Cuniculidae","Cuniculus","Platanillo2_2180_09010214.JPG"
"76",76,"Platanillo2_2180","Cuniculus paca","Guagua","1/09/2019","23:03",1,"Mammalia","Rodentia","Cuniculidae","Cuniculus","Platanillo2_2180_09010215.JPG"
"77",77,"Platanillo3_3309","Cuniculus paca","Guagua","12/07/2019","19:29",1,"Mammalia","Rodentia","Cuniculidae","Cuniculus","Platanillo3_3309_07120007.JPG"
"78",78,"Platanillo3_3309","Cuniculus paca","Guagua","14/07/2019","4:00",1,"Mammalia","Rodentia","Cuniculidae","Cuniculus","Platanillo3_3309_07140018.JPG"
"79",79,"Platanillo3_3309","Cuniculus paca","Guagua","18/07/2019","19:05",1,"Mammalia","Rodentia","Cuniculidae","Cuniculus","Platanillo3_3309_07180025.JPG"
"80",80,"Platanillo3_3309","Cuniculus paca","Guagua","27/07/2019","4:42",1,"Mammalia","Rodentia","Cuniculidae","Cuniculus","Platanillo3_3309_07270094.JPG"
"81",81,"Platanillo3_3309","Cuniculus paca","Guagua","30/07/2019","4:30",1,"Mammalia","Rodentia","Cuniculidae","Cuniculus","Platanillo3_3309_07300100.JPG"
"82",82,"Platanillo3_3309","Cuniculus paca","Guagua","31/07/2019","19:52",1,"Mammalia","Rodentia","Cuniculidae","Cuniculus","Platanillo3_3309_07310109.JPG"
"83",83,"Platanillo3_3309","Cuniculus paca","Guagua","18/08/2019","19:10",1,"Mammalia","Rodentia","Cuniculidae","Cuniculus","Platanillo3_3309_08180199.JPG"
"84",84,"Platanillo3_3309","Cuniculus paca","Guagua","20/08/2019","20:09",1,"Mammalia","Rodentia","Cuniculidae","Cuniculus","Platanillo3_3309_08200205.JPG"
"85",85,"Platanillo3_3309","Cuniculus paca","Guagua","21/08/2019","0:26",1,"Mammalia","Rodentia","Cuniculidae","Cuniculus","Platanillo3_3309_08210208.JPG"
"86",86,"Platanillo3_3309","Cuniculus paca","Guagua","25/08/2019","1:04",1,"Mammalia","Rodentia","Cuniculidae","Cuniculus","Platanillo3_3309_08250220.JPG"
"87",87,"Platanillo3_3309","Cuniculus paca","Guagua","27/08/2019","0:56",1,"Mammalia","Rodentia","Cuniculidae","Cuniculus","Platanillo3_3309_08270226.JPG"
"88",88,"Platanillo3_3309","Cuniculus paca","Guagua","28/08/2019","22:43",1,"Mammalia","Rodentia","Cuniculidae","Cuniculus","Platanillo3_3309_08280232.JPG"
"89",89,"Platanillo3_3309","Cuniculus paca","Guagua","29/08/2019","19:43",1,"Mammalia","Rodentia","Cuniculidae","Cuniculus","Platanillo3_3309_08290235.JPG"
"90",90,"Platanillo1_3310","Cuniculus paca","Guagua","30/07/2019","9:15",1,"Mammalia","Rodentia","Cuniculidae","Cuniculus","Platanillo1_3310_01140025.JPG"
"91",91,"Platanillo2_3312","Cuniculus paca","Guagua","22/07/2019","1:59",1,"Mammalia","Rodentia","Cuniculidae","Cuniculus","Platanillo2_3312_07220013.JPG"
"92",92,"Platanillo2_3312","Cuniculus paca","Guagua","26/07/2019","22:22",1,"Mammalia","Rodentia","Cuniculidae","Cuniculus","Platanillo2_3312_07260025.JPG"
"93",93,"Platanillo2_3312","Cuniculus paca","Guagua","14/08/2019","21:09",1,"Mammalia","Rodentia","Cuniculidae","Cuniculus","Platanillo2_3312_08140117.JPG"
"94",94,"Platanillo2_3312","Cuniculus paca","Guagua","15/08/2019","19:41",1,"Mammalia","Rodentia","Cuniculidae","Cuniculus","Platanillo2_3312_08150118.JPG"
"95",95,"Platanillo2_3312","Cuniculus paca","Guagua","20/08/2019","19:40",1,"Mammalia","Rodentia","Cuniculidae","Cuniculus","Platanillo2_3312_08200133.JPG"
"96",96,"Platanillo2_3312","Cuniculus paca","Guagua","25/08/2019","19:00",1,"Mammalia","Rodentia","Cuniculidae","Cuniculus","Platanillo2_3312_08250163.JPG"
"97",97,"Platanillo1_3315","Cuniculus paca","Guagua","29/07/2019","1:13",1,"Mammalia","Rodentia","Cuniculidae","Cuniculus","Platanillo1_3315_07290253.JPG"
"98",98,"Platanillo2_3319","Cuniculus paca","Guagua","16/07/2019","7:56",1,"Mammalia","Rodentia","Cuniculidae","Cuniculus","Platanillo2_3319_01020001.JPG"
"99",99,"Platanillo2_3319","Cuniculus paca","Guagua","16/07/2019","11:45",1,"Mammalia","Rodentia","Cuniculidae","Cuniculus","Platanillo2_3319_01020004.JPG"
"100",100,"Platanillo2_3319","Cuniculus paca","Guagua","20/07/2019","14:01",1,"Mammalia","Rodentia","Cuniculidae","Cuniculus","Platanillo2_3319_01060040.JPG"
"101",101,"Platanillo2_3319","Cuniculus paca","Guagua","31/07/2019","15:41",1,"Mammalia","Rodentia","Cuniculidae","Cuniculus","Platanillo2_3319_01170067.JPG"
"102",102,"Platanillo2_3319","Cuniculus paca","Guagua","1/08/2019","16:07",1,"Mammalia","Rodentia","Cuniculidae","Cuniculus","Platanillo2_3319_01180075.JPG"
"103",103,"Platanillo2_3319","Cuniculus paca","Guagua","7/08/2019","7:20",1,"Mammalia","Rodentia","Cuniculidae","Cuniculus","Platanillo2_3319_01240115.JPG"
"104",104,"Platanillo2_3319","Cuniculus paca","Guagua","7/08/2019","11:28",1,"Mammalia","Rodentia","Cuniculidae","Cuniculus","Platanillo2_3319_01240118.JPG"
"105",105,"Platanillo2_3319","Cuniculus paca","Guagua","9/08/2019","8:05",1,"Mammalia","Rodentia","Cuniculidae","Cuniculus","Platanillo2_3319_01260121.JPG"
"106",106,"Platanillo2_3319","Cuniculus paca","Guagua","13/08/2019","16:35",1,"Mammalia","Rodentia","Cuniculidae","Cuniculus","Platanillo2_3319_01300126.JPG"
"107",107,"Platanillo2_3319","Cuniculus paca","Guagua","14/08/2019","8:14",1,"Mammalia","Rodentia","Cuniculidae","Cuniculus","Platanillo2_3319_01310127.JPG"
"108",108,"Platanillo2_3319","Cuniculus paca","Guagua","16/08/2019","7:58",1,"Mammalia","Rodentia","Cuniculidae","Cuniculus","Platanillo2_3319_02020130.JPG"
"109",109,"Platanillo2_3319","Cuniculus paca","Guagua","16/08/2019","17:31",1,"Mammalia","Rodentia","Cuniculidae","Cuniculus","Platanillo2_3319_02020133.JPG"
"110",110,"Platanillo2_3319","Cuniculus paca","Guagua","19/08/2019","13:31",1,"Mammalia","Rodentia","Cuniculidae","Cuniculus","Platanillo2_3319_02050156.JPG"
"111",111,"Platanillo2_3319","Cuniculus paca","Guagua","23/08/2019","8:11",1,"Mammalia","Rodentia","Cuniculidae","Cuniculus","Platanillo2_3319_02090160.JPG"
"112",112,"Platanillo2_3321","Cuniculus paca","Guagua","24/07/2019","19:56",1,"Mammalia","Rodentia","Cuniculidae","Cuniculus","Platanillo2_3321_07240016.JPG"
"113",113,"Platanillo2_3321","Cuniculus paca","Guagua","28/07/2019","2:01",1,"Mammalia","Rodentia","Cuniculidae","Cuniculus","Platanillo2_3321_07280028.JPG"
"114",114,"Platanillo2_3321","Cuniculus paca","Guagua","29/07/2019","3:55",1,"Mammalia","Rodentia","Cuniculidae","Cuniculus","Platanillo2_3321_07290031.JPG"
"115",115,"Platanillo2_3321","Cuniculus paca","Guagua","30/07/2019","21:29",1,"Mammalia","Rodentia","Cuniculidae","Cuniculus","Platanillo2_3321_07300034.JPG"
"116",116,"Platanillo2_3321","Cuniculus paca","Guagua","3/08/2019","0:37",1,"Mammalia","Rodentia","Cuniculidae","Cuniculus","Platanillo2_3321_08030037.JPG"
"117",117,"Platanillo2_3321","Cuniculus paca","Guagua","7/08/2019","1:37",1,"Mammalia","Rodentia","Cuniculidae","Cuniculus","Platanillo2_3321_08070058.JPG"
"118",118,"Platanillo2_3321","Cuniculus paca","Guagua","12/08/2019","23:41",1,"Mammalia","Rodentia","Cuniculidae","Cuniculus","Platanillo2_3321_08120070.JPG"
"119",119,"Platanillo2_3321","Cuniculus paca","Guagua","20/08/2019","0:15",1,"Mammalia","Rodentia","Cuniculidae","Cuniculus","Platanillo2_3321_08200082.JPG"
"120",120,"Platanillo2_3321","Cuniculus paca","Guagua","20/08/2019","0:15",1,"Mammalia","Rodentia","Cuniculidae","Cuniculus","Platanillo2_3321_08200083.JPG"
"121",121,"Platanillo2_3321","Cuniculus paca","Guagua","20/08/2019","23:52",1,"Mammalia","Rodentia","Cuniculidae","Cuniculus","Platanillo2_3321_08200085.JPG"
"122",122,"Platanillo2_3321","Cuniculus paca","Guagua","23/08/2019","23:41",1,"Mammalia","Rodentia","Cuniculidae","Cuniculus","Platanillo2_3321_08230103.JPG"
"123",123,"Platanillo2_3321","Cuniculus paca","Guagua","24/08/2019","23:28",1,"Mammalia","Rodentia","Cuniculidae","Cuniculus","Platanillo2_3321_08240110.JPG"
"124",124,"Platanillo2_3321","Cuniculus paca","Guagua","25/08/2019","1:40",1,"Mammalia","Rodentia","Cuniculidae","Cuniculus","Platanillo2_3321_08250112.JPG"
"125",125,"Platanillo2_3321","Cuniculus paca","Guagua","25/08/2019","3:10",1,"Mammalia","Rodentia","Cuniculidae","Cuniculus","Platanillo2_3321_08250118.JPG"
"126",126,"Platanillo2_3321","Cuniculus paca","Guagua","26/08/2019","2:59",1,"Mammalia","Rodentia","Cuniculidae","Cuniculus","Platanillo2_3321_08260124.JPG"
"127",127,"Platanillo2_3321","Cuniculus paca","Guagua","27/08/2019","3:53",1,"Mammalia","Rodentia","Cuniculidae","Cuniculus","Platanillo2_3321_08270127.JPG"
"128",128,"Platanillo2_3321","Cuniculus paca","Guagua","29/08/2019","3:12",1,"Mammalia","Rodentia","Cuniculidae","Cuniculus","Platanillo2_3321_08290130.JPG"
"129",129,"Platanillo2_3321","Cuniculus paca","Guagua","30/08/2019","1:42",1,"Mammalia","Rodentia","Cuniculidae","Cuniculus","Platanillo2_3321_08300133.JPG"
"130",130,"Platanillo3_3326","Cuniculus paca","Guagua","7/08/2019","2:44",1,"Mammalia","Rodentia","Cuniculidae","Cuniculus","Platanillo3_3326_08070109.JPG"
"131",131,"Platanillo3_3326","Cuniculus paca","Guagua","12/08/2019","4:24",1,"Mammalia","Rodentia","Cuniculidae","Cuniculus","Platanillo3_3326_08120112.JPG"
"132",132,"Platanillo3_3326","Cuniculus paca","Guagua","23/08/2019","3:03",1,"Mammalia","Rodentia","Cuniculidae","Cuniculus","Platanillo3_3326_08230181.JPG"
"133",133,"Platanillo3_3326","Cuniculus paca","Guagua","24/08/2019","17:43",1,"Mammalia","Rodentia","Cuniculidae","Cuniculus","Platanillo3_3326_08240190.JPG"
"134",134,"Platanillo3_3326","Cuniculus paca","Guagua","27/08/2019","2:54",1,"Mammalia","Rodentia","Cuniculidae","Cuniculus","Platanillo3_3326_08270193.JPG"
"135",135,"Platanillo3_3326","Cuniculus paca","Guagua","27/08/2019","21:53",1,"Mammalia","Rodentia","Cuniculidae","Cuniculus","Platanillo3_3326_08270202.JPG"
"136",136,"Platanillo3_3326","Cuniculus paca","Guagua","28/08/2019","1:43",1,"Mammalia","Rodentia","Cuniculidae","Cuniculus","Platanillo3_3326_08280208.JPG"
"137",137,"Platanillo3_3326","Cuniculus paca","Guagua","28/08/2019","21:21",1,"Mammalia","Rodentia","Cuniculidae","Cuniculus","Platanillo3_3326_08280222.JPG"
"138",138,"Platanillo3_3326","Cuniculus paca","Guagua","30/08/2019","1:30",1,"Mammalia","Rodentia","Cuniculidae","Cuniculus","Platanillo3_3326_08300256.JPG"
"139",139,"Platanillo3_3326","Cuniculus paca","Guagua","1/09/2019","0:56",1,"Mammalia","Rodentia","Cuniculidae","Cuniculus","Platanillo3_3326_09010277.JPG"
"140",140,"Platanillo3_3328","Cuniculus paca","Guagua","19/07/2019","20:16",1,"Mammalia","Rodentia","Cuniculidae","Cuniculus","Platanillo3_3328_07190085.JPG"
"141",141,"Platanillo3_3328","Cuniculus paca","Guagua","20/07/2019","19:47",1,"Mammalia","Rodentia","Cuniculidae","Cuniculus","Platanillo3_3328_07200105.JPG"
"142",142,"Platanillo3_3328","Cuniculus paca","Guagua","21/07/2019","22:25",1,"Mammalia","Rodentia","Cuniculidae","Cuniculus","Platanillo3_3328_07210113.JPG"
"143",143,"Platanillo3_3328","Cuniculus paca","Guagua","23/07/2019","20:58",1,"Mammalia","Rodentia","Cuniculidae","Cuniculus","Platanillo3_3328_07230117.JPG"
"144",144,"Platanillo3_3328","Cuniculus paca","Guagua","25/07/2019","22:54",1,"Mammalia","Rodentia","Cuniculidae","Cuniculus","Platanillo3_3328_07250209.JPG"
"145",145,"Platanillo3_3328","Cuniculus paca","Guagua","26/07/2019","0:11",1,"Mammalia","Rodentia","Cuniculidae","Cuniculus","Platanillo3_3328_07260233.JPG"
"146",146,"Platanillo3_3328","Cuniculus paca","Guagua","28/07/2019","19:03",1,"Mammalia","Rodentia","Cuniculidae","Cuniculus","Platanillo3_3328_07280317.JPG"
"147",147,"Platanillo3_3328","Cuniculus paca","Guagua","29/07/2019","1:21",1,"Mammalia","Rodentia","Cuniculidae","Cuniculus","Platanillo3_3328_07290321.JPG"
"148",148,"Platanillo3_3328","Cuniculus paca","Guagua","29/07/2019","23:48",1,"Mammalia","Rodentia","Cuniculidae","Cuniculus","Platanillo3_3328_07290337.JPG"
"149",149,"Platanillo3_3328","Cuniculus paca","Guagua","30/07/2019","22:35",1,"Mammalia","Rodentia","Cuniculidae","Cuniculus","Platanillo3_3328_07300393.JPG"
"150",150,"Platanillo3_3328","Cuniculus paca","Guagua","4/08/2019","23:17",1,"Mammalia","Rodentia","Cuniculidae","Cuniculus","Platanillo3_3328_08040489.JPG"
"151",151,"Platanillo3_3328","Cuniculus paca","Guagua","5/08/2019","22:42",1,"Mammalia","Rodentia","Cuniculidae","Cuniculus","Platanillo3_3328_08050501.JPG"
"152",152,"Platanillo3_3328","Cuniculus paca","Guagua","10/08/2019","2:41",1,"Mammalia","Rodentia","Cuniculidae","Cuniculus","Platanillo3_3328_08100581.JPG"
"153",153,"Platanillo3_3328","Cuniculus paca","Guagua","15/08/2019","20:15",1,"Mammalia","Rodentia","Cuniculidae","Cuniculus","Platanillo3_3328_08150629.JPG"
"154",154,"Platanillo3_3328","Cuniculus paca","Guagua","17/08/2019","20:45",1,"Mammalia","Rodentia","Cuniculidae","Cuniculus","Platanillo3_3328_08170645.JPG"
"155",155,"Platanillo3_3328","Cuniculus paca","Guagua","21/08/2019","22:01",1,"Mammalia","Rodentia","Cuniculidae","Cuniculus","Platanillo3_3328_08210693.JPG"
"156",156,"Platanillo3_3328","Cuniculus paca","Guagua","26/08/2019","21:02",1,"Mammalia","Rodentia","Cuniculidae","Cuniculus","Platanillo3_3328_08260717.JPG"
"157",157,"Platanillo2_3333","Cuniculus paca","Guagua","28/08/2019","19:03",1,"Mammalia","Rodentia","Cuniculidae","Cuniculus","Platanillo2_3333_08280041.JPG"
"339",339,"Platanillo1_2178","Cuniculus paca","Guagua","3/09/2019","11:19",1,"Mammalia","Rodentia","Cuniculidae","Cuniculus","Platanillo1_2178_09030011.JPG"
"382",382,"Platanillo1_3315","Cuniculus paca","Guagua","28/09/2019","22:40",1,"Mammalia","Rodentia","Cuniculidae","Cuniculus","Platanillo1_3315_09280099.JPG"
"387",387,"Platanillo1_3315","Cuniculus paca","Guagua","9/10/2019","1:31",1,"Mammalia","Rodentia","Cuniculidae","Cuniculus","Platanillo1_3315_10090118.JPG"
"424",424,"Platanillo2_2180","Cuniculus paca","Guagua","22/09/2019","19:07",1,"Mammalia","Rodentia","Cuniculidae","Cuniculus","Platanillo2_2180_09220053.JPG"
"425",425,"Platanillo2_2180","Cuniculus paca","Guagua","22/09/2019","19:07",1,"Mammalia","Rodentia","Cuniculidae","Cuniculus","Platanillo2_2180_09220054.JPG"
"426",426,"Platanillo2_2180","Cuniculus paca","Guagua","22/09/2019","19:07",1,"Mammalia","Rodentia","Cuniculidae","Cuniculus","Platanillo2_2180_09220055.JPG"
"432",432,"Platanillo2_2180","Cuniculus paca","Guagua","10/10/2019","3:32",1,"Mammalia","Rodentia","Cuniculidae","Cuniculus","Platanillo2_2180_10100085.JPG"
"433",433,"Platanillo2_2180","Cuniculus paca","Guagua","10/10/2019","3:32",1,"Mammalia","Rodentia","Cuniculidae","Cuniculus","Platanillo2_2180_10100086.JPG"
"434",434,"Platanillo2_2180","Cuniculus paca","Guagua","10/10/2019","3:32",1,"Mammalia","Rodentia","Cuniculidae","Cuniculus","Platanillo2_2180_10100087.JPG"
"458",458,"Platanillo2_3317","Cuniculus paca","Guagua","19/09/2019","21:44",1,"Mammalia","Rodentia","Cuniculidae","Cuniculus","Platanillo2_3317_09190289.JPG"
"461",461,"Platanillo2_3317","Cuniculus paca","Guagua","20/09/2019","19:21",1,"Mammalia","Rodentia","Cuniculidae","Cuniculus","Platanillo2_3317_09200457.JPG"
"464",464,"Platanillo2_3317","Cuniculus paca","Guagua","25/09/2019","21:26",1,"Mammalia","Rodentia","Cuniculidae","Cuniculus","Platanillo2_3317_09250549.JPG"
"488",488,"Platanillo2_3319","Cuniculus paca","Guagua","25/09/2019","10:32",1,"Mammalia","Rodentia","Cuniculidae","Cuniculus","Platanillo2_3319_09250124.JPG"
"500",500,"Platanillo2_3319","Cuniculus paca","Guagua","21/10/2019","10:47",1,"Mammalia","Rodentia","Cuniculidae","Cuniculus","Platanillo2_3319_10210181.JPG"
"505",505,"Platanillo2_3321","Cuniculus paca","Guagua","2/09/2019","19:04",1,"Mammalia","Rodentia","Cuniculidae","Cuniculus","Platanillo2_3321_09020001.JPG"
"506",506,"Platanillo2_3321","Cuniculus paca","Guagua","5/09/2019","3:57",1,"Mammalia","Rodentia","Cuniculidae","Cuniculus","Platanillo2_3321_09050019.JPG"
"507",507,"Platanillo2_3321","Cuniculus paca","Guagua","5/09/2019","22:40",1,"Mammalia","Rodentia","Cuniculidae","Cuniculus","Platanillo2_3321_09050023.JPG"
"508",508,"Platanillo2_3321","Cuniculus paca","Guagua","6/09/2019","3:58",1,"Mammalia","Rodentia","Cuniculidae","Cuniculus","Platanillo2_3321_09060025.JPG"
"509",509,"Platanillo2_3321","Cuniculus paca","Guagua","6/09/2019","4:11",1,"Mammalia","Rodentia","Cuniculidae","Cuniculus","Platanillo2_3321_09060028.JPG"
"510",510,"Platanillo2_3321","Cuniculus paca","Guagua","7/09/2019","3:10",1,"Mammalia","Rodentia","Cuniculidae","Cuniculus","Platanillo2_3321_09070031.JPG"
"511",511,"Platanillo2_3321","Cuniculus paca","Guagua","7/09/2019","3:17",1,"Mammalia","Rodentia","Cuniculidae","Cuniculus","Platanillo2_3321_09070034.JPG"
"516",516,"Platanillo2_3321","Cuniculus paca","Guagua","19/09/2019","21:23",1,"Mammalia","Rodentia","Cuniculidae","Cuniculus","Platanillo2_3321_09190079.JPG"
"519",519,"Platanillo2_3321","Cuniculus paca","Guagua","25/09/2019","21:11",1,"Mammalia","Rodentia","Cuniculidae","Cuniculus","Platanillo2_3321_09250094.JPG"
"521",521,"Platanillo2_3321","Cuniculus paca","Guagua","30/09/2019","20:13",1,"Mammalia","Rodentia","Cuniculidae","Cuniculus","Platanillo2_3321_09300103.JPG"
"522",522,"Platanillo2_3321","Cuniculus paca","Guagua","30/09/2019","22:57",1,"Mammalia","Rodentia","Cuniculidae","Cuniculus","Platanillo2_3321_09300106.JPG"
"525",525,"Platanillo2_3321","Cuniculus paca","Guagua","7/10/2019","22:03",1,"Mammalia","Rodentia","Cuniculidae","Cuniculus","Platanillo2_3321_10070118.JPG"
"526",526,"Platanillo2_3321","Cuniculus paca","Guagua","11/10/2019","2:07",1,"Mammalia","Rodentia","Cuniculidae","Cuniculus","Platanillo2_3321_10110121.JPG"
"529",529,"Platanillo2_3321","Cuniculus paca","Guagua","16/10/2019","19:05",1,"Mammalia","Rodentia","Cuniculidae","Cuniculus","Platanillo2_3321_10160144.JPG"
"532",532,"Platanillo2_3321","Cuniculus paca","Guagua","18/10/2019","21:39",1,"Mammalia","Rodentia","Cuniculidae","Cuniculus","Platanillo2_3321_10180154.JPG"
"537",537,"Platanillo2_3321","Cuniculus paca","Guagua","24/10/2019","19:08",1,"Mammalia","Rodentia","Cuniculidae","Cuniculus","Platanillo2_3321_10240172.JPG"
"538",538,"Platanillo2_3321","Cuniculus paca","Guagua","24/10/2019","23:35",1,"Mammalia","Rodentia","Cuniculidae","Cuniculus","Platanillo2_3321_10240175.JPG"
"539",539,"Platanillo2_3321","Cuniculus paca","Guagua","25/10/2019","20:50",1,"Mammalia","Rodentia","Cuniculidae","Cuniculus","Platanillo2_3321_10250181.JPG"
"540",540,"Platanillo2_3321","Cuniculus paca","Guagua","27/10/2019","20:48",1,"Mammalia","Rodentia","Cuniculidae","Cuniculus","Platanillo2_3321_10270185.JPG"
"541",541,"Platanillo2_3321","Cuniculus paca","Guagua","7/11/2019","1:13",1,"Mammalia","Rodentia","Cuniculidae","Cuniculus","Platanillo2_3321_11070205.JPG"
"544",544,"Platanillo2_3333","Cuniculus paca","Guagua","26/09/2019","19:14",1,"Mammalia","Rodentia","Cuniculidae","Cuniculus","Platanillo2_3333_09260033.JPG"
"549",549,"Platanillo2_3333","Cuniculus paca","Guagua","29/10/2019","21:59",1,"Mammalia","Rodentia","Cuniculidae","Cuniculus","Platanillo2_3333_10290097.JPG"
"570",580,"Platanillo3_3326","Cuniculus paca","Guagua","2/09/2019","1:23",1,"Mammalia","Rodentia","Cuniculidae","Cuniculus","Platanillo3_3326_09020025.JPG"
"571",581,"Platanillo3_3326","Cuniculus paca","Guagua","2/09/2019","22:47",1,"Mammalia","Rodentia","Cuniculidae","Cuniculus","Platanillo3_3326_09020031.JPG"
"572",582,"Platanillo3_3326","Cuniculus paca","Guagua","3/09/2019","21:52",1,"Mammalia","Rodentia","Cuniculidae","Cuniculus","Platanillo3_3326_09030037.JPG"
"573",583,"Platanillo3_3326","Cuniculus paca","Guagua","5/09/2019","23:31",1,"Mammalia","Rodentia","Cuniculidae","Cuniculus","Platanillo3_3326_09050046.JPG"
"591",601,"Platanillo3_3326","Cuniculus paca","Guagua","17/10/2019","22:40",1,"Mammalia","Rodentia","Cuniculidae","Cuniculus","Platanillo3_3326_10170283.JPG"
"592",602,"Platanillo3_3326","Cuniculus paca","Guagua","21/10/2019","11:39",1,"Mammalia","Rodentia","Cuniculidae","Cuniculus","Platanillo3_3326_10210294.JPG"
"593",603,"Platanillo3_3326","Cuniculus paca","Guagua","24/10/2019","15:12",1,"Mammalia","Rodentia","Cuniculidae","Cuniculus","Platanillo3_3326_10240298.JPG"
"594",604,"Platanillo3_3326","Cuniculus paca","Guagua","25/10/2019","10:12",1,"Mammalia","Rodentia","Cuniculidae","Cuniculus","Platanillo3_3326_10250309.JPG"
"596",606,"Platanillo3_3328","Cuniculus paca","Guagua","3/09/2019","22:35",1,"Mammalia","Rodentia","Cuniculidae","Cuniculus","Platanillo3_3328_09030022.JPG"
"597",607,"Platanillo3_3328","Cuniculus paca","Guagua","4/09/2019","22:53",1,"Mammalia","Rodentia","Cuniculidae","Cuniculus","Platanillo3_3328_09040028.JPG"
"616",626,"Platanillo3_3328","Cuniculus paca","Guagua","1/10/2019","0:42",1,"Mammalia","Rodentia","Cuniculidae","Cuniculus","Platanillo3_3328_10010200.JPG"
"646",656,"Platanillo1_3316","Cuniculus paca","Guagua","20/09/2019","0:10",1,"Mammalia","Rodentia","Cuniculidae","Cuniculus","Platanillo1_3316_09200057.JPG"
"691",701,"Rumiyaco1_3318","Cuniculus paca","Guagua","26/07/2019","0:34",1,"Mammalia","Rodentia","Cuniculidae","Cuniculus","Rumiyaco1_3318_07260016.JPG"
"694",704,"Rumiyaco1_3318","Cuniculus paca","Guagua","29/07/2019","22:55",1,"Mammalia","Rodentia","Cuniculidae","Cuniculus","Rumiyaco1_3318_07290063.JPG"
"696",706,"Rumiyaco1_3318","Cuniculus paca","Guagua","3/08/2019","19:23",1,"Mammalia","Rodentia","Cuniculidae","Cuniculus","Rumiyaco1_3318_08030082.JPG"
"700",710,"Rumiyaco1_3318","Cuniculus paca","Guagua","5/08/2019","22:17",1,"Mammalia","Rodentia","Cuniculidae","Cuniculus","Rumiyaco1_3318_08050154.JPG"
"701",711,"Rumiyaco1_3318","Cuniculus paca","Guagua","6/08/2019","21:27",1,"Mammalia","Rodentia","Cuniculidae","Cuniculus","Rumiyaco1_3318_08060180.JPG"
"704",714,"Rumiyaco1_3318","Cuniculus paca","Guagua","15/08/2019","21:05",1,"Mammalia","Rodentia","Cuniculidae","Cuniculus","Rumiyaco1_3318_08150196.JPG"
"707",717,"Rumiyaco1_3318","Cuniculus paca","Guagua","19/08/2019","23:32",1,"Mammalia","Rodentia","Cuniculidae","Cuniculus","Rumiyaco1_3318_08190217.JPG"
"708",718,"Rumiyaco1_3318","Cuniculus paca","Guagua","21/08/2019","0:48",1,"Mammalia","Rodentia","Cuniculidae","Cuniculus","Rumiyaco1_3318_08210228.JPG"
"709",719,"Rumiyaco1_3318","Cuniculus paca","Guagua","23/08/2019","19:13",1,"Mammalia","Rodentia","Cuniculidae","Cuniculus","Rumiyaco1_3318_08230235.JPG"
"710",720,"Rumiyaco1_3318","Cuniculus paca","Guagua","24/08/2019","0:01",1,"Mammalia","Rodentia","Cuniculidae","Cuniculus","Rumiyaco1_3318_08240241.JPG"
"711",721,"Rumiyaco1_3318","Cuniculus paca","Guagua","25/08/2019","20:54",1,"Mammalia","Rodentia","Cuniculidae","Cuniculus","Rumiyaco1_3318_08250244.JPG"
"712",722,"Rumiyaco1_3318","Cuniculus paca","Guagua","25/08/2019","23:03",1,"Mammalia","Rodentia","Cuniculidae","Cuniculus","Rumiyaco1_3318_08250250.JPG"
"713",723,"Rumiyaco1_3318","Cuniculus paca","Guagua","27/08/2019","20:18",1,"Mammalia","Rodentia","Cuniculidae","Cuniculus","Rumiyaco1_3318_08270255.JPG"
"717",727,"Rumiyaco1_3318","Cuniculus paca","Guagua","29/08/2019","22:18",1,"Mammalia","Rodentia","Cuniculidae","Cuniculus","Rumiyaco1_3318_08290282.JPG"
"719",729,"Rumiyaco1_3318","Cuniculus paca","Guagua","4/09/2019","0:28",1,"Mammalia","Rodentia","Cuniculidae","Cuniculus","Rumiyaco1_3318_09040301.JPG"
"722",732,"Rumiyaco1_3318","Cuniculus paca","Guagua","5/09/2019","20:42",1,"Mammalia","Rodentia","Cuniculidae","Cuniculus","Rumiyaco1_3318_09050313.JPG"
"732",742,"Rumuyaco1_3320","Cuniculus paca","Guagua","27/08/2019","22:39",1,"Mammalia","Rodentia","Cuniculidae","Cuniculus","Rumuyaco1_3320_08270066.JPG"
"734",744,"Rumuyaco1_3320","Cuniculus paca","Guagua","29/08/2019","23:52",1,"Mammalia","Rodentia","Cuniculidae","Cuniculus","Rumuyaco1_3320_08290084.JPG"
"736",746,"Rumuyaco1_3320","Cuniculus paca","Guagua","2/09/2019","21:39",1,"Mammalia","Rodentia","Cuniculidae","Cuniculus","Rumuyaco1_3320_09020094.JPG"
"749",759,"Rumiyaco1_3325","Cuniculus paca","Guagua","12/08/2019","15:43",1,"Mammalia","Rodentia","Cuniculidae","Cuniculus","Rumiyaco1_3325_01210132.JPG"
"751",761,"Rumiyaco1_3325","Cuniculus paca","Guagua","22/08/2019","12:03",1,"Mammalia","Rodentia","Cuniculidae","Cuniculus","Rumiyaco1_3325_01310138.JPG"
"754",764,"Rumiyaco1_3325","Cuniculus paca","Guagua","29/08/2019","15:42",1,"Mammalia","Rodentia","Cuniculidae","Cuniculus","Rumiyaco1_3325_02070157.JPG"
"756",766,"Rumiyaco1_3325","Cuniculus paca","Guagua","6/09/2019","16:40",1,"Mammalia","Rodentia","Cuniculidae","Cuniculus","Rumiyaco1_3325_02150168.JPG"
"758",768,"Rumiyaco1_3335","Cuniculus paca","Guagua","27/07/2019","19:46",1,"Mammalia","Rodentia","Cuniculidae","Cuniculus","Rumiyaco1_3335_07270009.JPG"
"762",772,"Rumiyaco1_3335","Cuniculus paca","Guagua","30/07/2019","19:49",1,"Mammalia","Rodentia","Cuniculidae","Cuniculus","Rumiyaco1_3335_07300033.JPG"
"775",785,"Rumiyaco1_3335","Cuniculus paca","Guagua","23/08/2019","22:34",1,"Mammalia","Rodentia","Cuniculidae","Cuniculus","Rumiyaco1_3335_08230243.JPG"
"777",787,"Rumiyaco1_3335","Cuniculus paca","Guagua","25/08/2019","23:08",1,"Mammalia","Rodentia","Cuniculidae","Cuniculus","Rumiyaco1_3335_08250249.JPG"
"779",789,"Rumiyaco1_3335","Cuniculus paca","Guagua","29/08/2019","0:12",1,"Mammalia","Rodentia","Cuniculidae","Cuniculus","Rumiyaco1_3335_08290257.JPG"
"781",791,"Rumiyaco1_3335","Cuniculus paca","Guagua","30/08/2019","20:02",1,"Mammalia","Rodentia","Cuniculidae","Cuniculus","Rumiyaco1_3335_08300269.JPG"
"785",795,"Rumiyaco1_3335","Cuniculus paca","Guagua","5/09/2019","23:52",1,"Mammalia","Rodentia","Cuniculidae","Cuniculus","Rumiyaco1_3335_09050297.JPG"
"786",796,"Rumiyaco1_3335","Cuniculus paca","Guagua","6/09/2019","23:18",1,"Mammalia","Rodentia","Cuniculidae","Cuniculus","Rumiyaco1_3335_09060303.JPG"
"788",798,"Rumiyaco2_2164","Cuniculus paca","Guagua","31/07/2019","21:03",1,"Mammalia","Rodentia","Cuniculidae","Cuniculus","Rumiyaco2_2164_07310013.JPG"
"789",799,"Rumiyaco2_2164","Cuniculus paca","Guagua","3/08/2019","3:22",1,"Mammalia","Rodentia","Cuniculidae","Cuniculus","Rumiyaco2_2164_08030016.JPG"
"790",800,"Rumiyaco2_2164","Cuniculus paca","Guagua","5/08/2019","22:30",1,"Mammalia","Rodentia","Cuniculidae","Cuniculus","Rumiyaco2_2164_08050019.JPG"
"791",801,"Rumiyaco2_2164","Cuniculus paca","Guagua","8/08/2019","3:42",1,"Mammalia","Rodentia","Cuniculidae","Cuniculus","Rumiyaco2_2164_08080028.JPG"
"793",803,"Rumiyaco2_2164","Cuniculus paca","Guagua","12/08/2019","2:15",1,"Mammalia","Rodentia","Cuniculidae","Cuniculus","Rumiyaco2_2164_08120036.JPG"
"794",804,"Rumiyaco2_2164","Cuniculus paca","Guagua","15/08/2019","0:57",1,"Mammalia","Rodentia","Cuniculidae","Cuniculus","Rumiyaco2_2164_08150037.JPG"
"795",805,"Rumiyaco2_2164","Cuniculus paca","Guagua","15/08/2019","23:37",1,"Mammalia","Rodentia","Cuniculidae","Cuniculus","Rumiyaco2_2164_08150045.JPG"
"796",806,"Rumiyaco2_2164","Cuniculus paca","Guagua","16/08/2019","0:49",1,"Mammalia","Rodentia","Cuniculidae","Cuniculus","Rumiyaco2_2164_08160046.JPG"
"803",813,"Rumiyaco2_2171","Cuniculus paca","Guagua","30/07/2019","15:20",1,"Mammalia","Rodentia","Cuniculidae","Cuniculus","Rumiyaco2_2171_01090007.JPG"
"806",816,"Rumiyaco2_2173","Cuniculus paca","Guagua","24/07/2019","2:29",1,"Mammalia","Rodentia","Cuniculidae","Cuniculus","Rumiyaco2_2173_07240004.JPG"
"815",825,"Rumiyaco2_2173","Cuniculus paca","Guagua","29/07/2019","3:44",1,"Mammalia","Rodentia","Cuniculidae","Cuniculus","Rumiyaco2_2173_07290079.JPG"
"818",828,"Rumiyaco2_2173","Cuniculus paca","Guagua","1/08/2019","1:07",1,"Mammalia","Rodentia","Cuniculidae","Cuniculus","Rumiyaco2_2173_08010121.JPG"
"819",829,"Rumiyaco2_2173","Cuniculus paca","Guagua","2/08/2019","0:23",1,"Mammalia","Rodentia","Cuniculidae","Cuniculus","Rumiyaco2_2173_08020124.JPG"
"822",832,"Rumiyaco2_2173","Cuniculus paca","Guagua","2/08/2019","20:05",1,"Mammalia","Rodentia","Cuniculidae","Cuniculus","Rumiyaco2_2173_08020141.JPG"
"823",833,"Rumiyaco2_2173","Cuniculus paca","Guagua","3/08/2019","2:49",1,"Mammalia","Rodentia","Cuniculidae","Cuniculus","Rumiyaco2_2173_08030142.JPG"
"827",837,"Rumiyaco2_2173","Cuniculus paca","Guagua","5/08/2019","19:09",1,"Mammalia","Rodentia","Cuniculidae","Cuniculus","Rumiyaco2_2173_08050190.JPG"
"828",838,"Rumiyaco2_2173","Cuniculus paca","Guagua","6/08/2019","4:15",1,"Mammalia","Rodentia","Cuniculidae","Cuniculus","Rumiyaco2_2173_08060193.JPG"
"830",840,"Rumiyaco2_2173","Cuniculus paca","Guagua","8/08/2019","2:07",1,"Mammalia","Rodentia","Cuniculidae","Cuniculus","Rumiyaco2_2173_08080208.JPG"
"831",841,"Rumiyaco2_2173","Cuniculus paca","Guagua","9/08/2019","3:26",1,"Mammalia","Rodentia","Cuniculidae","Cuniculus","Rumiyaco2_2173_08090214.JPG"
"832",842,"Rumiyaco2_2173","Cuniculus paca","Guagua","12/08/2019","2:39",1,"Mammalia","Rodentia","Cuniculidae","Cuniculus","Rumiyaco2_2173_08120229.JPG"
"835",845,"Rumiyaco2_2173","Cuniculus paca","Guagua","12/08/2019","23:48",1,"Mammalia","Rodentia","Cuniculidae","Cuniculus","Rumiyaco2_2173_08120255.JPG"
"836",846,"Rumiyaco2_2173","Cuniculus paca","Guagua","13/08/2019","4:50",1,"Mammalia","Rodentia","Cuniculidae","Cuniculus","Rumiyaco2_2173_08130256.JPG"
"837",847,"Rumiyaco2_2173","Cuniculus paca","Guagua","14/08/2019","4:33",1,"Mammalia","Rodentia","Cuniculidae","Cuniculus","Rumiyaco2_2173_08140259.JPG"
"840",850,"Rumiyaco2_2173","Cuniculus paca","Guagua","17/08/2019","20:31",1,"Mammalia","Rodentia","Cuniculidae","Cuniculus","Rumiyaco2_2173_08170277.JPG"
"842",852,"Rumiyaco2_2173","Cuniculus paca","Guagua","20/08/2019","3:08",1,"Mammalia","Rodentia","Cuniculidae","Cuniculus","Rumiyaco2_2173_08200289.JPG"
"843",853,"Rumiyaco2_2173","Cuniculus paca","Guagua","20/08/2019","4:57",1,"Mammalia","Rodentia","Cuniculidae","Cuniculus","Rumiyaco2_2173_08200294.JPG"
"844",854,"Rumiyaco2_2173","Cuniculus paca","Guagua","22/08/2019","19:29",1,"Mammalia","Rodentia","Cuniculidae","Cuniculus","Rumiyaco2_2173_08220301.JPG"
"845",855,"Rumiyaco2_2173","Cuniculus paca","Guagua","23/08/2019","2:57",1,"Mammalia","Rodentia","Cuniculidae","Cuniculus","Rumiyaco2_2173_08230304.JPG"
"846",856,"Rumiyaco2_2173","Cuniculus paca","Guagua","23/08/2019","19:57",1,"Mammalia","Rodentia","Cuniculidae","Cuniculus","Rumiyaco2_2173_08230325.JPG"
"851",861,"Rumiyaco2_2173","Cuniculus paca","Guagua","5/09/2019","3:34",1,"Mammalia","Rodentia","Cuniculidae","Cuniculus","Rumiyaco2_2173_09050369.JPG"
"852",862,"Rumiyaco2_2173","Cuniculus paca","Guagua","7/09/2019","4:56",1,"Mammalia","Rodentia","Cuniculidae","Cuniculus","Rumiyaco2_2173_09070370.JPG"
"857",867,"Rumiyaco2_2175","Cuniculus paca","Guagua","28/07/2019","15:20",1,"Mammalia","Rodentia","Cuniculidae","Cuniculus","Rumiyaco2_2175_01030017.JPG"
"858",868,"Rumiyaco2_2175","Cuniculus paca","Guagua","28/07/2019","10:39",1,"Mammalia","Rodentia","Cuniculidae","Cuniculus","Rumiyaco2_2175_01060019.JPG"
"860",870,"Rumiyaco2_2175","Cuniculus paca","Guagua","5/08/2019","10:21",1,"Mammalia","Rodentia","Cuniculidae","Cuniculus","Rumiyaco2_2175_01130033.JPG"
"861",871,"Rumiyaco2_2175","Cuniculus paca","Guagua","5/08/2019","16:47",1,"Mammalia","Rodentia","Cuniculidae","Cuniculus","Rumiyaco2_2175_01130037.JPG"
"863",873,"Rumiyaco2_2175","Cuniculus paca","Guagua","7/08/2019","8:12",1,"Mammalia","Rodentia","Cuniculidae","Cuniculus","Rumiyaco2_2175_01150043.JPG"
"865",875,"Rumiyaco2_2175","Cuniculus paca","Guagua","13/08/2019","17:54",1,"Mammalia","Rodentia","Cuniculidae","Cuniculus","Rumiyaco2_2175_01210049.JPG"
"866",876,"Rumiyaco2_2175","Cuniculus paca","Guagua","16/08/2019","10:35",1,"Mammalia","Rodentia","Cuniculidae","Cuniculus","Rumiyaco2_2175_01240055.JPG"
"867",877,"Rumiyaco2_2175","Cuniculus paca","Guagua","18/08/2019","7:58",1,"Mammalia","Rodentia","Cuniculidae","Cuniculus","Rumiyaco2_2175_01260064.JPG"
"868",878,"Rumiyaco2_2175","Cuniculus paca","Guagua","19/08/2019","11:22",1,"Mammalia","Rodentia","Cuniculidae","Cuniculus","Rumiyaco2_2175_01270069.JPG"
"869",879,"Rumiyaco2_2175","Cuniculus paca","Guagua","21/08/2019","13:54",1,"Mammalia","Rodentia","Cuniculidae","Cuniculus","Rumiyaco2_2175_01290070.JPG"
"870",880,"Rumiyaco2_2175","Cuniculus paca","Guagua","22/08/2019","8:35",1,"Mammalia","Rodentia","Cuniculidae","Cuniculus","Rumiyaco2_2175_01300081.JPG"
"871",881,"Rumiyaco2_2175","Cuniculus paca","Guagua","23/08/2019","8:02",1,"Mammalia","Rodentia","Cuniculidae","Cuniculus","Rumiyaco2_2175_02010082.JPG"
"872",882,"Rumiyaco2_2175","Cuniculus paca","Guagua","27/08/2019","11:05",1,"Mammalia","Rodentia","Cuniculidae","Cuniculus","Rumiyaco2_2175_02050097.JPG"
"873",883,"Rumiyaco2_2175","Cuniculus paca","Guagua","30/08/2019","10:50",1,"Mammalia","Rodentia","Cuniculidae","Cuniculus","Rumiyaco2_2175_02080102.JPG"
"875",885,"Rumiyaco2_2175","Cuniculus paca","Guagua","11/08/2019","8:28",1,"Mammalia","Rodentia","Cuniculidae","Cuniculus","Rumiyaco2_2175_02110117.JPG"
"876",886,"Rumiyaco2_2175","Cuniculus paca","Guagua","12/08/2019","17:22",1,"Mammalia","Rodentia","Cuniculidae","Cuniculus","Rumiyaco2_2175_02120118.JPG"
"878",888,"Rumiyaco2_2175","Cuniculus paca","Guagua","14/08/2019","11:09",1,"Mammalia","Rodentia","Cuniculidae","Cuniculus","Rumiyaco2_2175_02140124.JPG"
"880",890,"Rumiyaco2_2175","Cuniculus paca","Guagua","14/08/2019","16:14",1,"Mammalia","Rodentia","Cuniculidae","Cuniculus","Rumiyaco2_2175_02140130.JPG"
"881",891,"Rumiyaco2_2175","Cuniculus paca","Guagua","14/08/2019","16:40",1,"Mammalia","Rodentia","Cuniculidae","Cuniculus","Rumiyaco2_2175_02170141.JPG"
"885",895,"Rumiyaco2_3329","Cuniculus paca","Guagua","19/08/2019","23:30",1,"Mammalia","Rodentia","Cuniculidae","Cuniculus","Rumiyaco2_3329_08190035.JPG"
"1281",1295,"Venado1_3330","Cuniculus paca","Guagua","31/07/2019","20:30",1,"Mammalia","Rodentia","Cuniculidae","Cuniculus","Venado1_3330_07310008.JPG"
"1286",1300,"Venado1_3330","Cuniculus paca","Guagua","6/08/2019","20:22",1,"Mammalia","Rodentia","Cuniculidae","Cuniculus","Venado1_3330_08060034.JPG"
"1300",1314,"Venado1_3337","Cuniculus paca","Guagua","4/08/2019","20:15",1,"Mammalia","Rodentia","Cuniculidae","Cuniculus","Venado1_3337_08040024.JPG"
"1301",1315,"Venado1_3337","Cuniculus paca","Guagua","8/08/2019","3:54",1,"Mammalia","Rodentia","Cuniculidae","Cuniculus","Venado1_3337_08080030.JPG"
"1304",1318,"Venado1_3337","Cuniculus paca","Guagua","12/08/2019","5:31",1,"Mammalia","Rodentia","Cuniculidae","Cuniculus","Venado1_3337_08120039.JPG"
"1306",1320,"Venado1_3337","Cuniculus paca","Guagua","18/08/2019","1:48",1,"Mammalia","Rodentia","Cuniculidae","Cuniculus","Venado1_3337_08180060.JPG"
"1308",1322,"Venado1_3337","Cuniculus paca","Guagua","25/08/2019","3:14",1,"Mammalia","Rodentia","Cuniculidae","Cuniculus","Venado1_3337_08250066.JPG"
"1309",1323,"Venado1_3337","Cuniculus paca","Guagua","27/08/2019","3:46",1,"Mammalia","Rodentia","Cuniculidae","Cuniculus","Venado1_3337_08270069.JPG"
"1310",1324,"Venado1_3337","Cuniculus paca","Guagua","29/08/2019","19:15",1,"Mammalia","Rodentia","Cuniculidae","Cuniculus","Venado1_3337_08290078.JPG"
"1312",1326,"Venado1_3337","Cuniculus paca","Guagua","4/09/2019","4:02",1,"Mammalia","Rodentia","Cuniculidae","Cuniculus","Venado1_3337_09040102.JPG"
"1313",1327,"Venado1_3337","Cuniculus paca","Guagua","4/09/2019","19:13",1,"Mammalia","Rodentia","Cuniculidae","Cuniculus","Venado1_3337_09040105.JPG"
"1314",1328,"Venado1_3337","Cuniculus paca","Guagua","5/09/2019","23:21",1,"Mammalia","Rodentia","Cuniculidae","Cuniculus","Venado1_3337_09050108.JPG"
"1318",1332,"Venado2_2159","Cuniculus paca","Guagua","6/08/2019","23:13",1,"Mammalia","Rodentia","Cuniculidae","Cuniculus","Venado2_2159_08060043.JPG"
"1321",1335,"Venado2_2159","Cuniculus paca","Guagua","11/08/2019","1:40",1,"Mammalia","Rodentia","Cuniculidae","Cuniculus","Venado2_2159_08110058.JPG"
"1322",1336,"Venado2_2159","Cuniculus paca","Guagua","11/08/2019","5:01",1,"Mammalia","Rodentia","Cuniculidae","Cuniculus","Venado2_2159_08110061.JPG"
"1324",1338,"Venado2_2159","Cuniculus paca","Guagua","13/08/2019","5:24",1,"Mammalia","Rodentia","Cuniculidae","Cuniculus","Venado2_2159_08130070.JPG"
"1326",1340,"Venado2_2159","Cuniculus paca","Guagua","17/08/2019","19:09",1,"Mammalia","Rodentia","Cuniculidae","Cuniculus","Venado2_2159_08170091.JPG"
"1329",1343,"Venado2_2159","Cuniculus paca","Guagua","24/08/2019","3:21",1,"Mammalia","Rodentia","Cuniculidae","Cuniculus","Venado2_2159_08240112.JPG"
"1331",1345,"Venado2_2159","Cuniculus paca","Guagua","27/08/2019","2:53",1,"Mammalia","Rodentia","Cuniculidae","Cuniculus","Venado2_2159_08270136.JPG"
"1332",1346,"Venado2_2159","Cuniculus paca","Guagua","28/08/2019","3:43",1,"Mammalia","Rodentia","Cuniculidae","Cuniculus","Venado2_2159_08280145.JPG"
"1333",1347,"Venado2_2159","Cuniculus paca","Guagua","29/08/2019","19:08",1,"Mammalia","Rodentia","Cuniculidae","Cuniculus","Venado2_2159_08290151.JPG"
"1334",1348,"Venado2_2159","Cuniculus paca","Guagua","30/08/2019","4:07",1,"Mammalia","Rodentia","Cuniculidae","Cuniculus","Venado2_2159_08300154.JPG"
"1335",1349,"Venado2_2159","Cuniculus paca","Guagua","1/09/2019","4:15",1,"Mammalia","Rodentia","Cuniculidae","Cuniculus","Venado2_2159_09010163.JPG"
"1339",1353,"Venado2_2163","Cuniculus paca","Guagua","10/08/2019","4:57",1,"Mammalia","Rodentia","Cuniculidae","Cuniculus","Venado2_2163_08100017.JPG"
"1344",1358,"Venado2_2168","Cuniculus paca","Guagua","2/09/2019","21:35",1,"Mammalia","Rodentia","Cuniculidae","Cuniculus","Venado2_2168_09020028.JPG"
"1467",1518,"Nancy_2165","Cuniculus paca","Guagua","30/08/2019","11:32",1,"Mammalia","Rodentia","Cuniculidae","Cuniculus","Nancy_2165_08300074.JPG"
"1468",1519,"Nancy_2165","Cuniculus paca","Guagua","30/08/2019","14:34",1,"Mammalia","Rodentia","Cuniculidae","Cuniculus","Nancy_2165_08300077.JPG"
"1469",1520,"Nancy_2165","Cuniculus paca","Guagua","1/09/2019","0:05",1,"Mammalia","Rodentia","Cuniculidae","Cuniculus","Nancy_2165_09010082.JPG"
"1479",1530,"Nancy_2174","Cuniculus paca","Guagua","17/08/2019","0:35",1,"Mammalia","Rodentia","Cuniculidae","Cuniculus","Nancy_2174_08170025.JPG"
"1493",1544,"Nancy_3338","Cuniculus paca","Guagua","26/08/2019","20:43",1,"Mammalia","Rodentia","Cuniculidae","Cuniculus","Nancy_3338_08260057.JPG"
"1494",1545,"Nancy_3338","Cuniculus paca","Guagua","29/08/2019","1:20",1,"Mammalia","Rodentia","Cuniculidae","Cuniculus","Nancy_3338_08290058.JPG"
"1497",1548,"Nancy_3339","Cuniculus paca","Guagua","6/08/2019","9:04",1,"Mammalia","Rodentia","Cuniculidae","Cuniculus","Nancy_3339_01020007.JPG"
"1499",1550,"Nancy_3339","Cuniculus paca","Guagua","10/08/2019","13:18",1,"Mammalia","Rodentia","Cuniculidae","Cuniculus","Nancy_3339_01060022.JPG"
"1500",1551,"Nancy_3339","Cuniculus paca","Guagua","15/08/2019","7:37",1,"Mammalia","Rodentia","Cuniculidae","Cuniculus","Nancy_3339_01110043.JPG"
"1502",1553,"Nancy_3339","Cuniculus paca","Guagua","27/08/2019","14:02",1,"Mammalia","Rodentia","Cuniculidae","Cuniculus","Nancy_3339_01230061.JPG"
"1506",1557,"Nancy_2162","Cuniculus paca","Guagua","22/09/2019","0:53",1,"Mammalia","Rodentia","Cuniculidae","Cuniculus","Nancy_2162_09220094.JPG"
"1508",1559,"Nancy_2162","Cuniculus paca","Guagua","23/09/2019","1:24",1,"Mammalia","Rodentia","Cuniculidae","Cuniculus","Nancy_2162_09230109.JPG"
"1515",1566,"Nancy_2162","Cuniculus paca","Guagua","30/09/2019","20:26",1,"Mammalia","Rodentia","Cuniculidae","Cuniculus","Nancy_2162_09300148.JPG"
"1526",1577,"Nancy_2162","Cuniculus paca","Guagua","13/10/2019","0:39",1,"Mammalia","Rodentia","Cuniculidae","Cuniculus","Nancy_2162_10130220.JPG"
"1527",1578,"Nancy_2162","Cuniculus paca","Guagua","13/10/2019","18:49",1,"Mammalia","Rodentia","Cuniculidae","Cuniculus","Nancy_2162_10130226.JPG"
"1528",1579,"Nancy_2162","Cuniculus paca","Guagua","14/10/2019","0:38",1,"Mammalia","Rodentia","Cuniculidae","Cuniculus","Nancy_2162_10140231.JPG"
"1530",1581,"Nancy_2162","Cuniculus paca","Guagua","16/10/2019","18:43",1,"Mammalia","Rodentia","Cuniculidae","Cuniculus","Nancy_2162_10160247.JPG"
"1531",1582,"Nancy_2162","Cuniculus paca","Guagua","17/10/2019","18:49",1,"Mammalia","Rodentia","Cuniculidae","Cuniculus","Nancy_2162_10170259.JPG"
"1534",1585,"Nancy_2162","Cuniculus paca","Guagua","21/10/2019","20:59",1,"Mammalia","Rodentia","Cuniculidae","Cuniculus","Nancy_2162_10210277.JPG"
"1535",1586,"Nancy_2162","Cuniculus paca","Guagua","21/10/2019","21:01",1,"Mammalia","Rodentia","Cuniculidae","Cuniculus","Nancy_2162_10210286.JPG"
"1537",1588,"Nancy_2162","Cuniculus paca","Guagua","22/10/2019","20:32",1,"Mammalia","Rodentia","Cuniculidae","Cuniculus","Nancy_2162_10220298.JPG"
"1540",1591,"Nancy_2162","Cuniculus paca","Guagua","24/10/2019","0:43",1,"Mammalia","Rodentia","Cuniculidae","Cuniculus","Nancy_2162_10240313.JPG"
"1543",1594,"Nancy_2162","Cuniculus paca","Guagua","24/10/2019","19:17",1,"Mammalia","Rodentia","Cuniculidae","Cuniculus","Nancy_2162_10240334.JPG"
"1544",1595,"Nancy_2162","Cuniculus paca","Guagua","24/10/2019","22:56",1,"Mammalia","Rodentia","Cuniculidae","Cuniculus","Nancy_2162_10240340.JPG"
"1545",1596,"Nancy_2162","Cuniculus paca","Guagua","25/10/2019","18:51",1,"Mammalia","Rodentia","Cuniculidae","Cuniculus","Nancy_2162_10250376.JPG"
"1547",1598,"Nancy_2162","Cuniculus paca","Guagua","25/10/2019","21:43",1,"Mammalia","Rodentia","Cuniculidae","Cuniculus","Nancy_2162_10250385.JPG"
"1548",1599,"Nancy_2162","Cuniculus paca","Guagua","26/10/2019","23:10",1,"Mammalia","Rodentia","Cuniculidae","Cuniculus","Nancy_2162_10260391.JPG"
"1550",1601,"Nancy_2162","Cuniculus paca","Guagua","27/10/2019","19:42",1,"Mammalia","Rodentia","Cuniculidae","Cuniculus","Nancy_2162_10270400.JPG"
"1552",1603,"Nancy_2162","Cuniculus paca","Guagua","28/10/2019","20:13",1,"Mammalia","Rodentia","Cuniculidae","Cuniculus","Nancy_2162_10280409.JPG"
"1553",1604,"Nancy_2162","Cuniculus paca","Guagua","28/10/2019","23:03",1,"Mammalia","Rodentia","Cuniculidae","Cuniculus","Nancy_2162_10280415.JPG"
"1556",1607,"Nancy_2162","Cuniculus paca","Guagua","29/10/2019","22:41",1,"Mammalia","Rodentia","Cuniculidae","Cuniculus","Nancy_2162_10290460.JPG"
"1557",1608,"Nancy_2162","Cuniculus paca","Guagua","30/10/2019","21:46",1,"Mammalia","Rodentia","Cuniculidae","Cuniculus","Nancy_2162_10300463.JPG"
"1560",1611,"Nancy_2162","Cuniculus paca","Guagua","2/11/2019","3:27",1,"Mammalia","Rodentia","Cuniculidae","Cuniculus","Nancy_2162_11020481.JPG"
"1563",1614,"Nancy_2162","Cuniculus paca","Guagua","4/11/2019","0:40",1,"Mammalia","Rodentia","Cuniculidae","Cuniculus","Nancy_2162_11040493.JPG"
"1566",1617,"Nancy_2162","Cuniculus paca","Guagua","6/11/2019","1:14",1,"Mammalia","Rodentia","Cuniculidae","Cuniculus","Nancy_2162_11060510.JPG"
"1569",1620,"Nancy_2162","Cuniculus paca","Guagua","7/11/2019","22:25",1,"Mammalia","Rodentia","Cuniculidae","Cuniculus","Nancy_2162_11070538.JPG"
"1571",1622,"Nancy_2162","Cuniculus paca","Guagua","10/11/2019","22:58",1,"Mammalia","Rodentia","Cuniculidae","Cuniculus","Nancy_2162_11100549.JPG"
"1572",1623,"Nancy_2162","Cuniculus paca","Guagua","12/11/2019","19:19",1,"Mammalia","Rodentia","Cuniculidae","Cuniculus","Nancy_2162_11120550.JPG"
"1578",1629,"Nancy_2162","Cuniculus paca","Guagua","17/11/2019","22:32",1,"Mammalia","Rodentia","Cuniculidae","Cuniculus","Nancy_2162_11170580.JPG"
"1583",1634,"Nancy_2162","Cuniculus paca","Guagua","19/11/2019","21:07",1,"Mammalia","Rodentia","Cuniculidae","Cuniculus","Nancy_2162_11190609.JPG"
