"id"	"scientificName"	"decimalLongitude"	"decimalLatitude"	"year"	"month"	"day"	"datasetName"	"basisOfRecord"	"created_by"
3457226482	"Panthera onca"	-89.707707	17.225212	2022	1	13	"iNaturalist research-grade observations"	"HUMAN_OBSERVATION"	"GBIF"
3466358646	"Panthera onca"	-103.57688	22.065783	2022	1	22	"iNaturalist research-grade observations"	"HUMAN_OBSERVATION"	"GBIF"
3031722964	"Panthera onca"	-105.486739	21.790444	2021	1	16	"iNaturalist research-grade observations"	"HUMAN_OBSERVATION"	"GBIF"
3031897030	"Panthera onca"	-105.434825	21.704713	2021	1	16	"iNaturalist research-grade observations"	"HUMAN_OBSERVATION"	"GBIF"
3032045482	"Panthera onca"	-105.428936	21.687688	2021	1	7	"iNaturalist research-grade observations"	"HUMAN_OBSERVATION"	"GBIF"
3032060976	"Panthera onca"	-105.481358	21.688696	2021	1	16	"iNaturalist research-grade observations"	"HUMAN_OBSERVATION"	"GBIF"
3032092402	"Panthera onca"	-105.539765	21.712603	2021	1	7	"iNaturalist research-grade observations"	"HUMAN_OBSERVATION"	"GBIF"
3032117004	"Panthera onca"	-105.540913	21.782076	2021	1	16	"iNaturalist research-grade observations"	"HUMAN_OBSERVATION"	"GBIF"
3032167484	"Panthera onca"	-105.510406	21.711659	2021	1	7	"iNaturalist research-grade observations"	"HUMAN_OBSERVATION"	"GBIF"
3058704674	"Panthera onca"	-64.602445	-3.59319	2021	1	26	"iNaturalist research-grade observations"	"HUMAN_OBSERVATION"	"GBIF"
3395115206	"Panthera onca"	-76.70944	1.10564	2021	1	20	"Cámara instalada para el registro de un felino Silvestre"	"MACHINE_OBSERVATION"	"GBIF"
3039433596	"Panthera onca"	-105.416213	21.731539	2021	2	4	"iNaturalist research-grade observations"	"HUMAN_OBSERVATION"	"GBIF"
3039447609	"Panthera onca"	-105.439741	21.663334	2021	2	4	"iNaturalist research-grade observations"	"HUMAN_OBSERVATION"	"GBIF"
3039454635	"Panthera onca"	-105.406336	21.687364	2021	2	4	"iNaturalist research-grade observations"	"HUMAN_OBSERVATION"	"GBIF"
3039462596	"Panthera onca"	-105.533356	21.695866	2021	2	4	"iNaturalist research-grade observations"	"HUMAN_OBSERVATION"	"GBIF"
3044731238	"Panthera onca"	-105.416522	21.728638	2021	2	21	"iNaturalist research-grade observations"	"HUMAN_OBSERVATION"	"GBIF"
3044911175	"Panthera onca"	-105.491171	21.628966	2021	2	21	"iNaturalist research-grade observations"	"HUMAN_OBSERVATION"	"GBIF"
3044958145	"Panthera onca"	-105.592353	21.75917	2021	2	21	"iNaturalist research-grade observations"	"HUMAN_OBSERVATION"	"GBIF"
3058869444	"Panthera onca"	-77.430889	-1.010824	2021	2	12	"iNaturalist research-grade observations"	"HUMAN_OBSERVATION"	"GBIF"
3061578783	"Panthera onca"	-105.40917	21.747279	2021	3	13	"iNaturalist research-grade observations"	"HUMAN_OBSERVATION"	"GBIF"
3061668679	"Panthera onca"	-105.571531	21.620905	2021	3	13	"iNaturalist research-grade observations"	"HUMAN_OBSERVATION"	"GBIF"
3061741959	"Panthera onca"	-105.454363	21.610841	2021	3	13	"iNaturalist research-grade observations"	"HUMAN_OBSERVATION"	"GBIF"
3070406088	"Panthera onca"	-56.953357	-19.704766	2021	3	29	"iNaturalist research-grade observations"	"HUMAN_OBSERVATION"	"GBIF"
3070713052	"Panthera onca"	-88.981196	18.467927	2021	3	30	"iNaturalist research-grade observations"	"HUMAN_OBSERVATION"	"GBIF"
3090708616	"Panthera onca"	-105.426271	21.632626	2021	3	31	"iNaturalist research-grade observations"	"HUMAN_OBSERVATION"	"GBIF"
3090729562	"Panthera onca"	-105.518524	21.782486	2021	3	31	"iNaturalist research-grade observations"	"HUMAN_OBSERVATION"	"GBIF"
3090871599	"Panthera onca"	-105.544504	21.785036	2021	3	31	"iNaturalist research-grade observations"	"HUMAN_OBSERVATION"	"GBIF"
3090878610	"Panthera onca"	-105.460771	21.789714	2021	3	31	"iNaturalist research-grade observations"	"HUMAN_OBSERVATION"	"GBIF"
3090888653	"Panthera onca"	-105.461669	21.697306	2021	3	28	"iNaturalist research-grade observations"	"HUMAN_OBSERVATION"	"GBIF"
3109319516	"Panthera onca"	-105.432828	21.629297	2021	3	28	"iNaturalist research-grade observations"	"HUMAN_OBSERVATION"	"GBIF"
3124546070	"Panthera onca"	-92.087844	18.360029	2021	3	20	"iNaturalist research-grade observations"	"HUMAN_OBSERVATION"	"GBIF"
3314249677	"Panthera onca"	-104.91316	21.741119	2021	3	8	"iNaturalist research-grade observations"	"HUMAN_OBSERVATION"	"GBIF"
3079774763	"Panthera onca"	-103.76663	22.138367	2021	4	3	"iNaturalist research-grade observations"	"HUMAN_OBSERVATION"	"GBIF"
3079903760	"Panthera onca"	-103.620392	22.047132	2021	4	3	"iNaturalist research-grade observations"	"HUMAN_OBSERVATION"	"GBIF"
3090708777	"Panthera onca"	-105.536215	21.749632	2021	4	13	"iNaturalist research-grade observations"	"HUMAN_OBSERVATION"	"GBIF"
3090769628	"Panthera onca"	-105.470044	21.762482	2021	4	1	"iNaturalist research-grade observations"	"HUMAN_OBSERVATION"	"GBIF"
3090891797	"Panthera onca"	-105.579825	21.666014	2021	4	13	"iNaturalist research-grade observations"	"HUMAN_OBSERVATION"	"GBIF"
3090907757	"Panthera onca"	-105.56144	21.638043	2021	4	13	"iNaturalist research-grade observations"	"HUMAN_OBSERVATION"	"GBIF"
3090937832	"Panthera onca"	-105.412469	21.659061	2021	4	13	"iNaturalist research-grade observations"	"HUMAN_OBSERVATION"	"GBIF"
3090958626	"Panthera onca"	-105.418542	21.795503	2021	4	1	"iNaturalist research-grade observations"	"HUMAN_OBSERVATION"	"GBIF"
3097022694	"Panthera onca"	-90.424448	20.587642	2021	4	15	"iNaturalist research-grade observations"	"HUMAN_OBSERVATION"	"GBIF"
3109022099	"Panthera onca"	-105.524873	21.622901	2021	4	19	"iNaturalist research-grade observations"	"HUMAN_OBSERVATION"	"GBIF"
3109069058	"Panthera onca"	-105.547301	21.65371	2021	4	19	"iNaturalist research-grade observations"	"HUMAN_OBSERVATION"	"GBIF"
3109076145	"Panthera onca"	-105.503727	21.748898	2021	4	19	"iNaturalist research-grade observations"	"HUMAN_OBSERVATION"	"GBIF"
3109248939	"Panthera onca"	-60.27956	-21.800889	2021	4	21	"iNaturalist research-grade observations"	"HUMAN_OBSERVATION"	"GBIF"
3112588038	"Panthera onca"	-105.415825	21.683512	2021	4	28	"iNaturalist research-grade observations"	"HUMAN_OBSERVATION"	"GBIF"
3124784397	"Panthera onca"	-77.490995	-1.091414	2021	4	10	"iNaturalist research-grade observations"	"HUMAN_OBSERVATION"	"GBIF"
3113646811	"Panthera onca"	-97.913578	23.278695	2021	5	13	"iNaturalist research-grade observations"	"HUMAN_OBSERVATION"	"GBIF"
3301786907	"Panthera onca"	-105.519191	21.714658	2021	5	13	"iNaturalist research-grade observations"	"HUMAN_OBSERVATION"	"GBIF"
3301866445	"Panthera onca"	-105.595534	21.673256	2021	5	18	"iNaturalist research-grade observations"	"HUMAN_OBSERVATION"	"GBIF"
3301868383	"Panthera onca"	-105.459487	21.655958	2021	5	18	"iNaturalist research-grade observations"	"HUMAN_OBSERVATION"	"GBIF"
3314408693	"Panthera onca"	-72.604596	11.057622	2021	5	28	"iNaturalist research-grade observations"	"HUMAN_OBSERVATION"	"GBIF"
3321184245	"Panthera onca"	-105.535832	21.707207	2021	5	31	"iNaturalist research-grade observations"	"HUMAN_OBSERVATION"	"GBIF"
3302372807	"Panthera onca"	-88.608543	17.149917	2021	6	1	"iNaturalist research-grade observations"	"HUMAN_OBSERVATION"	"GBIF"
3307145604	"Panthera onca"	-56.6085	-17.11111	2021	6	10	"iNaturalist research-grade observations"	"HUMAN_OBSERVATION"	"GBIF"
3320841262	"Panthera onca"	-105.531179	21.790875	2021	6	9	"iNaturalist research-grade observations"	"HUMAN_OBSERVATION"	"GBIF"
3320913219	"Panthera onca"	-105.559044	21.758942	2021	6	9	"iNaturalist research-grade observations"	"HUMAN_OBSERVATION"	"GBIF"
3325479286	"Panthera onca"	-90.290864	17.393786	2021	7	6	"iNaturalist research-grade observations"	"HUMAN_OBSERVATION"	"GBIF"
3327711800	"Panthera onca"	-54.406095	-25.709689	2021	7	9	"iNaturalist research-grade observations"	"HUMAN_OBSERVATION"	"GBIF"
3337995887	"Panthera onca"	-70.038611	-12.552882	2021	7	1	"iNaturalist research-grade observations"	"HUMAN_OBSERVATION"	"GBIF"
3355009225	"Panthera onca"	-88.015741	21.125531	2021	7	7	"iNaturalist research-grade observations"	"HUMAN_OBSERVATION"	"GBIF"
3415375267	"Panthera onca"	-90.469687	16.383047	2021	7	16	"iNaturalist research-grade observations"	"HUMAN_OBSERVATION"	"GBIF"
3343714290	"Panthera onca"	-56.739311	-17.372905	2021	8	19	"iNaturalist research-grade observations"	"HUMAN_OBSERVATION"	"GBIF"
3343840210	"Panthera onca"	-54.00735	-26.02209	2021	8	17	"iNaturalist research-grade observations"	"HUMAN_OBSERVATION"	"GBIF"
3384711673	"Panthera onca"	-79.627116	0.874344	2021	9	4	"iNaturalist research-grade observations"	"HUMAN_OBSERVATION"	"GBIF"
3399439277	"Panthera onca"	-89.907485	17.555652	2021	9	25	"iNaturalist research-grade observations"	"HUMAN_OBSERVATION"	"GBIF"
3456423448	"Panthera onca"	-99.258985	21.873089	2021	9	7	"iNaturalist research-grade observations"	"HUMAN_OBSERVATION"	"GBIF"
3384527646	"Panthera onca"	-56.659649	-16.552261	2021	10	3	"iNaturalist research-grade observations"	"HUMAN_OBSERVATION"	"GBIF"
3398638008	"Panthera onca"	-95.812781	17.761081	2021	10	14	"iNaturalist research-grade observations"	"HUMAN_OBSERVATION"	"GBIF"
3398669011	"Panthera onca"	-95.919062	17.718654	2021	10	14	"iNaturalist research-grade observations"	"HUMAN_OBSERVATION"	"GBIF"
3398849384	"Panthera onca"	-90.270074	17.238693	2021	10	28	"iNaturalist research-grade observations"	"HUMAN_OBSERVATION"	"GBIF"
3399030506	"Panthera onca"	-90.311731	17.216685	2021	10	28	"iNaturalist research-grade observations"	"HUMAN_OBSERVATION"	"GBIF"
3407950101	"Panthera onca"	-103.552774	22.159648	2021	10	20	"iNaturalist research-grade observations"	"HUMAN_OBSERVATION"	"GBIF"
3415418264	"Panthera onca"	-87.005331	20.680247	2021	10	29	"iNaturalist research-grade observations"	"HUMAN_OBSERVATION"	"GBIF"
3455402696	"Panthera onca"	-56.600718	-17.362994	2021	10	30	"iNaturalist research-grade observations"	"HUMAN_OBSERVATION"	"GBIF"
3455764790	"Panthera onca"	-56.795052	-17.238217	2021	10	30	"iNaturalist research-grade observations"	"HUMAN_OBSERVATION"	"GBIF"
3456032043	"Panthera onca"	-56.713721	-17.066953	2021	10	30	"iNaturalist research-grade observations"	"HUMAN_OBSERVATION"	"GBIF"
3456207741	"Panthera onca"	-56.679681	-16.527552	2021	10	27	"iNaturalist research-grade observations"	"HUMAN_OBSERVATION"	"GBIF"
3457210713	"Panthera onca"	-56.741018	-17.295514	2021	10	13	"iNaturalist research-grade observations"	"HUMAN_OBSERVATION"	"GBIF"
3407963135	"Panthera onca"	-103.743681	22.161032	2021	11	1	"iNaturalist research-grade observations"	"HUMAN_OBSERVATION"	"GBIF"
3408174049	"Panthera onca"	-103.594032	22.051697	2021	11	1	"iNaturalist research-grade observations"	"HUMAN_OBSERVATION"	"GBIF"
3415950263	"Panthera onca"	-54.247679	-25.733314	2021	11	3	"iNaturalist research-grade observations"	"HUMAN_OBSERVATION"	"GBIF"
3456057256	"Panthera onca"	-56.968113	-17.712255	2021	11	13	"iNaturalist research-grade observations"	"HUMAN_OBSERVATION"	"GBIF"
3457068710	"Panthera onca"	-50.396073	-5.642501	2021	11	19	"iNaturalist research-grade observations"	"HUMAN_OBSERVATION"	"GBIF"
3457088366	"Panthera onca"	-57.489201	-17.861935	2021	11	2	"iNaturalist research-grade observations"	"HUMAN_OBSERVATION"	"GBIF"
3465902835	"Panthera onca"	-105.558132	21.611288	2021	11	23	"iNaturalist research-grade observations"	"HUMAN_OBSERVATION"	"GBIF"
3466117216	"Panthera onca"	-105.553951	21.652587	2021	11	23	"iNaturalist research-grade observations"	"HUMAN_OBSERVATION"	"GBIF"
3466188404	"Panthera onca"	-105.467719	21.769944	2021	11	23	"iNaturalist research-grade observations"	"HUMAN_OBSERVATION"	"GBIF"
3455872320	"Panthera onca"	-88.455244	16.643404	2021	12	10	"iNaturalist research-grade observations"	"HUMAN_OBSERVATION"	"GBIF"
3455984403	"Panthera onca"	-54.511988	-25.630082	2021	12	11	"iNaturalist research-grade observations"	"HUMAN_OBSERVATION"	"GBIF"
3456805257	"Panthera onca"	-54.491681	-25.792204	2021	12	11	"iNaturalist research-grade observations"	"HUMAN_OBSERVATION"	"GBIF"
3465958061	"Panthera onca"	-105.590962	21.634061	2021	12	22	"iNaturalist research-grade observations"	"HUMAN_OBSERVATION"	"GBIF"
3466019063	"Panthera onca"	-105.478771	21.636691	2021	12	10	"iNaturalist research-grade observations"	"HUMAN_OBSERVATION"	"GBIF"
3466205179	"Panthera onca"	-105.42958	21.66878	2021	12	10	"iNaturalist research-grade observations"	"HUMAN_OBSERVATION"	"GBIF"
3466206060	"Panthera onca"	-105.42436	21.744945	2021	12	10	"iNaturalist research-grade observations"	"HUMAN_OBSERVATION"	"GBIF"
3466326174	"Panthera onca"	-105.448532	21.646644	2021	12	10	"iNaturalist research-grade observations"	"HUMAN_OBSERVATION"	"GBIF"
2557813727	"Panthera onca"	-105.441082	21.719073	2020	1	10	"iNaturalist research-grade observations"	"HUMAN_OBSERVATION"	"GBIF"
2563487815	"Panthera onca"	-105.560441	21.766885	2020	1	10	"iNaturalist research-grade observations"	"HUMAN_OBSERVATION"	"GBIF"
2563488017	"Panthera onca"	-105.441812	21.77431	2020	1	10	"iNaturalist research-grade observations"	"HUMAN_OBSERVATION"	"GBIF"
2563488309	"Panthera onca"	-105.56678	21.705952	2020	1	11	"iNaturalist research-grade observations"	"HUMAN_OBSERVATION"	"GBIF"
2563488355	"Panthera onca"	-105.434093	21.685736	2020	1	11	"iNaturalist research-grade observations"	"HUMAN_OBSERVATION"	"GBIF"
2563488417	"Panthera onca"	-105.463524	21.798311	2020	1	10	"iNaturalist research-grade observations"	"HUMAN_OBSERVATION"	"GBIF"
2563488541	"Panthera onca"	-105.499256	21.619681	2020	1	11	"iNaturalist research-grade observations"	"HUMAN_OBSERVATION"	"GBIF"
2563488786	"Panthera onca"	-105.489804	21.729164	2020	1	11	"iNaturalist research-grade observations"	"HUMAN_OBSERVATION"	"GBIF"
2563488961	"Panthera onca"	-105.505587	21.672126	2020	1	10	"iNaturalist research-grade observations"	"HUMAN_OBSERVATION"	"GBIF"
2563489363	"Panthera onca"	-105.465433	21.743657	2020	1	11	"iNaturalist research-grade observations"	"HUMAN_OBSERVATION"	"GBIF"
2563489485	"Panthera onca"	-105.492927	21.732969	2020	1	11	"iNaturalist research-grade observations"	"HUMAN_OBSERVATION"	"GBIF"
2563514351	"Panthera onca"	-105.521213	21.779569	2020	1	16	"iNaturalist research-grade observations"	"HUMAN_OBSERVATION"	"GBIF"
2563521247	"Panthera onca"	-105.426853	21.759612	2020	1	16	"iNaturalist research-grade observations"	"HUMAN_OBSERVATION"	"GBIF"
2563523599	"Panthera onca"	-105.420494	21.790096	2020	1	13	"iNaturalist research-grade observations"	"HUMAN_OBSERVATION"	"GBIF"
2563524396	"Panthera onca"	-105.564311	21.631293	2020	1	16	"iNaturalist research-grade observations"	"HUMAN_OBSERVATION"	"GBIF"
2563524475	"Panthera onca"	-105.592612	21.706157	2020	1	16	"iNaturalist research-grade observations"	"HUMAN_OBSERVATION"	"GBIF"
2563524639	"Panthera onca"	-105.452218	21.715559	2020	1	16	"iNaturalist research-grade observations"	"HUMAN_OBSERVATION"	"GBIF"
2563524756	"Panthera onca"	-105.467644	21.639358	2020	1	13	"iNaturalist research-grade observations"	"HUMAN_OBSERVATION"	"GBIF"
2563524923	"Panthera onca"	-105.57025	21.634404	2020	1	13	"iNaturalist research-grade observations"	"HUMAN_OBSERVATION"	"GBIF"
2563524969	"Panthera onca"	-105.406765	21.659458	2020	1	13	"iNaturalist research-grade observations"	"HUMAN_OBSERVATION"	"GBIF"
2563525839	"Panthera onca"	-105.567475	21.645311	2020	1	13	"iNaturalist research-grade observations"	"HUMAN_OBSERVATION"	"GBIF"
2563542874	"Panthera onca"	-77.488727	-1.035258	2020	1	5	"iNaturalist research-grade observations"	"HUMAN_OBSERVATION"	"GBIF"
2563550146	"Panthera onca"	-75.518608	-0.652688	2020	1	7	"iNaturalist research-grade observations"	"HUMAN_OBSERVATION"	"GBIF"
2563580613	"Panthera onca"	-76.072255	-0.758781	2020	1	7	"iNaturalist research-grade observations"	"HUMAN_OBSERVATION"	"GBIF"
2563609625	"Panthera onca"	-105.495407	21.603325	2020	1	21	"iNaturalist research-grade observations"	"HUMAN_OBSERVATION"	"GBIF"
2563609635	"Panthera onca"	-105.434815	21.740695	2020	1	21	"iNaturalist research-grade observations"	"HUMAN_OBSERVATION"	"GBIF"
2563609895	"Panthera onca"	-105.425199	21.730147	2020	1	21	"iNaturalist research-grade observations"	"HUMAN_OBSERVATION"	"GBIF"
2563610300	"Panthera onca"	-105.496863	21.668709	2020	1	21	"iNaturalist research-grade observations"	"HUMAN_OBSERVATION"	"GBIF"
2563610346	"Panthera onca"	-105.497364	21.609985	2020	1	21	"iNaturalist research-grade observations"	"HUMAN_OBSERVATION"	"GBIF"
2563610370	"Panthera onca"	-105.434514	21.669967	2020	1	21	"iNaturalist research-grade observations"	"HUMAN_OBSERVATION"	"GBIF"
2563610748	"Panthera onca"	-105.484267	21.618869	2020	1	21	"iNaturalist research-grade observations"	"HUMAN_OBSERVATION"	"GBIF"
2563611021	"Panthera onca"	-105.448974	21.651125	2020	1	25	"iNaturalist research-grade observations"	"HUMAN_OBSERVATION"	"GBIF"
2563611111	"Panthera onca"	-105.44551	21.616597	2020	1	25	"iNaturalist research-grade observations"	"HUMAN_OBSERVATION"	"GBIF"
2563611278	"Panthera onca"	-105.480365	21.751901	2020	1	25	"iNaturalist research-grade observations"	"HUMAN_OBSERVATION"	"GBIF"
2563656488	"Panthera onca"	-88.596299	16.703825	2020	1	30	"iNaturalist research-grade observations"	"HUMAN_OBSERVATION"	"GBIF"
2574002663	"Panthera onca"	-105.540178	21.661953	2020	1	29	"iNaturalist research-grade observations"	"HUMAN_OBSERVATION"	"GBIF"
2574012181	"Panthera onca"	-83.589544	10.563141	2020	1	27	"iNaturalist research-grade observations"	"HUMAN_OBSERVATION"	"GBIF"
2574078760	"Panthera onca"	-105.522724	21.6926	2020	1	30	"iNaturalist research-grade observations"	"HUMAN_OBSERVATION"	"GBIF"
2574281723	"Panthera onca"	-105.542878	21.768069	2020	1	30	"iNaturalist research-grade observations"	"HUMAN_OBSERVATION"	"GBIF"
2574295756	"Panthera onca"	-105.554308	21.766681	2020	1	30	"iNaturalist research-grade observations"	"HUMAN_OBSERVATION"	"GBIF"
2576304752	"Panthera onca"	-56.416793	-17.033981	2020	1	14	"iNaturalist research-grade observations"	"HUMAN_OBSERVATION"	"GBIF"
3005073138	"Panthera onca"	-105.573134	21.633206	2020	1	4	"iNaturalist research-grade observations"	"HUMAN_OBSERVATION"	"GBIF"
3005238108	"Panthera onca"	-105.428828	21.713649	2020	1	1	"iNaturalist research-grade observations"	"HUMAN_OBSERVATION"	"GBIF"
3018033123	"Panthera onca"	-88.25753	16.824116	2020	1	19	"iNaturalist research-grade observations"	"HUMAN_OBSERVATION"	"GBIF"
3067760864	"Panthera onca"	-71.027686	-12.079855	2020	1	18	"iNaturalist research-grade observations"	"HUMAN_OBSERVATION"	"GBIF"
3118585963	"Panthera onca"	-67.68931	6.12016	2020	1	30	NA	"MACHINE_OBSERVATION"	"GBIF"
3118585982	"Panthera onca"	-67.75761	6.13851	2020	1	31	NA	"MACHINE_OBSERVATION"	"GBIF"
3118586025	"Panthera onca"	-67.74546	6.08136	2020	1	24	NA	"MACHINE_OBSERVATION"	"GBIF"
3307541816	"Panthera onca"	-105.202469	20.856164	2020	1	3	"iNaturalist research-grade observations"	"HUMAN_OBSERVATION"	"GBIF"
3395110309	"Panthera onca"	-76.77283	0.87822	2020	1	26	"Felinos_Putumayo_SZH"	"MACHINE_OBSERVATION"	"GBIF"
3395110312	"Panthera onca"	-76.77283	0.87822	2020	1	26	"Felinos_Putumayo_SZH"	"MACHINE_OBSERVATION"	"GBIF"
3395110319	"Panthera onca"	-76.77283	0.87822	2020	1	26	"Felinos_Putumayo_SZH"	"MACHINE_OBSERVATION"	"GBIF"
3395111443	"Panthera onca"	-76.78817	0.867748	2020	1	13	"Felinos_Putumayo_SZH"	"MACHINE_OBSERVATION"	"GBIF"
3395111444	"Panthera onca"	-76.78817	0.867748	2020	1	13	"Felinos_Putumayo_SZH"	"MACHINE_OBSERVATION"	"GBIF"
3395111453	"Panthera onca"	-76.78817	0.867748	2020	1	13	"Felinos_Putumayo_SZH"	"MACHINE_OBSERVATION"	"GBIF"
3395112618	"Panthera onca"	-76.793941	0.885808	2020	1	26	"Felinos_Putumayo_SZH"	"MACHINE_OBSERVATION"	"GBIF"
3395112629	"Panthera onca"	-76.793941	0.885808	2020	1	26	"Felinos_Putumayo_SZH"	"MACHINE_OBSERVATION"	"GBIF"
3395112635	"Panthera onca"	-76.793941	0.885808	2020	1	26	"Felinos_Putumayo_SZH"	"MACHINE_OBSERVATION"	"GBIF"
3395112639	"Panthera onca"	-76.793941	0.885808	2020	1	26	"Felinos_Putumayo_SZH"	"MACHINE_OBSERVATION"	"GBIF"
3395112641	"Panthera onca"	-76.793941	0.885808	2020	1	26	"Felinos_Putumayo_SZH"	"MACHINE_OBSERVATION"	"GBIF"
3395112771	"Panthera onca"	-76.768313	0.876097	2020	1	12	"Felinos_Putumayo_SZH"	"MACHINE_OBSERVATION"	"GBIF"
3395112772	"Panthera onca"	-76.768313	0.876097	2020	1	12	"Felinos_Putumayo_SZH"	"MACHINE_OBSERVATION"	"GBIF"
3395112784	"Panthera onca"	-76.768313	0.876097	2020	1	12	"Felinos_Putumayo_SZH"	"MACHINE_OBSERVATION"	"GBIF"
3395114391	"Panthera onca"	-76.81185	0.869896	2020	1	1	"Felinos_Putumayo_SZH"	"MACHINE_OBSERVATION"	"GBIF"
3395114393	"Panthera onca"	-76.81185	0.869896	2020	1	1	"Felinos_Putumayo_SZH"	"MACHINE_OBSERVATION"	"GBIF"
3395114394	"Panthera onca"	-76.81185	0.869896	2020	1	1	"Felinos_Putumayo_SZH"	"MACHINE_OBSERVATION"	"GBIF"
3395114397	"Panthera onca"	-76.81185	0.869896	2020	1	1	"Felinos_Putumayo_SZH"	"MACHINE_OBSERVATION"	"GBIF"
3395114400	"Panthera onca"	-76.81185	0.869896	2020	1	1	"Felinos_Putumayo_SZH"	"MACHINE_OBSERVATION"	"GBIF"
3395114401	"Panthera onca"	-76.81185	0.869896	2020	1	1	"Felinos_Putumayo_SZH"	"MACHINE_OBSERVATION"	"GBIF"
3395114487	"Panthera onca"	-76.81185	0.869896	2020	1	13	"Felinos_Putumayo_SZH"	"MACHINE_OBSERVATION"	"GBIF"
3395114493	"Panthera onca"	-76.81185	0.869896	2020	1	13	"Felinos_Putumayo_SZH"	"MACHINE_OBSERVATION"	"GBIF"
3395114495	"Panthera onca"	-76.81185	0.869896	2020	1	13	"Felinos_Putumayo_SZH"	"MACHINE_OBSERVATION"	"GBIF"
3395115498	"Panthera onca"	-76.77283	0.87822	2020	1	12	"Felinos_Putumayo_SZH"	"MACHINE_OBSERVATION"	"GBIF"
2573870040	"Panthera onca"	-105.513765	21.771426	2020	2	7	"iNaturalist research-grade observations"	"HUMAN_OBSERVATION"	"GBIF"
2573922105	"Panthera onca"	-105.581042	21.708769	2020	2	1	"iNaturalist research-grade observations"	"HUMAN_OBSERVATION"	"GBIF"
2573940038	"Panthera onca"	-105.55342	21.647356	2020	2	7	"iNaturalist research-grade observations"	"HUMAN_OBSERVATION"	"GBIF"
2574004090	"Panthera onca"	-105.440805	21.67813	2020	2	1	"iNaturalist research-grade observations"	"HUMAN_OBSERVATION"	"GBIF"
2574007069	"Panthera onca"	-105.447938	21.739781	2020	2	7	"iNaturalist research-grade observations"	"HUMAN_OBSERVATION"	"GBIF"
2574009093	"Panthera onca"	-105.481801	21.742227	2020	2	7	"iNaturalist research-grade observations"	"HUMAN_OBSERVATION"	"GBIF"
2574099184	"Panthera onca"	-105.44581	21.689014	2020	2	1	"iNaturalist research-grade observations"	"HUMAN_OBSERVATION"	"GBIF"
2574275271	"Panthera onca"	-105.48554	21.766276	2020	2	1	"iNaturalist research-grade observations"	"HUMAN_OBSERVATION"	"GBIF"
2574278226	"Panthera onca"	-105.536121	21.703158	2020	2	2	"iNaturalist research-grade observations"	"HUMAN_OBSERVATION"	"GBIF"
2574290073	"Panthera onca"	-105.421232	21.786944	2020	2	9	"iNaturalist research-grade observations"	"HUMAN_OBSERVATION"	"GBIF"
2574292216	"Panthera onca"	-105.523981	21.708479	2020	2	1	"iNaturalist research-grade observations"	"HUMAN_OBSERVATION"	"GBIF"
2579227594	"Panthera onca"	-105.440899	21.638766	2020	2	18	"iNaturalist research-grade observations"	"HUMAN_OBSERVATION"	"GBIF"
2579293706	"Panthera onca"	-105.52211	21.752735	2020	2	18	"iNaturalist research-grade observations"	"HUMAN_OBSERVATION"	"GBIF"
2579326628	"Panthera onca"	-105.529674	21.771936	2020	2	18	"iNaturalist research-grade observations"	"HUMAN_OBSERVATION"	"GBIF"
2579331627	"Panthera onca"	-105.491411	21.622037	2020	2	19	"iNaturalist research-grade observations"	"HUMAN_OBSERVATION"	"GBIF"
2579341708	"Panthera onca"	-105.537198	21.633221	2020	2	18	"iNaturalist research-grade observations"	"HUMAN_OBSERVATION"	"GBIF"
2814354018	"Panthera onca"	-56.143431	-19.508122	2020	2	25	"iNaturalist research-grade observations"	"HUMAN_OBSERVATION"	"GBIF"
2814405936	"Panthera onca"	-56.050504	-19.523174	2020	2	24	"iNaturalist research-grade observations"	"HUMAN_OBSERVATION"	"GBIF"
2843778566	"Panthera onca"	-55.450264	5.349317	2020	2	10	NA	"HUMAN_OBSERVATION"	"GBIF"
2999037771	"Panthera onca"	-50.155357	-6.134652	2020	2	22	"iNaturalist research-grade observations"	"HUMAN_OBSERVATION"	"GBIF"
2999047700	"Panthera onca"	-50.022073	-6.115612	2020	2	22	"iNaturalist research-grade observations"	"HUMAN_OBSERVATION"	"GBIF"
3118584829	"Panthera onca"	-73.42483	6.81985	2020	2	26	NA	"MACHINE_OBSERVATION"	"GBIF"
3118584844	"Panthera onca"	-73.42483	6.82229	2020	2	25	NA	"MACHINE_OBSERVATION"	"GBIF"
3314233702	"Panthera onca"	-105.539817	21.720936	2020	2	24	"iNaturalist research-grade observations"	"HUMAN_OBSERVATION"	"GBIF"
3395111666	"Panthera onca"	-76.768313	0.876097	2020	2	4	"Felinos_Putumayo_SZH"	"MACHINE_OBSERVATION"	"GBIF"
3395111668	"Panthera onca"	-76.768313	0.876097	2020	2	4	"Felinos_Putumayo_SZH"	"MACHINE_OBSERVATION"	"GBIF"
3395111670	"Panthera onca"	-76.768313	0.876097	2020	2	4	"Felinos_Putumayo_SZH"	"MACHINE_OBSERVATION"	"GBIF"
3395112031	"Panthera onca"	-76.768313	0.876097	2020	2	18	"Felinos_Putumayo_SZH"	"MACHINE_OBSERVATION"	"GBIF"
3395112034	"Panthera onca"	-76.768313	0.876097	2020	2	18	"Felinos_Putumayo_SZH"	"MACHINE_OBSERVATION"	"GBIF"
3395112060	"Panthera onca"	-76.768313	0.876097	2020	2	12	"Felinos_Putumayo_SZH"	"MACHINE_OBSERVATION"	"GBIF"
3395112063	"Panthera onca"	-76.768313	0.876097	2020	2	12	"Felinos_Putumayo_SZH"	"MACHINE_OBSERVATION"	"GBIF"
3395112083	"Panthera onca"	-76.768313	0.876097	2020	2	12	"Felinos_Putumayo_SZH"	"MACHINE_OBSERVATION"	"GBIF"
3395112194	"Panthera onca"	-76.78817	0.867748	2020	2	2	"Felinos_Putumayo_SZH"	"MACHINE_OBSERVATION"	"GBIF"
3395112196	"Panthera onca"	-76.78817	0.867748	2020	2	2	"Felinos_Putumayo_SZH"	"MACHINE_OBSERVATION"	"GBIF"
3395112206	"Panthera onca"	-76.78817	0.867748	2020	2	2	"Felinos_Putumayo_SZH"	"MACHINE_OBSERVATION"	"GBIF"
3395112956	"Panthera onca"	-76.768313	0.876097	2020	2	3	"Felinos_Putumayo_SZH"	"MACHINE_OBSERVATION"	"GBIF"
3395112958	"Panthera onca"	-76.768313	0.876097	2020	2	3	"Felinos_Putumayo_SZH"	"MACHINE_OBSERVATION"	"GBIF"
3395112960	"Panthera onca"	-76.768313	0.876097	2020	2	3	"Felinos_Putumayo_SZH"	"MACHINE_OBSERVATION"	"GBIF"
3395112962	"Panthera onca"	-76.768313	0.876097	2020	2	3	"Felinos_Putumayo_SZH"	"MACHINE_OBSERVATION"	"GBIF"
3395112964	"Panthera onca"	-76.768313	0.876097	2020	2	3	"Felinos_Putumayo_SZH"	"MACHINE_OBSERVATION"	"GBIF"
3395112974	"Panthera onca"	-76.768313	0.876097	2020	2	1	"Felinos_Putumayo_SZH"	"MACHINE_OBSERVATION"	"GBIF"
3395112975	"Panthera onca"	-76.768313	0.876097	2020	2	1	"Felinos_Putumayo_SZH"	"MACHINE_OBSERVATION"	"GBIF"
3395112976	"Panthera onca"	-76.768313	0.876097	2020	2	1	"Felinos_Putumayo_SZH"	"MACHINE_OBSERVATION"	"GBIF"
3395114859	"Panthera onca"	-76.81185	0.869896	2020	2	1	"Felinos_Putumayo_SZH"	"MACHINE_OBSERVATION"	"GBIF"
3395114865	"Panthera onca"	-76.81185	0.869896	2020	2	1	"Felinos_Putumayo_SZH"	"MACHINE_OBSERVATION"	"GBIF"
3395114866	"Panthera onca"	-76.81185	0.869896	2020	2	1	"Felinos_Putumayo_SZH"	"MACHINE_OBSERVATION"	"GBIF"
3395114869	"Panthera onca"	-76.81185	0.869896	2020	2	1	"Felinos_Putumayo_SZH"	"MACHINE_OBSERVATION"	"GBIF"
3395114874	"Panthera onca"	-76.81185	0.869896	2020	2	1	"Felinos_Putumayo_SZH"	"MACHINE_OBSERVATION"	"GBIF"
3395114880	"Panthera onca"	-76.81185	0.869896	2020	2	1	"Felinos_Putumayo_SZH"	"MACHINE_OBSERVATION"	"GBIF"
3395114881	"Panthera onca"	-76.81185	0.869896	2020	2	1	"Felinos_Putumayo_SZH"	"MACHINE_OBSERVATION"	"GBIF"
3395114884	"Panthera onca"	-76.81185	0.869896	2020	2	1	"Felinos_Putumayo_SZH"	"MACHINE_OBSERVATION"	"GBIF"
3395114886	"Panthera onca"	-76.81185	0.869896	2020	2	1	"Felinos_Putumayo_SZH"	"MACHINE_OBSERVATION"	"GBIF"
3395114887	"Panthera onca"	-76.81185	0.869896	2020	2	1	"Felinos_Putumayo_SZH"	"MACHINE_OBSERVATION"	"GBIF"
3395114888	"Panthera onca"	-76.81185	0.869896	2020	2	1	"Felinos_Putumayo_SZH"	"MACHINE_OBSERVATION"	"GBIF"
3395114889	"Panthera onca"	-76.81185	0.869896	2020	2	1	"Felinos_Putumayo_SZH"	"MACHINE_OBSERVATION"	"GBIF"
3395114890	"Panthera onca"	-76.81185	0.869896	2020	2	1	"Felinos_Putumayo_SZH"	"MACHINE_OBSERVATION"	"GBIF"
3395114891	"Panthera onca"	-76.81185	0.869896	2020	2	1	"Felinos_Putumayo_SZH"	"MACHINE_OBSERVATION"	"GBIF"
3395114961	"Panthera onca"	-76.81185	0.869896	2020	2	1	"Felinos_Putumayo_SZH"	"MACHINE_OBSERVATION"	"GBIF"
3395114967	"Panthera onca"	-76.81185	0.869896	2020	2	1	"Felinos_Putumayo_SZH"	"MACHINE_OBSERVATION"	"GBIF"
3395114973	"Panthera onca"	-76.81185	0.869896	2020	2	1	"Felinos_Putumayo_SZH"	"MACHINE_OBSERVATION"	"GBIF"
3395114975	"Panthera onca"	-76.81185	0.869896	2020	2	1	"Felinos_Putumayo_SZH"	"MACHINE_OBSERVATION"	"GBIF"
3395114979	"Panthera onca"	-76.81185	0.869896	2020	2	1	"Felinos_Putumayo_SZH"	"MACHINE_OBSERVATION"	"GBIF"
3395114980	"Panthera onca"	-76.81185	0.869896	2020	2	1	"Felinos_Putumayo_SZH"	"MACHINE_OBSERVATION"	"GBIF"
3395114982	"Panthera onca"	-76.81185	0.869896	2020	2	1	"Felinos_Putumayo_SZH"	"MACHINE_OBSERVATION"	"GBIF"
3395114984	"Panthera onca"	-76.81185	0.869896	2020	2	1	"Felinos_Putumayo_SZH"	"MACHINE_OBSERVATION"	"GBIF"
3395114990	"Panthera onca"	-76.81185	0.869896	2020	2	1	"Felinos_Putumayo_SZH"	"MACHINE_OBSERVATION"	"GBIF"
3395114991	"Panthera onca"	-76.81185	0.869896	2020	2	1	"Felinos_Putumayo_SZH"	"MACHINE_OBSERVATION"	"GBIF"
3395114995	"Panthera onca"	-76.81185	0.869896	2020	2	1	"Felinos_Putumayo_SZH"	"MACHINE_OBSERVATION"	"GBIF"
3395115002	"Panthera onca"	-76.81185	0.869896	2020	2	1	"Felinos_Putumayo_SZH"	"MACHINE_OBSERVATION"	"GBIF"
3395115007	"Panthera onca"	-76.81185	0.869896	2020	2	1	"Felinos_Putumayo_SZH"	"MACHINE_OBSERVATION"	"GBIF"
3395115010	"Panthera onca"	-76.81185	0.869896	2020	2	1	"Felinos_Putumayo_SZH"	"MACHINE_OBSERVATION"	"GBIF"
3395115011	"Panthera onca"	-76.81185	0.869896	2020	2	1	"Felinos_Putumayo_SZH"	"MACHINE_OBSERVATION"	"GBIF"
3395115013	"Panthera onca"	-76.81185	0.869896	2020	2	1	"Felinos_Putumayo_SZH"	"MACHINE_OBSERVATION"	"GBIF"
3395115014	"Panthera onca"	-76.81185	0.869896	2020	2	1	"Felinos_Putumayo_SZH"	"MACHINE_OBSERVATION"	"GBIF"
3395115015	"Panthera onca"	-76.81185	0.869896	2020	2	1	"Felinos_Putumayo_SZH"	"MACHINE_OBSERVATION"	"GBIF"
3395115016	"Panthera onca"	-76.81185	0.869896	2020	2	1	"Felinos_Putumayo_SZH"	"MACHINE_OBSERVATION"	"GBIF"
3395115019	"Panthera onca"	-76.81185	0.869896	2020	2	1	"Felinos_Putumayo_SZH"	"MACHINE_OBSERVATION"	"GBIF"
3395115027	"Panthera onca"	-76.81185	0.869896	2020	2	1	"Felinos_Putumayo_SZH"	"MACHINE_OBSERVATION"	"GBIF"
3395115028	"Panthera onca"	-76.81185	0.869896	2020	2	1	"Felinos_Putumayo_SZH"	"MACHINE_OBSERVATION"	"GBIF"
3395115030	"Panthera onca"	-76.81185	0.869896	2020	2	1	"Felinos_Putumayo_SZH"	"MACHINE_OBSERVATION"	"GBIF"
3395115032	"Panthera onca"	-76.81185	0.869896	2020	2	1	"Felinos_Putumayo_SZH"	"MACHINE_OBSERVATION"	"GBIF"
3395115035	"Panthera onca"	-76.81185	0.869896	2020	2	1	"Felinos_Putumayo_SZH"	"MACHINE_OBSERVATION"	"GBIF"
3395115038	"Panthera onca"	-76.81185	0.869896	2020	2	1	"Felinos_Putumayo_SZH"	"MACHINE_OBSERVATION"	"GBIF"
3395115039	"Panthera onca"	-76.81185	0.869896	2020	2	1	"Felinos_Putumayo_SZH"	"MACHINE_OBSERVATION"	"GBIF"
3395115041	"Panthera onca"	-76.81185	0.869896	2020	2	1	"Felinos_Putumayo_SZH"	"MACHINE_OBSERVATION"	"GBIF"
3395115042	"Panthera onca"	-76.81185	0.869896	2020	2	1	"Felinos_Putumayo_SZH"	"MACHINE_OBSERVATION"	"GBIF"
3395115047	"Panthera onca"	-76.81185	0.869896	2020	2	1	"Felinos_Putumayo_SZH"	"MACHINE_OBSERVATION"	"GBIF"
3395115056	"Panthera onca"	-76.81185	0.869896	2020	2	1	"Felinos_Putumayo_SZH"	"MACHINE_OBSERVATION"	"GBIF"
3395115057	"Panthera onca"	-76.81185	0.869896	2020	2	1	"Felinos_Putumayo_SZH"	"MACHINE_OBSERVATION"	"GBIF"
3395115059	"Panthera onca"	-76.81185	0.869896	2020	2	1	"Felinos_Putumayo_SZH"	"MACHINE_OBSERVATION"	"GBIF"
3395115060	"Panthera onca"	-76.81185	0.869896	2020	2	1	"Felinos_Putumayo_SZH"	"MACHINE_OBSERVATION"	"GBIF"
3395115062	"Panthera onca"	-76.81185	0.869896	2020	2	1	"Felinos_Putumayo_SZH"	"MACHINE_OBSERVATION"	"GBIF"
3395115064	"Panthera onca"	-76.81185	0.869896	2020	2	1	"Felinos_Putumayo_SZH"	"MACHINE_OBSERVATION"	"GBIF"
3395115065	"Panthera onca"	-76.81185	0.869896	2020	2	1	"Felinos_Putumayo_SZH"	"MACHINE_OBSERVATION"	"GBIF"
3395115068	"Panthera onca"	-76.81185	0.869896	2020	2	1	"Felinos_Putumayo_SZH"	"MACHINE_OBSERVATION"	"GBIF"
3395115069	"Panthera onca"	-76.81185	0.869896	2020	2	1	"Felinos_Putumayo_SZH"	"MACHINE_OBSERVATION"	"GBIF"
3395115070	"Panthera onca"	-76.81185	0.869896	2020	2	1	"Felinos_Putumayo_SZH"	"MACHINE_OBSERVATION"	"GBIF"
3395115075	"Panthera onca"	-76.81185	0.869896	2020	2	1	"Felinos_Putumayo_SZH"	"MACHINE_OBSERVATION"	"GBIF"
3395115076	"Panthera onca"	-76.81185	0.869896	2020	2	1	"Felinos_Putumayo_SZH"	"MACHINE_OBSERVATION"	"GBIF"
3395115077	"Panthera onca"	-76.81185	0.869896	2020	2	1	"Felinos_Putumayo_SZH"	"MACHINE_OBSERVATION"	"GBIF"
3395115079	"Panthera onca"	-76.81185	0.869896	2020	2	1	"Felinos_Putumayo_SZH"	"MACHINE_OBSERVATION"	"GBIF"
3395115083	"Panthera onca"	-76.81185	0.869896	2020	2	1	"Felinos_Putumayo_SZH"	"MACHINE_OBSERVATION"	"GBIF"
3395115084	"Panthera onca"	-76.81185	0.869896	2020	2	1	"Felinos_Putumayo_SZH"	"MACHINE_OBSERVATION"	"GBIF"
3395115085	"Panthera onca"	-76.81185	0.869896	2020	2	1	"Felinos_Putumayo_SZH"	"MACHINE_OBSERVATION"	"GBIF"
3395115087	"Panthera onca"	-76.81185	0.869896	2020	2	1	"Felinos_Putumayo_SZH"	"MACHINE_OBSERVATION"	"GBIF"
3395115090	"Panthera onca"	-76.81185	0.869896	2020	2	1	"Felinos_Putumayo_SZH"	"MACHINE_OBSERVATION"	"GBIF"
3395115093	"Panthera onca"	-76.81185	0.869896	2020	2	1	"Felinos_Putumayo_SZH"	"MACHINE_OBSERVATION"	"GBIF"
3395115095	"Panthera onca"	-76.81185	0.869896	2020	2	1	"Felinos_Putumayo_SZH"	"MACHINE_OBSERVATION"	"GBIF"
3395115097	"Panthera onca"	-76.81185	0.869896	2020	2	1	"Felinos_Putumayo_SZH"	"MACHINE_OBSERVATION"	"GBIF"
3395115098	"Panthera onca"	-76.81185	0.869896	2020	2	1	"Felinos_Putumayo_SZH"	"MACHINE_OBSERVATION"	"GBIF"
3395115103	"Panthera onca"	-76.81185	0.869896	2020	2	1	"Felinos_Putumayo_SZH"	"MACHINE_OBSERVATION"	"GBIF"
3395115105	"Panthera onca"	-76.81185	0.869896	2020	2	1	"Felinos_Putumayo_SZH"	"MACHINE_OBSERVATION"	"GBIF"
3395115106	"Panthera onca"	-76.81185	0.869896	2020	2	1	"Felinos_Putumayo_SZH"	"MACHINE_OBSERVATION"	"GBIF"
3395115107	"Panthera onca"	-76.81185	0.869896	2020	2	1	"Felinos_Putumayo_SZH"	"MACHINE_OBSERVATION"	"GBIF"
3395115108	"Panthera onca"	-76.81185	0.869896	2020	2	1	"Felinos_Putumayo_SZH"	"MACHINE_OBSERVATION"	"GBIF"
3395115110	"Panthera onca"	-76.81185	0.869896	2020	2	1	"Felinos_Putumayo_SZH"	"MACHINE_OBSERVATION"	"GBIF"
3395115112	"Panthera onca"	-76.81185	0.869896	2020	2	1	"Felinos_Putumayo_SZH"	"MACHINE_OBSERVATION"	"GBIF"
3395115113	"Panthera onca"	-76.81185	0.869896	2020	2	1	"Felinos_Putumayo_SZH"	"MACHINE_OBSERVATION"	"GBIF"
3395115114	"Panthera onca"	-76.81185	0.869896	2020	2	1	"Felinos_Putumayo_SZH"	"MACHINE_OBSERVATION"	"GBIF"
3395115116	"Panthera onca"	-76.81185	0.869896	2020	2	1	"Felinos_Putumayo_SZH"	"MACHINE_OBSERVATION"	"GBIF"
3395115118	"Panthera onca"	-76.81185	0.869896	2020	2	1	"Felinos_Putumayo_SZH"	"MACHINE_OBSERVATION"	"GBIF"
3395115122	"Panthera onca"	-76.81185	0.869896	2020	2	1	"Felinos_Putumayo_SZH"	"MACHINE_OBSERVATION"	"GBIF"
3395115123	"Panthera onca"	-76.81185	0.869896	2020	2	1	"Felinos_Putumayo_SZH"	"MACHINE_OBSERVATION"	"GBIF"
3395115125	"Panthera onca"	-76.81185	0.869896	2020	2	1	"Felinos_Putumayo_SZH"	"MACHINE_OBSERVATION"	"GBIF"
3395115127	"Panthera onca"	-76.81185	0.869896	2020	2	1	"Felinos_Putumayo_SZH"	"MACHINE_OBSERVATION"	"GBIF"
3395115128	"Panthera onca"	-76.81185	0.869896	2020	2	1	"Felinos_Putumayo_SZH"	"MACHINE_OBSERVATION"	"GBIF"
3395115130	"Panthera onca"	-76.81185	0.869896	2020	2	1	"Felinos_Putumayo_SZH"	"MACHINE_OBSERVATION"	"GBIF"
3395115563	"Panthera onca"	-76.81185	0.869896	2020	2	1	"Felinos_Putumayo_SZH"	"MACHINE_OBSERVATION"	"GBIF"
3395115571	"Panthera onca"	-76.81185	0.869896	2020	2	1	"Felinos_Putumayo_SZH"	"MACHINE_OBSERVATION"	"GBIF"
3395115572	"Panthera onca"	-76.81185	0.869896	2020	2	1	"Felinos_Putumayo_SZH"	"MACHINE_OBSERVATION"	"GBIF"
3395115587	"Panthera onca"	-76.81185	0.869896	2020	2	1	"Felinos_Putumayo_SZH"	"MACHINE_OBSERVATION"	"GBIF"
3395115590	"Panthera onca"	-76.81185	0.869896	2020	2	1	"Felinos_Putumayo_SZH"	"MACHINE_OBSERVATION"	"GBIF"
3395115591	"Panthera onca"	-76.81185	0.869896	2020	2	1	"Felinos_Putumayo_SZH"	"MACHINE_OBSERVATION"	"GBIF"
3395115593	"Panthera onca"	-76.81185	0.869896	2020	2	1	"Felinos_Putumayo_SZH"	"MACHINE_OBSERVATION"	"GBIF"
3395115595	"Panthera onca"	-76.81185	0.869896	2020	2	1	"Felinos_Putumayo_SZH"	"MACHINE_OBSERVATION"	"GBIF"
3395115596	"Panthera onca"	-76.81185	0.869896	2020	2	1	"Felinos_Putumayo_SZH"	"MACHINE_OBSERVATION"	"GBIF"
3395115597	"Panthera onca"	-76.81185	0.869896	2020	2	1	"Felinos_Putumayo_SZH"	"MACHINE_OBSERVATION"	"GBIF"
3395115762	"Panthera onca"	-76.81185	0.869896	2020	2	1	"Felinos_Putumayo_SZH"	"MACHINE_OBSERVATION"	"GBIF"
3395115765	"Panthera onca"	-76.81185	0.869896	2020	2	1	"Felinos_Putumayo_SZH"	"MACHINE_OBSERVATION"	"GBIF"
3395115767	"Panthera onca"	-76.81185	0.869896	2020	2	1	"Felinos_Putumayo_SZH"	"MACHINE_OBSERVATION"	"GBIF"
3395115768	"Panthera onca"	-76.81185	0.869896	2020	2	1	"Felinos_Putumayo_SZH"	"MACHINE_OBSERVATION"	"GBIF"
3395115779	"Panthera onca"	-76.81185	0.869896	2020	2	1	"Felinos_Putumayo_SZH"	"MACHINE_OBSERVATION"	"GBIF"
3395115783	"Panthera onca"	-76.81185	0.869896	2020	2	1	"Felinos_Putumayo_SZH"	"MACHINE_OBSERVATION"	"GBIF"
3395115784	"Panthera onca"	-76.81185	0.869896	2020	2	1	"Felinos_Putumayo_SZH"	"MACHINE_OBSERVATION"	"GBIF"
3395115786	"Panthera onca"	-76.81185	0.869896	2020	2	1	"Felinos_Putumayo_SZH"	"MACHINE_OBSERVATION"	"GBIF"
3419400085	"Panthera onca"	-79.179186	0.631768	2020	2	19	"Registro de avistamientos de fauna durante recorridos de control y vigilancia en el Refugio de vida Silvestre Pambilar"	"HUMAN_OBSERVATION"	"GBIF"
2579229589	"Panthera onca"	-105.41444	21.684152	2020	3	4	"iNaturalist research-grade observations"	"HUMAN_OBSERVATION"	"GBIF"
2579291672	"Panthera onca"	-105.436213	21.799237	2020	3	4	"iNaturalist research-grade observations"	"HUMAN_OBSERVATION"	"GBIF"
2579318669	"Panthera onca"	-105.530314	21.62938	2020	3	4	"iNaturalist research-grade observations"	"HUMAN_OBSERVATION"	"GBIF"
2579335682	"Panthera onca"	-105.430773	21.760492	2020	3	4	"iNaturalist research-grade observations"	"HUMAN_OBSERVATION"	"GBIF"
2579344703	"Panthera onca"	-105.475571	21.662258	2020	3	4	"iNaturalist research-grade observations"	"HUMAN_OBSERVATION"	"GBIF"
2580095293	"Panthera onca"	-105.430427	21.683059	2020	3	13	"iNaturalist research-grade observations"	"HUMAN_OBSERVATION"	"GBIF"
2580268501	"Panthera onca"	-105.40261	21.632826	2020	3	13	"iNaturalist research-grade observations"	"HUMAN_OBSERVATION"	"GBIF"
2596045248	"Panthera onca"	-72.625495	11.034447	2020	3	19	"iNaturalist research-grade observations"	"HUMAN_OBSERVATION"	"GBIF"
2597921784	"Panthera onca"	-105.473813	21.756386	2020	3	28	"iNaturalist research-grade observations"	"HUMAN_OBSERVATION"	"GBIF"
2597942760	"Panthera onca"	-105.454749	21.680608	2020	3	13	"iNaturalist research-grade observations"	"HUMAN_OBSERVATION"	"GBIF"
2611046608	"Panthera onca"	-96.761918	17.107225	2020	3	19	"iNaturalist research-grade observations"	"HUMAN_OBSERVATION"	"GBIF"
2626420700	"Panthera onca"	-52.618912	4.032035	2020	3	13	"iNaturalist research-grade observations"	"HUMAN_OBSERVATION"	"GBIF"
2634227530	"Panthera onca"	-105.29283	20.453359	2020	3	29	"iNaturalist research-grade observations"	"HUMAN_OBSERVATION"	"GBIF"
2813939543	"Panthera onca"	-77.594962	-1.15245	2020	3	22	"iNaturalist research-grade observations"	"HUMAN_OBSERVATION"	"GBIF"
2850611515	"Panthera onca"	-105.349644	20.482438	2020	3	29	"iNaturalist research-grade observations"	"HUMAN_OBSERVATION"	"GBIF"
2850700339	"Panthera onca"	-83.387481	8.512211	2020	3	14	"iNaturalist research-grade observations"	"HUMAN_OBSERVATION"	"GBIF"
3118584744	"Panthera onca"	-73.44017	6.7019	2020	3	5	NA	"MACHINE_OBSERVATION"	"GBIF"
3118584774	"Panthera onca"	-73.44017	6.72534	2020	3	3	NA	"MACHINE_OBSERVATION"	"GBIF"
3314219721	"Panthera onca"	-105.500174	21.769157	2020	3	25	"iNaturalist research-grade observations"	"HUMAN_OBSERVATION"	"GBIF"
3395113657	"Panthera onca"	-76.78817	0.867748	2020	3	24	"Felinos_Putumayo_SZH"	"MACHINE_OBSERVATION"	"GBIF"
3395113658	"Panthera onca"	-76.78817	0.867748	2020	3	24	"Felinos_Putumayo_SZH"	"MACHINE_OBSERVATION"	"GBIF"
3395113660	"Panthera onca"	-76.78817	0.867748	2020	3	24	"Felinos_Putumayo_SZH"	"MACHINE_OBSERVATION"	"GBIF"
3395114201	"Panthera onca"	-76.78817	0.867748	2020	3	27	"Felinos_Putumayo_SZH"	"MACHINE_OBSERVATION"	"GBIF"
3395114206	"Panthera onca"	-76.78817	0.867748	2020	3	27	"Felinos_Putumayo_SZH"	"MACHINE_OBSERVATION"	"GBIF"
2597801756	"Panthera onca"	-105.534154	21.64646	2020	4	6	"iNaturalist research-grade observations"	"HUMAN_OBSERVATION"	"GBIF"
2597809754	"Panthera onca"	-105.472262	21.605531	2020	4	6	"iNaturalist research-grade observations"	"HUMAN_OBSERVATION"	"GBIF"
2597908742	"Panthera onca"	-105.46637	21.77436	2020	4	6	"iNaturalist research-grade observations"	"HUMAN_OBSERVATION"	"GBIF"
2603383253	"Panthera onca"	-105.541866	21.789213	2020	4	14	"iNaturalist research-grade observations"	"HUMAN_OBSERVATION"	"GBIF"
2611146104	"Panthera onca"	-105.504204	21.768101	2020	4	23	"iNaturalist research-grade observations"	"HUMAN_OBSERVATION"	"GBIF"
2611259905	"Panthera onca"	-105.438357	21.795359	2020	4	23	"iNaturalist research-grade observations"	"HUMAN_OBSERVATION"	"GBIF"
2611313247	"Panthera onca"	-105.582773	21.775598	2020	4	23	"iNaturalist research-grade observations"	"HUMAN_OBSERVATION"	"GBIF"
2611403092	"Panthera onca"	-105.461599	21.654753	2020	4	23	"iNaturalist research-grade observations"	"HUMAN_OBSERVATION"	"GBIF"
2826386218	"Panthera onca"	-89.496534	18.317851	2020	4	18	"iNaturalist research-grade observations"	"HUMAN_OBSERVATION"	"GBIF"
3079585696	"Panthera onca"	-79.250291	9.322341	2020	4	9	"iNaturalist research-grade observations"	"HUMAN_OBSERVATION"	"GBIF"
3395114370	"Panthera onca"	-76.78817	0.867748	2020	4	16	"Felinos_Putumayo_SZH"	"MACHINE_OBSERVATION"	"GBIF"
3395114372	"Panthera onca"	-76.78817	0.867748	2020	4	16	"Felinos_Putumayo_SZH"	"MACHINE_OBSERVATION"	"GBIF"
3395114383	"Panthera onca"	-76.78817	0.867748	2020	4	16	"Felinos_Putumayo_SZH"	"MACHINE_OBSERVATION"	"GBIF"
3395114387	"Panthera onca"	-76.78817	0.867748	2020	4	16	"Felinos_Putumayo_SZH"	"MACHINE_OBSERVATION"	"GBIF"
3395114426	"Panthera onca"	-76.78817	0.867748	2020	4	29	"Felinos_Putumayo_SZH"	"MACHINE_OBSERVATION"	"GBIF"
3395114429	"Panthera onca"	-76.78817	0.867748	2020	4	29	"Felinos_Putumayo_SZH"	"MACHINE_OBSERVATION"	"GBIF"
2619996503	"Panthera onca"	-105.583901	21.622545	2020	5	1	"iNaturalist research-grade observations"	"HUMAN_OBSERVATION"	"GBIF"
2620123109	"Panthera onca"	-105.531378	21.631484	2020	5	1	"iNaturalist research-grade observations"	"HUMAN_OBSERVATION"	"GBIF"
2634067406	"Panthera onca"	-105.570356	21.726202	2020	5	17	"iNaturalist research-grade observations"	"HUMAN_OBSERVATION"	"GBIF"
2634134542	"Panthera onca"	-105.480993	21.665594	2020	5	23	"iNaturalist research-grade observations"	"HUMAN_OBSERVATION"	"GBIF"
2634263036	"Panthera onca"	-105.598076	21.669909	2020	5	17	"iNaturalist research-grade observations"	"HUMAN_OBSERVATION"	"GBIF"
2634395684	"Panthera onca"	-76.618879	0.119772	2020	5	25	"iNaturalist research-grade observations"	"HUMAN_OBSERVATION"	"GBIF"
2634490359	"Panthera onca"	-105.400026	21.701011	2020	5	29	"iNaturalist research-grade observations"	"HUMAN_OBSERVATION"	"GBIF"
2634577313	"Panthera onca"	-105.508382	21.740978	2020	5	29	"iNaturalist research-grade observations"	"HUMAN_OBSERVATION"	"GBIF"
2634586542	"Panthera onca"	-105.493481	21.71469	2020	5	23	"iNaturalist research-grade observations"	"HUMAN_OBSERVATION"	"GBIF"
2634619561	"Panthera onca"	-105.58293	21.723942	2020	5	23	"iNaturalist research-grade observations"	"HUMAN_OBSERVATION"	"GBIF"
2641340081	"Panthera onca"	-77.392148	-0.721784	2020	5	12	"iNaturalist research-grade observations"	"HUMAN_OBSERVATION"	"GBIF"
2641564795	"Panthera onca"	-105.569494	21.733432	2020	6	9	"iNaturalist research-grade observations"	"HUMAN_OBSERVATION"	"GBIF"
2641603802	"Panthera onca"	-105.553441	21.752515	2020	6	9	"iNaturalist research-grade observations"	"HUMAN_OBSERVATION"	"GBIF"
2802542187	"Panthera onca"	-89.146334	17.593414	2020	6	7	"iNaturalist research-grade observations"	"HUMAN_OBSERVATION"	"GBIF"
2802641732	"Panthera onca"	-105.511859	21.619974	2020	6	18	"iNaturalist research-grade observations"	"HUMAN_OBSERVATION"	"GBIF"
2802648593	"Panthera onca"	-89.14609	17.493758	2020	6	13	"iNaturalist research-grade observations"	"HUMAN_OBSERVATION"	"GBIF"
2802671953	"Panthera onca"	-105.454663	21.708451	2020	6	18	"iNaturalist research-grade observations"	"HUMAN_OBSERVATION"	"GBIF"
2802685073	"Panthera onca"	-105.473254	21.788154	2020	6	18	"iNaturalist research-grade observations"	"HUMAN_OBSERVATION"	"GBIF"
2803033394	"Panthera onca"	-105.453841	21.761667	2020	6	13	"iNaturalist research-grade observations"	"HUMAN_OBSERVATION"	"GBIF"
2803100059	"Panthera onca"	-105.546055	21.757559	2020	6	13	"iNaturalist research-grade observations"	"HUMAN_OBSERVATION"	"GBIF"
2813938223	"Panthera onca"	-105.460928	21.653201	2020	6	28	"iNaturalist research-grade observations"	"HUMAN_OBSERVATION"	"GBIF"
2813952349	"Panthera onca"	-105.412802	21.779737	2020	6	28	"iNaturalist research-grade observations"	"HUMAN_OBSERVATION"	"GBIF"
2813995078	"Panthera onca"	-105.559634	21.609493	2020	6	28	"iNaturalist research-grade observations"	"HUMAN_OBSERVATION"	"GBIF"
2814020678	"Panthera onca"	-105.454674	21.77085	2020	6	28	"iNaturalist research-grade observations"	"HUMAN_OBSERVATION"	"GBIF"
2814083818	"Panthera onca"	-105.548653	21.67781	2020	6	28	"iNaturalist research-grade observations"	"HUMAN_OBSERVATION"	"GBIF"
2814109034	"Panthera onca"	-105.41844	21.736407	2020	6	28	"iNaturalist research-grade observations"	"HUMAN_OBSERVATION"	"GBIF"
2814332902	"Panthera onca"	-56.010102	-19.575293	2020	6	14	"iNaturalist research-grade observations"	"HUMAN_OBSERVATION"	"GBIF"
2814374802	"Panthera onca"	-105.581696	21.774767	2020	6	28	"iNaturalist research-grade observations"	"HUMAN_OBSERVATION"	"GBIF"
3307248231	"Panthera onca"	-105.139557	21.380662	2020	6	14	"iNaturalist research-grade observations"	"HUMAN_OBSERVATION"	"GBIF"
2823175523	"Panthera onca"	-88.467673	16.61444	2020	7	22	"iNaturalist research-grade observations"	"HUMAN_OBSERVATION"	"GBIF"
2826229044	"Panthera onca"	-89.356414	18.020562	2020	7	31	"iNaturalist research-grade observations"	"HUMAN_OBSERVATION"	"GBIF"
2826268435	"Panthera onca"	-105.578591	21.765038	2020	7	22	"iNaturalist research-grade observations"	"HUMAN_OBSERVATION"	"GBIF"
2826308969	"Panthera onca"	-89.252398	18.056542	2020	7	31	"iNaturalist research-grade observations"	"HUMAN_OBSERVATION"	"GBIF"
2826456442	"Panthera onca"	-105.425549	21.623373	2020	7	22	"iNaturalist research-grade observations"	"HUMAN_OBSERVATION"	"GBIF"
2851001108	"Panthera onca"	-88.22537	17.455474	2020	7	27	"iNaturalist research-grade observations"	"HUMAN_OBSERVATION"	"GBIF"
2859956632	"Panthera onca"	-104.038562	21.11111	2020	7	21	"iNaturalist research-grade observations"	"HUMAN_OBSERVATION"	"GBIF"
3061703540	"Panthera onca"	-76.44854	7.372712	2020	7	1	"iNaturalist research-grade observations"	"HUMAN_OBSERVATION"	"GBIF"
3070433660	"Panthera onca"	-76.435705	7.208152	2020	7	16	"iNaturalist research-grade observations"	"HUMAN_OBSERVATION"	"GBIF"
3395110898	"Panthera onca"	-76.78092	0.87417	2020	7	25	"Cámara para registrar jaguares"	"MACHINE_OBSERVATION"	"GBIF"
3395110899	"Panthera onca"	-76.78092	0.87417	2020	7	22	"Cámara para registrar jaguares"	"MACHINE_OBSERVATION"	"GBIF"
3395110901	"Panthera onca"	-76.78092	0.87417	2020	7	13	"Cámara para registrar jaguares"	"MACHINE_OBSERVATION"	"GBIF"
3395110903	"Panthera onca"	-76.78092	0.87417	2020	7	13	"Cámara para registrar jaguares"	"MACHINE_OBSERVATION"	"GBIF"
3395110904	"Panthera onca"	-76.78092	0.87417	2020	7	27	"Cámara para registrar jaguares"	"MACHINE_OBSERVATION"	"GBIF"
3395110906	"Panthera onca"	-76.78092	0.87417	2020	7	24	"Cámara para registrar jaguares"	"MACHINE_OBSERVATION"	"GBIF"
3395110907	"Panthera onca"	-76.78092	0.87417	2020	7	25	"Cámara para registrar jaguares"	"MACHINE_OBSERVATION"	"GBIF"
3395110910	"Panthera onca"	-76.78092	0.87417	2020	7	10	"Cámara para registrar jaguares."	"MACHINE_OBSERVATION"	"GBIF"
3395110911	"Panthera onca"	-76.78092	0.87417	2020	7	12	"Cámara para registrar jaguares"	"MACHINE_OBSERVATION"	"GBIF"
3395110923	"Panthera onca"	-76.78092	0.87417	2020	7	28	"Cámara para registrar jaguares"	"MACHINE_OBSERVATION"	"GBIF"
3395115287	"Panthera onca"	-76.78092	0.87417	2020	7	10	"Cámara para registrar jaguares"	"MACHINE_OBSERVATION"	"GBIF"
3419399884	"Panthera onca"	-79.182339	0.623541	2020	7	22	"Registro de avistamientos de fauna durante recorridos de control y vigilancia en el Refugio de vida Silvestre Pambilar"	"HUMAN_OBSERVATION"	"GBIF"
2850773093	"Panthera onca"	-88.926816	17.625771	2020	8	8	"iNaturalist research-grade observations"	"HUMAN_OBSERVATION"	"GBIF"
2868146662	"Panthera onca"	-99.351068	23.647672	2020	8	18	"iNaturalist research-grade observations"	"HUMAN_OBSERVATION"	"GBIF"
2901690152	"Panthera onca"	-91.489421	17.27033	2020	8	24	"iNaturalist research-grade observations"	"HUMAN_OBSERVATION"	"GBIF"
2984448779	"Panthera onca"	-108.631049	29.178362	2020	8	28	"iNaturalist research-grade observations"	"HUMAN_OBSERVATION"	"GBIF"
3395110919	"Panthera onca"	-76.78092	0.87417	2020	8	2	"Cámara para registrar jaguares"	"MACHINE_OBSERVATION"	"GBIF"
3419399330	"Panthera onca"	-79.17687	0.615978	2020	8	5	"Registro de avistamientos de fauna durante recorridos de control y vigilancia en el Refugio de vida Silvestre Pambilar"	"HUMAN_OBSERVATION"	"GBIF"
2873935531	"Panthera onca"	-56.837672	-17.265856	2020	9	6	"iNaturalist research-grade observations"	"HUMAN_OBSERVATION"	"GBIF"
3124763795	"Panthera onca"	-56.706246	-17.259902	2020	9	5	"iNaturalist research-grade observations"	"HUMAN_OBSERVATION"	"GBIF"
3455765096	"Panthera onca"	-75.910659	-0.897964	2020	9	5	"iNaturalist research-grade observations"	"HUMAN_OBSERVATION"	"GBIF"
2898527239	"Panthera onca"	-105.435018	21.779109	2020	10	10	"iNaturalist research-grade observations"	"HUMAN_OBSERVATION"	"GBIF"
2963794165	"Panthera onca"	-105.419534	21.704677	2020	10	26	"iNaturalist research-grade observations"	"HUMAN_OBSERVATION"	"GBIF"
2963821190	"Panthera onca"	-105.439053	21.688491	2020	10	27	"iNaturalist research-grade observations"	"HUMAN_OBSERVATION"	"GBIF"
2963840170	"Panthera onca"	-105.545478	21.726277	2020	10	26	"iNaturalist research-grade observations"	"HUMAN_OBSERVATION"	"GBIF"
2963841205	"Panthera onca"	-105.469902	21.791768	2020	10	27	"iNaturalist research-grade observations"	"HUMAN_OBSERVATION"	"GBIF"
2963866239	"Panthera onca"	-105.434153	21.718076	2020	10	27	"iNaturalist research-grade observations"	"HUMAN_OBSERVATION"	"GBIF"
2963882194	"Panthera onca"	-105.440661	21.743723	2020	10	27	"iNaturalist research-grade observations"	"HUMAN_OBSERVATION"	"GBIF"
2980962088	"Panthera onca"	-105.531395	21.76626	2020	10	26	"iNaturalist research-grade observations"	"HUMAN_OBSERVATION"	"GBIF"
3044766188	"Panthera onca"	-77.492556	-1.091452	2020	10	6	"iNaturalist research-grade observations"	"HUMAN_OBSERVATION"	"GBIF"
3053619317	"Panthera onca"	-76.939444	6.866389	2020	10	15	NA	"HUMAN_OBSERVATION"	"GBIF"
3053619323	"Panthera onca"	-76.939444	6.866389	2020	10	14	NA	"HUMAN_OBSERVATION"	"GBIF"
3053619325	"Panthera onca"	-76.939444	6.866389	2020	10	16	NA	"HUMAN_OBSERVATION"	"GBIF"
3053619328	"Panthera onca"	-76.939444	6.866389	2020	10	15	NA	"HUMAN_OBSERVATION"	"GBIF"
3053619341	"Panthera onca"	-76.939444	6.866389	2020	10	16	NA	"HUMAN_OBSERVATION"	"GBIF"
3053619342	"Panthera onca"	-76.939444	6.866389	2020	10	14	NA	"HUMAN_OBSERVATION"	"GBIF"
3058893661	"Panthera onca"	-77.48595	-1.187197	2020	10	6	"iNaturalist research-grade observations"	"HUMAN_OBSERVATION"	"GBIF"
3127543340	"Panthera onca"	-77.270833	5.7125	2020	10	6	NA	"HUMAN_OBSERVATION"	"GBIF"
3127543341	"Panthera onca"	-77.270833	5.7125	2020	10	6	NA	"HUMAN_OBSERVATION"	"GBIF"
3301870217	"Panthera onca"	-74.310371	6.679881	2020	10	22	"iNaturalist research-grade observations"	"HUMAN_OBSERVATION"	"GBIF"
2988407358	"Panthera onca"	-105.513616	21.788222	2020	11	17	"iNaturalist research-grade observations"	"HUMAN_OBSERVATION"	"GBIF"
2999097591	"Panthera onca"	-105.526471	21.625072	2020	11	29	"iNaturalist research-grade observations"	"HUMAN_OBSERVATION"	"GBIF"
2999128632	"Panthera onca"	-105.55356	21.608888	2020	11	29	"iNaturalist research-grade observations"	"HUMAN_OBSERVATION"	"GBIF"
2999142619	"Panthera onca"	-105.551855	21.771831	2020	11	29	"iNaturalist research-grade observations"	"HUMAN_OBSERVATION"	"GBIF"
3053619313	"Panthera onca"	-76.939444	6.866389	2020	11	17	NA	"HUMAN_OBSERVATION"	"GBIF"
3053619331	"Panthera onca"	-76.939444	6.866389	2020	11	17	NA	"HUMAN_OBSERVATION"	"GBIF"
3053619337	"Panthera onca"	-76.939444	6.866389	2020	11	17	NA	"HUMAN_OBSERVATION"	"GBIF"
3314182633	"Panthera onca"	-105.388577	21.545747	2020	11	21	"iNaturalist research-grade observations"	"HUMAN_OBSERVATION"	"GBIF"
3314256666	"Panthera onca"	-105.206569	21.499807	2020	11	15	"iNaturalist research-grade observations"	"HUMAN_OBSERVATION"	"GBIF"
3355616566	"Panthera onca"	-52.501446	3.821593	2020	11	25	"iNaturalist research-grade observations"	"HUMAN_OBSERVATION"	"GBIF"
3455739019	"Panthera onca"	-57.312946	-24.909197	2020	11	29	"iNaturalist research-grade observations"	"HUMAN_OBSERVATION"	"GBIF"
2999052777	"Panthera onca"	-105.495035	21.746111	2020	12	5	"iNaturalist research-grade observations"	"HUMAN_OBSERVATION"	"GBIF"
2999091770	"Panthera onca"	-105.476854	21.799918	2020	12	5	"iNaturalist research-grade observations"	"HUMAN_OBSERVATION"	"GBIF"
2999113766	"Panthera onca"	-105.42021	21.656959	2020	12	5	"iNaturalist research-grade observations"	"HUMAN_OBSERVATION"	"GBIF"
3017943929	"Panthera onca"	-105.47283	21.757662	2020	12	26	"iNaturalist research-grade observations"	"HUMAN_OBSERVATION"	"GBIF"
3017977930	"Panthera onca"	-105.578918	21.628148	2020	12	26	"iNaturalist research-grade observations"	"HUMAN_OBSERVATION"	"GBIF"
3017999917	"Panthera onca"	-105.599912	21.774487	2020	12	26	"iNaturalist research-grade observations"	"HUMAN_OBSERVATION"	"GBIF"
3058801250	"Panthera onca"	-77.475633	-1.153908	2020	12	22	"iNaturalist research-grade observations"	"HUMAN_OBSERVATION"	"GBIF"
3302144469	"Panthera onca"	-76.864566	-0.595955	2020	12	14	"iNaturalist research-grade observations"	"HUMAN_OBSERVATION"	"GBIF"
3320917286	"Panthera onca"	-90.195224	18.270274	2020	12	2	"iNaturalist research-grade observations"	"HUMAN_OBSERVATION"	"GBIF"
3320944286	"Panthera onca"	-90.36163	18.095128	2020	12	2	"iNaturalist research-grade observations"	"HUMAN_OBSERVATION"	"GBIF"
3395112470	"Panthera onca"	-76.63111	0.37017	2020	12	17	NA	"MACHINE_OBSERVATION"	"GBIF"
3395112471	"Panthera onca"	-76.63111	0.37017	2020	12	17	NA	"MACHINE_OBSERVATION"	"GBIF"
3395112478	"Panthera onca"	-76.63111	0.37017	2020	12	18	NA	"MACHINE_OBSERVATION"	"GBIF"
3395112483	"Panthera onca"	-76.63111	0.37017	2020	12	19	NA	"MACHINE_OBSERVATION"	"GBIF"
3400675576	"Panthera onca"	-77.50309	6.70693	2020	NA	NA	NA	"HUMAN_OBSERVATION"	"GBIF"
1986590264	"Panthera onca"	-105.587503	21.642362	2019	1	4	"iNaturalist research-grade observations"	"HUMAN_OBSERVATION"	"GBIF"
1986590847	"Panthera onca"	-105.486997	21.615121	2019	1	4	"iNaturalist research-grade observations"	"HUMAN_OBSERVATION"	"GBIF"
1986590875	"Panthera onca"	-105.41887	21.699121	2019	1	4	"iNaturalist research-grade observations"	"HUMAN_OBSERVATION"	"GBIF"
1986593682	"Panthera onca"	-105.461083	21.628417	2019	1	4	"iNaturalist research-grade observations"	"HUMAN_OBSERVATION"	"GBIF"
1986610632	"Panthera onca"	-105.532764	21.727618	2019	1	7	"iNaturalist research-grade observations"	"HUMAN_OBSERVATION"	"GBIF"
1986610918	"Panthera onca"	-105.590831	21.605025	2019	1	7	"iNaturalist research-grade observations"	"HUMAN_OBSERVATION"	"GBIF"
1990483502	"Panthera onca"	-76.502823	-0.470455	2019	1	6	"iNaturalist research-grade observations"	"HUMAN_OBSERVATION"	"GBIF"
1990496486	"Panthera onca"	-105.418385	21.723597	2019	1	9	"iNaturalist research-grade observations"	"HUMAN_OBSERVATION"	"GBIF"
1990503719	"Panthera onca"	-105.530505	21.739701	2019	1	9	"iNaturalist research-grade observations"	"HUMAN_OBSERVATION"	"GBIF"
1990503769	"Panthera onca"	-105.422062	21.664626	2019	1	8	"iNaturalist research-grade observations"	"HUMAN_OBSERVATION"	"GBIF"
1990530936	"Panthera onca"	-105.419456	21.720344	2019	1	8	"iNaturalist research-grade observations"	"HUMAN_OBSERVATION"	"GBIF"
1990530952	"Panthera onca"	-105.55257	21.768331	2019	1	8	"iNaturalist research-grade observations"	"HUMAN_OBSERVATION"	"GBIF"
1990531035	"Panthera onca"	-105.427915	21.706918	2019	1	8	"iNaturalist research-grade observations"	"HUMAN_OBSERVATION"	"GBIF"
1990531038	"Panthera onca"	-105.403625	21.654366	2019	1	8	"iNaturalist research-grade observations"	"HUMAN_OBSERVATION"	"GBIF"
1990551619	"Panthera onca"	-77.548664	-1.091357	2019	1	16	"iNaturalist research-grade observations"	"HUMAN_OBSERVATION"	"GBIF"
1990607000	"Panthera onca"	-105.415579	21.778788	2019	1	26	"iNaturalist research-grade observations"	"HUMAN_OBSERVATION"	"GBIF"
1990607186	"Panthera onca"	-105.542352	21.681864	2019	1	23	"iNaturalist research-grade observations"	"HUMAN_OBSERVATION"	"GBIF"
1990607352	"Panthera onca"	-105.541261	21.654868	2019	1	23	"iNaturalist research-grade observations"	"HUMAN_OBSERVATION"	"GBIF"
1990607536	"Panthera onca"	-105.41581	21.787478	2019	1	23	"iNaturalist research-grade observations"	"HUMAN_OBSERVATION"	"GBIF"
1990607599	"Panthera onca"	-105.525111	21.774951	2019	1	26	"iNaturalist research-grade observations"	"HUMAN_OBSERVATION"	"GBIF"
1993759703	"Panthera onca"	-105.425488	21.604211	2019	1	29	"iNaturalist research-grade observations"	"HUMAN_OBSERVATION"	"GBIF"
1993759710	"Panthera onca"	-105.539685	21.612128	2019	1	29	"iNaturalist research-grade observations"	"HUMAN_OBSERVATION"	"GBIF"
2005346465	"Panthera onca"	-77.575067	-0.509109	2019	1	10	"iNaturalist research-grade observations"	"HUMAN_OBSERVATION"	"GBIF"
2028441721	"Panthera onca"	-77.56149	-0.449131	2019	1	13	"iNaturalist research-grade observations"	"HUMAN_OBSERVATION"	"GBIF"
2234252094	"Panthera onca"	-106.663485	35.078382	2019	1	9	NA	"PRESERVED_SPECIMEN"	"GBIF"
2331919503	"Panthera onca"	-106.236018	23.220133	2019	1	13	"iNaturalist research-grade observations"	"HUMAN_OBSERVATION"	"GBIF"
2331920726	"Panthera onca"	-106.648283	23.792409	2019	1	6	"iNaturalist research-grade observations"	"HUMAN_OBSERVATION"	"GBIF"
2429570225	"Panthera onca"	-76.219227	-0.454486	2019	1	1	"iNaturalist research-grade observations"	"HUMAN_OBSERVATION"	"GBIF"
3125631321	"Panthera onca"	-106.663485	35.078382	2019	1	8	NA	"PRESERVED_SPECIMEN"	"GBIF"
3125631347	"Panthera onca"	-106.663485	35.078382	2019	1	9	NA	"PRESERVED_SPECIMEN"	"GBIF"
3125634333	"Panthera onca"	-106.663485	35.078382	2019	1	8	NA	"PRESERVED_SPECIMEN"	"GBIF"
3125634334	"Panthera onca"	-106.663485	35.078382	2019	1	9	NA	"PRESERVED_SPECIMEN"	"GBIF"
3125634336	"Panthera onca"	-106.663485	35.078382	2019	1	18	NA	"PRESERVED_SPECIMEN"	"GBIF"
3125636334	"Panthera onca"	-106.663485	35.078382	2019	1	8	NA	"PRESERVED_SPECIMEN"	"GBIF"
3125636336	"Panthera onca"	-106.663485	35.078382	2019	1	17	NA	"PRESERVED_SPECIMEN"	"GBIF"
3125636337	"Panthera onca"	-106.663485	35.078382	2019	1	18	NA	"PRESERVED_SPECIMEN"	"GBIF"
3125637345	"Panthera onca"	-106.663485	35.078382	2019	1	8	NA	"PRESERVED_SPECIMEN"	"GBIF"
3125639331	"Panthera onca"	-106.663485	35.078382	2019	1	8	NA	"PRESERVED_SPECIMEN"	"GBIF"
3125639332	"Panthera onca"	-106.663485	35.078382	2019	1	9	NA	"PRESERVED_SPECIMEN"	"GBIF"
3125639333	"Panthera onca"	-106.663485	35.078382	2019	1	17	NA	"PRESERVED_SPECIMEN"	"GBIF"
3125639334	"Panthera onca"	-106.663485	35.078382	2019	1	18	NA	"PRESERVED_SPECIMEN"	"GBIF"
