"","V1","X","Cam.Site","scientificName","vernacularName","eventDate","eventTime","organismQuantity","class","order","family","genus","filename","V1","X.1","X","No_spp","events","Lat_X","Long_Y","Instal.Date","Last.eventDate","Cam.Days","ID","elevation2010.01.01.2011.01.01","Dis_forest","dist_rios"
"1",67,67,"Platanillo1_2178","Cuniculus paca","Guagua","22/07/2019","12:39",1,"Mammalia","Rodentia","Cuniculidae","Cuniculus","Platanillo1_2178_01060025.JPG",6,6,6,6,35,0.48503,-76.29539,"16/07/2019","06/11/2019",113,43271,229.375,66,307
"2",68,68,"Platanillo2_2180","Cuniculus paca","Guagua","26/07/2019","19:13",1,"Mammalia","Rodentia","Cuniculidae","Cuniculus","Platanillo2_2180_07260113.JPG",12,12,12,8,54,0.51418,-76.2955,"14/07/2019","06/11/2019",115,42125,224.75,85,235
"3",69,69,"Platanillo2_2180","Cuniculus paca","Guagua","26/07/2019","19:13",1,"Mammalia","Rodentia","Cuniculidae","Cuniculus","Platanillo2_2180_07260114.JPG",12,12,12,8,54,0.51418,-76.2955,"14/07/2019","06/11/2019",115,42125,224.75,85,235
"4",70,70,"Platanillo2_2180","Cuniculus paca","Guagua","26/07/2019","19:13",1,"Mammalia","Rodentia","Cuniculidae","Cuniculus","Platanillo2_2180_07260115.JPG",12,12,12,8,54,0.51418,-76.2955,"14/07/2019","06/11/2019",115,42125,224.75,85,235
"5",71,71,"Platanillo2_2180","Cuniculus paca","Guagua","6/08/2019","18:59",1,"Mammalia","Rodentia","Cuniculidae","Cuniculus","Platanillo2_2180_08060157.JPG",12,12,12,8,54,0.51418,-76.2955,"14/07/2019","06/11/2019",115,42125,224.75,85,235
"6",72,72,"Platanillo2_2180","Cuniculus paca","Guagua","6/08/2019","18:59",1,"Mammalia","Rodentia","Cuniculidae","Cuniculus","Platanillo2_2180_08060158.JPG",12,12,12,8,54,0.51418,-76.2955,"14/07/2019","06/11/2019",115,42125,224.75,85,235
"7",73,73,"Platanillo2_2180","Cuniculus paca","Guagua","6/08/2019","18:59",1,"Mammalia","Rodentia","Cuniculidae","Cuniculus","Platanillo2_2180_08060159.JPG",12,12,12,8,54,0.51418,-76.2955,"14/07/2019","06/11/2019",115,42125,224.75,85,235
"8",74,74,"Platanillo2_2180","Cuniculus paca","Guagua","1/09/2019","23:03",1,"Mammalia","Rodentia","Cuniculidae","Cuniculus","Platanillo2_2180_09010213.JPG",12,12,12,8,54,0.51418,-76.2955,"14/07/2019","06/11/2019",115,42125,224.75,85,235
"9",75,75,"Platanillo2_2180","Cuniculus paca","Guagua","1/09/2019","23:03",1,"Mammalia","Rodentia","Cuniculidae","Cuniculus","Platanillo2_2180_09010214.JPG",12,12,12,8,54,0.51418,-76.2955,"14/07/2019","06/11/2019",115,42125,224.75,85,235
"10",76,76,"Platanillo2_2180","Cuniculus paca","Guagua","1/09/2019","23:03",1,"Mammalia","Rodentia","Cuniculidae","Cuniculus","Platanillo2_2180_09010215.JPG",12,12,12,8,54,0.51418,-76.2955,"14/07/2019","06/11/2019",115,42125,224.75,85,235
"11",77,77,"Platanillo3_3309","Cuniculus paca","Guagua","12/07/2019","19:29",1,"Mammalia","Rodentia","Cuniculidae","Cuniculus","Platanillo3_3309_07120007.JPG",18,18,18,8,34,0.53441,-76.27708,"12/07/2019","07/11/2019",118,41363,210.9375,4,480
"12",78,78,"Platanillo3_3309","Cuniculus paca","Guagua","14/07/2019","4:00",1,"Mammalia","Rodentia","Cuniculidae","Cuniculus","Platanillo3_3309_07140018.JPG",18,18,18,8,34,0.53441,-76.27708,"12/07/2019","07/11/2019",118,41363,210.9375,4,480
"13",79,79,"Platanillo3_3309","Cuniculus paca","Guagua","18/07/2019","19:05",1,"Mammalia","Rodentia","Cuniculidae","Cuniculus","Platanillo3_3309_07180025.JPG",18,18,18,8,34,0.53441,-76.27708,"12/07/2019","07/11/2019",118,41363,210.9375,4,480
"14",80,80,"Platanillo3_3309","Cuniculus paca","Guagua","27/07/2019","4:42",1,"Mammalia","Rodentia","Cuniculidae","Cuniculus","Platanillo3_3309_07270094.JPG",18,18,18,8,34,0.53441,-76.27708,"12/07/2019","07/11/2019",118,41363,210.9375,4,480
"15",81,81,"Platanillo3_3309","Cuniculus paca","Guagua","30/07/2019","4:30",1,"Mammalia","Rodentia","Cuniculidae","Cuniculus","Platanillo3_3309_07300100.JPG",18,18,18,8,34,0.53441,-76.27708,"12/07/2019","07/11/2019",118,41363,210.9375,4,480
"16",82,82,"Platanillo3_3309","Cuniculus paca","Guagua","31/07/2019","19:52",1,"Mammalia","Rodentia","Cuniculidae","Cuniculus","Platanillo3_3309_07310109.JPG",18,18,18,8,34,0.53441,-76.27708,"12/07/2019","07/11/2019",118,41363,210.9375,4,480
"17",83,83,"Platanillo3_3309","Cuniculus paca","Guagua","18/08/2019","19:10",1,"Mammalia","Rodentia","Cuniculidae","Cuniculus","Platanillo3_3309_08180199.JPG",18,18,18,8,34,0.53441,-76.27708,"12/07/2019","07/11/2019",118,41363,210.9375,4,480
"18",84,84,"Platanillo3_3309","Cuniculus paca","Guagua","20/08/2019","20:09",1,"Mammalia","Rodentia","Cuniculidae","Cuniculus","Platanillo3_3309_08200205.JPG",18,18,18,8,34,0.53441,-76.27708,"12/07/2019","07/11/2019",118,41363,210.9375,4,480
"19",85,85,"Platanillo3_3309","Cuniculus paca","Guagua","21/08/2019","0:26",1,"Mammalia","Rodentia","Cuniculidae","Cuniculus","Platanillo3_3309_08210208.JPG",18,18,18,8,34,0.53441,-76.27708,"12/07/2019","07/11/2019",118,41363,210.9375,4,480
"20",86,86,"Platanillo3_3309","Cuniculus paca","Guagua","25/08/2019","1:04",1,"Mammalia","Rodentia","Cuniculidae","Cuniculus","Platanillo3_3309_08250220.JPG",18,18,18,8,34,0.53441,-76.27708,"12/07/2019","07/11/2019",118,41363,210.9375,4,480
"21",87,87,"Platanillo3_3309","Cuniculus paca","Guagua","27/08/2019","0:56",1,"Mammalia","Rodentia","Cuniculidae","Cuniculus","Platanillo3_3309_08270226.JPG",18,18,18,8,34,0.53441,-76.27708,"12/07/2019","07/11/2019",118,41363,210.9375,4,480
"22",88,88,"Platanillo3_3309","Cuniculus paca","Guagua","28/08/2019","22:43",1,"Mammalia","Rodentia","Cuniculidae","Cuniculus","Platanillo3_3309_08280232.JPG",18,18,18,8,34,0.53441,-76.27708,"12/07/2019","07/11/2019",118,41363,210.9375,4,480
"23",89,89,"Platanillo3_3309","Cuniculus paca","Guagua","29/08/2019","19:43",1,"Mammalia","Rodentia","Cuniculidae","Cuniculus","Platanillo3_3309_08290235.JPG",18,18,18,8,34,0.53441,-76.27708,"12/07/2019","07/11/2019",118,41363,210.9375,4,480
"24",90,90,"Platanillo1_3310","Cuniculus paca","Guagua","30/07/2019","9:15",1,"Mammalia","Rodentia","Cuniculidae","Cuniculus","Platanillo1_3310_01140025.JPG",7,7,7,4,5,0.47677,-76.29573,"16/07/2019","07/11/2019",114,43653,231.0625,69,292
"25",91,91,"Platanillo2_3312","Cuniculus paca","Guagua","22/07/2019","1:59",1,"Mammalia","Rodentia","Cuniculidae","Cuniculus","Platanillo2_3312_07220013.JPG",13,13,13,6,23,0.52424,-76.29439,"14/07/2019","06/11/2019",115,41743,220.625,37,129
"26",92,92,"Platanillo2_3312","Cuniculus paca","Guagua","26/07/2019","22:22",1,"Mammalia","Rodentia","Cuniculidae","Cuniculus","Platanillo2_3312_07260025.JPG",13,13,13,6,23,0.52424,-76.29439,"14/07/2019","06/11/2019",115,41743,220.625,37,129
"27",93,93,"Platanillo2_3312","Cuniculus paca","Guagua","14/08/2019","21:09",1,"Mammalia","Rodentia","Cuniculidae","Cuniculus","Platanillo2_3312_08140117.JPG",13,13,13,6,23,0.52424,-76.29439,"14/07/2019","06/11/2019",115,41743,220.625,37,129
"28",94,94,"Platanillo2_3312","Cuniculus paca","Guagua","15/08/2019","19:41",1,"Mammalia","Rodentia","Cuniculidae","Cuniculus","Platanillo2_3312_08150118.JPG",13,13,13,6,23,0.52424,-76.29439,"14/07/2019","06/11/2019",115,41743,220.625,37,129
"29",95,95,"Platanillo2_3312","Cuniculus paca","Guagua","20/08/2019","19:40",1,"Mammalia","Rodentia","Cuniculidae","Cuniculus","Platanillo2_3312_08200133.JPG",13,13,13,6,23,0.52424,-76.29439,"14/07/2019","06/11/2019",115,41743,220.625,37,129
"30",96,96,"Platanillo2_3312","Cuniculus paca","Guagua","25/08/2019","19:00",1,"Mammalia","Rodentia","Cuniculidae","Cuniculus","Platanillo2_3312_08250163.JPG",13,13,13,6,23,0.52424,-76.29439,"14/07/2019","06/11/2019",115,41743,220.625,37,129
"31",97,97,"Platanillo1_3315","Cuniculus paca","Guagua","29/07/2019","1:13",1,"Mammalia","Rodentia","Cuniculidae","Cuniculus","Platanillo1_3315_07290253.JPG",9,9,9,11,77,0.48547,-76.27795,"15/07/2019","06/11/2019",114,43273,217.5,97,199
"32",98,98,"Platanillo2_3319","Cuniculus paca","Guagua","16/07/2019","7:56",1,"Mammalia","Rodentia","Cuniculidae","Cuniculus","Platanillo2_3319_01020001.JPG",15,15,15,10,59,0.50247,-76.27745,"13/07/2019","06/11/2019",116,42509,218.8125,85,165
"33",99,99,"Platanillo2_3319","Cuniculus paca","Guagua","16/07/2019","11:45",1,"Mammalia","Rodentia","Cuniculidae","Cuniculus","Platanillo2_3319_01020004.JPG",15,15,15,10,59,0.50247,-76.27745,"13/07/2019","06/11/2019",116,42509,218.8125,85,165
"34",100,100,"Platanillo2_3319","Cuniculus paca","Guagua","20/07/2019","14:01",1,"Mammalia","Rodentia","Cuniculidae","Cuniculus","Platanillo2_3319_01060040.JPG",15,15,15,10,59,0.50247,-76.27745,"13/07/2019","06/11/2019",116,42509,218.8125,85,165
"35",101,101,"Platanillo2_3319","Cuniculus paca","Guagua","31/07/2019","15:41",1,"Mammalia","Rodentia","Cuniculidae","Cuniculus","Platanillo2_3319_01170067.JPG",15,15,15,10,59,0.50247,-76.27745,"13/07/2019","06/11/2019",116,42509,218.8125,85,165
"36",102,102,"Platanillo2_3319","Cuniculus paca","Guagua","1/08/2019","16:07",1,"Mammalia","Rodentia","Cuniculidae","Cuniculus","Platanillo2_3319_01180075.JPG",15,15,15,10,59,0.50247,-76.27745,"13/07/2019","06/11/2019",116,42509,218.8125,85,165
"37",103,103,"Platanillo2_3319","Cuniculus paca","Guagua","7/08/2019","7:20",1,"Mammalia","Rodentia","Cuniculidae","Cuniculus","Platanillo2_3319_01240115.JPG",15,15,15,10,59,0.50247,-76.27745,"13/07/2019","06/11/2019",116,42509,218.8125,85,165
"38",104,104,"Platanillo2_3319","Cuniculus paca","Guagua","7/08/2019","11:28",1,"Mammalia","Rodentia","Cuniculidae","Cuniculus","Platanillo2_3319_01240118.JPG",15,15,15,10,59,0.50247,-76.27745,"13/07/2019","06/11/2019",116,42509,218.8125,85,165
"39",105,105,"Platanillo2_3319","Cuniculus paca","Guagua","9/08/2019","8:05",1,"Mammalia","Rodentia","Cuniculidae","Cuniculus","Platanillo2_3319_01260121.JPG",15,15,15,10,59,0.50247,-76.27745,"13/07/2019","06/11/2019",116,42509,218.8125,85,165
"40",106,106,"Platanillo2_3319","Cuniculus paca","Guagua","13/08/2019","16:35",1,"Mammalia","Rodentia","Cuniculidae","Cuniculus","Platanillo2_3319_01300126.JPG",15,15,15,10,59,0.50247,-76.27745,"13/07/2019","06/11/2019",116,42509,218.8125,85,165
"41",107,107,"Platanillo2_3319","Cuniculus paca","Guagua","14/08/2019","8:14",1,"Mammalia","Rodentia","Cuniculidae","Cuniculus","Platanillo2_3319_01310127.JPG",15,15,15,10,59,0.50247,-76.27745,"13/07/2019","06/11/2019",116,42509,218.8125,85,165
"42",108,108,"Platanillo2_3319","Cuniculus paca","Guagua","16/08/2019","7:58",1,"Mammalia","Rodentia","Cuniculidae","Cuniculus","Platanillo2_3319_02020130.JPG",15,15,15,10,59,0.50247,-76.27745,"13/07/2019","06/11/2019",116,42509,218.8125,85,165
"43",109,109,"Platanillo2_3319","Cuniculus paca","Guagua","16/08/2019","17:31",1,"Mammalia","Rodentia","Cuniculidae","Cuniculus","Platanillo2_3319_02020133.JPG",15,15,15,10,59,0.50247,-76.27745,"13/07/2019","06/11/2019",116,42509,218.8125,85,165
"44",110,110,"Platanillo2_3319","Cuniculus paca","Guagua","19/08/2019","13:31",1,"Mammalia","Rodentia","Cuniculidae","Cuniculus","Platanillo2_3319_02050156.JPG",15,15,15,10,59,0.50247,-76.27745,"13/07/2019","06/11/2019",116,42509,218.8125,85,165
"45",111,111,"Platanillo2_3319","Cuniculus paca","Guagua","23/08/2019","8:11",1,"Mammalia","Rodentia","Cuniculidae","Cuniculus","Platanillo2_3319_02090160.JPG",15,15,15,10,59,0.50247,-76.27745,"13/07/2019","06/11/2019",116,42509,218.8125,85,165
"46",112,112,"Platanillo2_3321","Cuniculus paca","Guagua","24/07/2019","19:56",1,"Mammalia","Rodentia","Cuniculidae","Cuniculus","Platanillo2_3321_07240016.JPG",16,16,16,10,64,0.50526,-76.29438,"14/07/2019","07/11/2019",116,42507,227.125,51,471
"47",113,113,"Platanillo2_3321","Cuniculus paca","Guagua","28/07/2019","2:01",1,"Mammalia","Rodentia","Cuniculidae","Cuniculus","Platanillo2_3321_07280028.JPG",16,16,16,10,64,0.50526,-76.29438,"14/07/2019","07/11/2019",116,42507,227.125,51,471
"48",114,114,"Platanillo2_3321","Cuniculus paca","Guagua","29/07/2019","3:55",1,"Mammalia","Rodentia","Cuniculidae","Cuniculus","Platanillo2_3321_07290031.JPG",16,16,16,10,64,0.50526,-76.29438,"14/07/2019","07/11/2019",116,42507,227.125,51,471
"49",115,115,"Platanillo2_3321","Cuniculus paca","Guagua","30/07/2019","21:29",1,"Mammalia","Rodentia","Cuniculidae","Cuniculus","Platanillo2_3321_07300034.JPG",16,16,16,10,64,0.50526,-76.29438,"14/07/2019","07/11/2019",116,42507,227.125,51,471
"50",116,116,"Platanillo2_3321","Cuniculus paca","Guagua","3/08/2019","0:37",1,"Mammalia","Rodentia","Cuniculidae","Cuniculus","Platanillo2_3321_08030037.JPG",16,16,16,10,64,0.50526,-76.29438,"14/07/2019","07/11/2019",116,42507,227.125,51,471
"51",117,117,"Platanillo2_3321","Cuniculus paca","Guagua","7/08/2019","1:37",1,"Mammalia","Rodentia","Cuniculidae","Cuniculus","Platanillo2_3321_08070058.JPG",16,16,16,10,64,0.50526,-76.29438,"14/07/2019","07/11/2019",116,42507,227.125,51,471
"52",118,118,"Platanillo2_3321","Cuniculus paca","Guagua","12/08/2019","23:41",1,"Mammalia","Rodentia","Cuniculidae","Cuniculus","Platanillo2_3321_08120070.JPG",16,16,16,10,64,0.50526,-76.29438,"14/07/2019","07/11/2019",116,42507,227.125,51,471
"53",119,119,"Platanillo2_3321","Cuniculus paca","Guagua","20/08/2019","0:15",1,"Mammalia","Rodentia","Cuniculidae","Cuniculus","Platanillo2_3321_08200082.JPG",16,16,16,10,64,0.50526,-76.29438,"14/07/2019","07/11/2019",116,42507,227.125,51,471
"54",120,120,"Platanillo2_3321","Cuniculus paca","Guagua","20/08/2019","0:15",1,"Mammalia","Rodentia","Cuniculidae","Cuniculus","Platanillo2_3321_08200083.JPG",16,16,16,10,64,0.50526,-76.29438,"14/07/2019","07/11/2019",116,42507,227.125,51,471
"55",121,121,"Platanillo2_3321","Cuniculus paca","Guagua","20/08/2019","23:52",1,"Mammalia","Rodentia","Cuniculidae","Cuniculus","Platanillo2_3321_08200085.JPG",16,16,16,10,64,0.50526,-76.29438,"14/07/2019","07/11/2019",116,42507,227.125,51,471
"56",122,122,"Platanillo2_3321","Cuniculus paca","Guagua","23/08/2019","23:41",1,"Mammalia","Rodentia","Cuniculidae","Cuniculus","Platanillo2_3321_08230103.JPG",16,16,16,10,64,0.50526,-76.29438,"14/07/2019","07/11/2019",116,42507,227.125,51,471
"57",123,123,"Platanillo2_3321","Cuniculus paca","Guagua","24/08/2019","23:28",1,"Mammalia","Rodentia","Cuniculidae","Cuniculus","Platanillo2_3321_08240110.JPG",16,16,16,10,64,0.50526,-76.29438,"14/07/2019","07/11/2019",116,42507,227.125,51,471
"58",124,124,"Platanillo2_3321","Cuniculus paca","Guagua","25/08/2019","1:40",1,"Mammalia","Rodentia","Cuniculidae","Cuniculus","Platanillo2_3321_08250112.JPG",16,16,16,10,64,0.50526,-76.29438,"14/07/2019","07/11/2019",116,42507,227.125,51,471
"59",125,125,"Platanillo2_3321","Cuniculus paca","Guagua","25/08/2019","3:10",1,"Mammalia","Rodentia","Cuniculidae","Cuniculus","Platanillo2_3321_08250118.JPG",16,16,16,10,64,0.50526,-76.29438,"14/07/2019","07/11/2019",116,42507,227.125,51,471
"60",126,126,"Platanillo2_3321","Cuniculus paca","Guagua","26/08/2019","2:59",1,"Mammalia","Rodentia","Cuniculidae","Cuniculus","Platanillo2_3321_08260124.JPG",16,16,16,10,64,0.50526,-76.29438,"14/07/2019","07/11/2019",116,42507,227.125,51,471
"61",127,127,"Platanillo2_3321","Cuniculus paca","Guagua","27/08/2019","3:53",1,"Mammalia","Rodentia","Cuniculidae","Cuniculus","Platanillo2_3321_08270127.JPG",16,16,16,10,64,0.50526,-76.29438,"14/07/2019","07/11/2019",116,42507,227.125,51,471
"62",128,128,"Platanillo2_3321","Cuniculus paca","Guagua","29/08/2019","3:12",1,"Mammalia","Rodentia","Cuniculidae","Cuniculus","Platanillo2_3321_08290130.JPG",16,16,16,10,64,0.50526,-76.29438,"14/07/2019","07/11/2019",116,42507,227.125,51,471
"63",129,129,"Platanillo2_3321","Cuniculus paca","Guagua","30/08/2019","1:42",1,"Mammalia","Rodentia","Cuniculidae","Cuniculus","Platanillo2_3321_08300133.JPG",16,16,16,10,64,0.50526,-76.29438,"14/07/2019","07/11/2019",116,42507,227.125,51,471
"64",130,130,"Platanillo3_3326","Cuniculus paca","Guagua","7/08/2019","2:44",1,"Mammalia","Rodentia","Cuniculidae","Cuniculus","Platanillo3_3326_08070109.JPG",22,22,22,2,48,0.55356,-76.29021,"12/07/2019","06/11/2019",117,40597,213.9375,84,227
"65",131,131,"Platanillo3_3326","Cuniculus paca","Guagua","12/08/2019","4:24",1,"Mammalia","Rodentia","Cuniculidae","Cuniculus","Platanillo3_3326_08120112.JPG",22,22,22,2,48,0.55356,-76.29021,"12/07/2019","06/11/2019",117,40597,213.9375,84,227
"66",132,132,"Platanillo3_3326","Cuniculus paca","Guagua","23/08/2019","3:03",1,"Mammalia","Rodentia","Cuniculidae","Cuniculus","Platanillo3_3326_08230181.JPG",22,22,22,2,48,0.55356,-76.29021,"12/07/2019","06/11/2019",117,40597,213.9375,84,227
"67",133,133,"Platanillo3_3326","Cuniculus paca","Guagua","24/08/2019","17:43",1,"Mammalia","Rodentia","Cuniculidae","Cuniculus","Platanillo3_3326_08240190.JPG",22,22,22,2,48,0.55356,-76.29021,"12/07/2019","06/11/2019",117,40597,213.9375,84,227
"68",134,134,"Platanillo3_3326","Cuniculus paca","Guagua","27/08/2019","2:54",1,"Mammalia","Rodentia","Cuniculidae","Cuniculus","Platanillo3_3326_08270193.JPG",22,22,22,2,48,0.55356,-76.29021,"12/07/2019","06/11/2019",117,40597,213.9375,84,227
"69",135,135,"Platanillo3_3326","Cuniculus paca","Guagua","27/08/2019","21:53",1,"Mammalia","Rodentia","Cuniculidae","Cuniculus","Platanillo3_3326_08270202.JPG",22,22,22,2,48,0.55356,-76.29021,"12/07/2019","06/11/2019",117,40597,213.9375,84,227
"70",136,136,"Platanillo3_3326","Cuniculus paca","Guagua","28/08/2019","1:43",1,"Mammalia","Rodentia","Cuniculidae","Cuniculus","Platanillo3_3326_08280208.JPG",22,22,22,2,48,0.55356,-76.29021,"12/07/2019","06/11/2019",117,40597,213.9375,84,227
"71",137,137,"Platanillo3_3326","Cuniculus paca","Guagua","28/08/2019","21:21",1,"Mammalia","Rodentia","Cuniculidae","Cuniculus","Platanillo3_3326_08280222.JPG",22,22,22,2,48,0.55356,-76.29021,"12/07/2019","06/11/2019",117,40597,213.9375,84,227
"72",138,138,"Platanillo3_3326","Cuniculus paca","Guagua","30/08/2019","1:30",1,"Mammalia","Rodentia","Cuniculidae","Cuniculus","Platanillo3_3326_08300256.JPG",22,22,22,2,48,0.55356,-76.29021,"12/07/2019","06/11/2019",117,40597,213.9375,84,227
"73",139,139,"Platanillo3_3326","Cuniculus paca","Guagua","1/09/2019","0:56",1,"Mammalia","Rodentia","Cuniculidae","Cuniculus","Platanillo3_3326_09010277.JPG",22,22,22,2,48,0.55356,-76.29021,"12/07/2019","06/11/2019",117,40597,213.9375,84,227
"74",140,140,"Platanillo3_3328","Cuniculus paca","Guagua","19/07/2019","20:16",1,"Mammalia","Rodentia","Cuniculidae","Cuniculus","Platanillo3_3328_07190085.JPG",23,23,23,12,101,0.53369,-76.29592,"11/07/2019","06/11/2019",118,41361,220.5625,33,368
"75",141,141,"Platanillo3_3328","Cuniculus paca","Guagua","20/07/2019","19:47",1,"Mammalia","Rodentia","Cuniculidae","Cuniculus","Platanillo3_3328_07200105.JPG",23,23,23,12,101,0.53369,-76.29592,"11/07/2019","06/11/2019",118,41361,220.5625,33,368
"76",142,142,"Platanillo3_3328","Cuniculus paca","Guagua","21/07/2019","22:25",1,"Mammalia","Rodentia","Cuniculidae","Cuniculus","Platanillo3_3328_07210113.JPG",23,23,23,12,101,0.53369,-76.29592,"11/07/2019","06/11/2019",118,41361,220.5625,33,368
"77",143,143,"Platanillo3_3328","Cuniculus paca","Guagua","23/07/2019","20:58",1,"Mammalia","Rodentia","Cuniculidae","Cuniculus","Platanillo3_3328_07230117.JPG",23,23,23,12,101,0.53369,-76.29592,"11/07/2019","06/11/2019",118,41361,220.5625,33,368
"78",144,144,"Platanillo3_3328","Cuniculus paca","Guagua","25/07/2019","22:54",1,"Mammalia","Rodentia","Cuniculidae","Cuniculus","Platanillo3_3328_07250209.JPG",23,23,23,12,101,0.53369,-76.29592,"11/07/2019","06/11/2019",118,41361,220.5625,33,368
"79",145,145,"Platanillo3_3328","Cuniculus paca","Guagua","26/07/2019","0:11",1,"Mammalia","Rodentia","Cuniculidae","Cuniculus","Platanillo3_3328_07260233.JPG",23,23,23,12,101,0.53369,-76.29592,"11/07/2019","06/11/2019",118,41361,220.5625,33,368
"80",146,146,"Platanillo3_3328","Cuniculus paca","Guagua","28/07/2019","19:03",1,"Mammalia","Rodentia","Cuniculidae","Cuniculus","Platanillo3_3328_07280317.JPG",23,23,23,12,101,0.53369,-76.29592,"11/07/2019","06/11/2019",118,41361,220.5625,33,368
"81",147,147,"Platanillo3_3328","Cuniculus paca","Guagua","29/07/2019","1:21",1,"Mammalia","Rodentia","Cuniculidae","Cuniculus","Platanillo3_3328_07290321.JPG",23,23,23,12,101,0.53369,-76.29592,"11/07/2019","06/11/2019",118,41361,220.5625,33,368
"82",148,148,"Platanillo3_3328","Cuniculus paca","Guagua","29/07/2019","23:48",1,"Mammalia","Rodentia","Cuniculidae","Cuniculus","Platanillo3_3328_07290337.JPG",23,23,23,12,101,0.53369,-76.29592,"11/07/2019","06/11/2019",118,41361,220.5625,33,368
"83",149,149,"Platanillo3_3328","Cuniculus paca","Guagua","30/07/2019","22:35",1,"Mammalia","Rodentia","Cuniculidae","Cuniculus","Platanillo3_3328_07300393.JPG",23,23,23,12,101,0.53369,-76.29592,"11/07/2019","06/11/2019",118,41361,220.5625,33,368
"84",150,150,"Platanillo3_3328","Cuniculus paca","Guagua","4/08/2019","23:17",1,"Mammalia","Rodentia","Cuniculidae","Cuniculus","Platanillo3_3328_08040489.JPG",23,23,23,12,101,0.53369,-76.29592,"11/07/2019","06/11/2019",118,41361,220.5625,33,368
"85",151,151,"Platanillo3_3328","Cuniculus paca","Guagua","5/08/2019","22:42",1,"Mammalia","Rodentia","Cuniculidae","Cuniculus","Platanillo3_3328_08050501.JPG",23,23,23,12,101,0.53369,-76.29592,"11/07/2019","06/11/2019",118,41361,220.5625,33,368
"86",152,152,"Platanillo3_3328","Cuniculus paca","Guagua","10/08/2019","2:41",1,"Mammalia","Rodentia","Cuniculidae","Cuniculus","Platanillo3_3328_08100581.JPG",23,23,23,12,101,0.53369,-76.29592,"11/07/2019","06/11/2019",118,41361,220.5625,33,368
"87",153,153,"Platanillo3_3328","Cuniculus paca","Guagua","15/08/2019","20:15",1,"Mammalia","Rodentia","Cuniculidae","Cuniculus","Platanillo3_3328_08150629.JPG",23,23,23,12,101,0.53369,-76.29592,"11/07/2019","06/11/2019",118,41361,220.5625,33,368
"88",154,154,"Platanillo3_3328","Cuniculus paca","Guagua","17/08/2019","20:45",1,"Mammalia","Rodentia","Cuniculidae","Cuniculus","Platanillo3_3328_08170645.JPG",23,23,23,12,101,0.53369,-76.29592,"11/07/2019","06/11/2019",118,41361,220.5625,33,368
"89",155,155,"Platanillo3_3328","Cuniculus paca","Guagua","21/08/2019","22:01",1,"Mammalia","Rodentia","Cuniculidae","Cuniculus","Platanillo3_3328_08210693.JPG",23,23,23,12,101,0.53369,-76.29592,"11/07/2019","06/11/2019",118,41361,220.5625,33,368
"90",156,156,"Platanillo3_3328","Cuniculus paca","Guagua","26/08/2019","21:02",1,"Mammalia","Rodentia","Cuniculidae","Cuniculus","Platanillo3_3328_08260717.JPG",23,23,23,12,101,0.53369,-76.29592,"11/07/2019","06/11/2019",118,41361,220.5625,33,368
"91",157,157,"Platanillo2_3333","Cuniculus paca","Guagua","28/08/2019","19:03",1,"Mammalia","Rodentia","Cuniculidae","Cuniculus","Platanillo2_3333_08280041.JPG",17,17,17,8,16,0.52336,-76.27747,"13/07/2019","07/11/2019",117,41745,218.125,1,412
"92",339,339,"Platanillo1_2178","Cuniculus paca","Guagua","3/09/2019","11:19",1,"Mammalia","Rodentia","Cuniculidae","Cuniculus","Platanillo1_2178_09030011.JPG",6,6,6,6,35,0.48503,-76.29539,"16/07/2019","06/11/2019",113,43271,229.375,66,307
"93",382,382,"Platanillo1_3315","Cuniculus paca","Guagua","28/09/2019","22:40",1,"Mammalia","Rodentia","Cuniculidae","Cuniculus","Platanillo1_3315_09280099.JPG",9,9,9,11,77,0.48547,-76.27795,"15/07/2019","06/11/2019",114,43273,217.5,97,199
"94",387,387,"Platanillo1_3315","Cuniculus paca","Guagua","9/10/2019","1:31",1,"Mammalia","Rodentia","Cuniculidae","Cuniculus","Platanillo1_3315_10090118.JPG",9,9,9,11,77,0.48547,-76.27795,"15/07/2019","06/11/2019",114,43273,217.5,97,199
"95",424,424,"Platanillo2_2180","Cuniculus paca","Guagua","22/09/2019","19:07",1,"Mammalia","Rodentia","Cuniculidae","Cuniculus","Platanillo2_2180_09220053.JPG",12,12,12,8,54,0.51418,-76.2955,"14/07/2019","06/11/2019",115,42125,224.75,85,235
"96",425,425,"Platanillo2_2180","Cuniculus paca","Guagua","22/09/2019","19:07",1,"Mammalia","Rodentia","Cuniculidae","Cuniculus","Platanillo2_2180_09220054.JPG",12,12,12,8,54,0.51418,-76.2955,"14/07/2019","06/11/2019",115,42125,224.75,85,235
"97",426,426,"Platanillo2_2180","Cuniculus paca","Guagua","22/09/2019","19:07",1,"Mammalia","Rodentia","Cuniculidae","Cuniculus","Platanillo2_2180_09220055.JPG",12,12,12,8,54,0.51418,-76.2955,"14/07/2019","06/11/2019",115,42125,224.75,85,235
"98",432,432,"Platanillo2_2180","Cuniculus paca","Guagua","10/10/2019","3:32",1,"Mammalia","Rodentia","Cuniculidae","Cuniculus","Platanillo2_2180_10100085.JPG",12,12,12,8,54,0.51418,-76.2955,"14/07/2019","06/11/2019",115,42125,224.75,85,235
"99",433,433,"Platanillo2_2180","Cuniculus paca","Guagua","10/10/2019","3:32",1,"Mammalia","Rodentia","Cuniculidae","Cuniculus","Platanillo2_2180_10100086.JPG",12,12,12,8,54,0.51418,-76.2955,"14/07/2019","06/11/2019",115,42125,224.75,85,235
"100",434,434,"Platanillo2_2180","Cuniculus paca","Guagua","10/10/2019","3:32",1,"Mammalia","Rodentia","Cuniculidae","Cuniculus","Platanillo2_2180_10100087.JPG",12,12,12,8,54,0.51418,-76.2955,"14/07/2019","06/11/2019",115,42125,224.75,85,235
"101",458,458,"Platanillo2_3317","Cuniculus paca","Guagua","19/09/2019","21:44",1,"Mammalia","Rodentia","Cuniculidae","Cuniculus","Platanillo2_3317_09190289.JPG",14,14,14,7,26,0.51489,-76.27686,"13/07/2019","06/11/2019",116,42127,222.8125,36,173
"102",461,461,"Platanillo2_3317","Cuniculus paca","Guagua","20/09/2019","19:21",1,"Mammalia","Rodentia","Cuniculidae","Cuniculus","Platanillo2_3317_09200457.JPG",14,14,14,7,26,0.51489,-76.27686,"13/07/2019","06/11/2019",116,42127,222.8125,36,173
"103",464,464,"Platanillo2_3317","Cuniculus paca","Guagua","25/09/2019","21:26",1,"Mammalia","Rodentia","Cuniculidae","Cuniculus","Platanillo2_3317_09250549.JPG",14,14,14,7,26,0.51489,-76.27686,"13/07/2019","06/11/2019",116,42127,222.8125,36,173
"104",488,488,"Platanillo2_3319","Cuniculus paca","Guagua","25/09/2019","10:32",1,"Mammalia","Rodentia","Cuniculidae","Cuniculus","Platanillo2_3319_09250124.JPG",15,15,15,10,59,0.50247,-76.27745,"13/07/2019","06/11/2019",116,42509,218.8125,85,165
"105",500,500,"Platanillo2_3319","Cuniculus paca","Guagua","21/10/2019","10:47",1,"Mammalia","Rodentia","Cuniculidae","Cuniculus","Platanillo2_3319_10210181.JPG",15,15,15,10,59,0.50247,-76.27745,"13/07/2019","06/11/2019",116,42509,218.8125,85,165
"106",505,505,"Platanillo2_3321","Cuniculus paca","Guagua","2/09/2019","19:04",1,"Mammalia","Rodentia","Cuniculidae","Cuniculus","Platanillo2_3321_09020001.JPG",16,16,16,10,64,0.50526,-76.29438,"14/07/2019","07/11/2019",116,42507,227.125,51,471
"107",506,506,"Platanillo2_3321","Cuniculus paca","Guagua","5/09/2019","3:57",1,"Mammalia","Rodentia","Cuniculidae","Cuniculus","Platanillo2_3321_09050019.JPG",16,16,16,10,64,0.50526,-76.29438,"14/07/2019","07/11/2019",116,42507,227.125,51,471
"108",507,507,"Platanillo2_3321","Cuniculus paca","Guagua","5/09/2019","22:40",1,"Mammalia","Rodentia","Cuniculidae","Cuniculus","Platanillo2_3321_09050023.JPG",16,16,16,10,64,0.50526,-76.29438,"14/07/2019","07/11/2019",116,42507,227.125,51,471
"109",508,508,"Platanillo2_3321","Cuniculus paca","Guagua","6/09/2019","3:58",1,"Mammalia","Rodentia","Cuniculidae","Cuniculus","Platanillo2_3321_09060025.JPG",16,16,16,10,64,0.50526,-76.29438,"14/07/2019","07/11/2019",116,42507,227.125,51,471
"110",509,509,"Platanillo2_3321","Cuniculus paca","Guagua","6/09/2019","4:11",1,"Mammalia","Rodentia","Cuniculidae","Cuniculus","Platanillo2_3321_09060028.JPG",16,16,16,10,64,0.50526,-76.29438,"14/07/2019","07/11/2019",116,42507,227.125,51,471
"111",510,510,"Platanillo2_3321","Cuniculus paca","Guagua","7/09/2019","3:10",1,"Mammalia","Rodentia","Cuniculidae","Cuniculus","Platanillo2_3321_09070031.JPG",16,16,16,10,64,0.50526,-76.29438,"14/07/2019","07/11/2019",116,42507,227.125,51,471
"112",511,511,"Platanillo2_3321","Cuniculus paca","Guagua","7/09/2019","3:17",1,"Mammalia","Rodentia","Cuniculidae","Cuniculus","Platanillo2_3321_09070034.JPG",16,16,16,10,64,0.50526,-76.29438,"14/07/2019","07/11/2019",116,42507,227.125,51,471
"113",516,516,"Platanillo2_3321","Cuniculus paca","Guagua","19/09/2019","21:23",1,"Mammalia","Rodentia","Cuniculidae","Cuniculus","Platanillo2_3321_09190079.JPG",16,16,16,10,64,0.50526,-76.29438,"14/07/2019","07/11/2019",116,42507,227.125,51,471
"114",519,519,"Platanillo2_3321","Cuniculus paca","Guagua","25/09/2019","21:11",1,"Mammalia","Rodentia","Cuniculidae","Cuniculus","Platanillo2_3321_09250094.JPG",16,16,16,10,64,0.50526,-76.29438,"14/07/2019","07/11/2019",116,42507,227.125,51,471
"115",521,521,"Platanillo2_3321","Cuniculus paca","Guagua","30/09/2019","20:13",1,"Mammalia","Rodentia","Cuniculidae","Cuniculus","Platanillo2_3321_09300103.JPG",16,16,16,10,64,0.50526,-76.29438,"14/07/2019","07/11/2019",116,42507,227.125,51,471
"116",522,522,"Platanillo2_3321","Cuniculus paca","Guagua","30/09/2019","22:57",1,"Mammalia","Rodentia","Cuniculidae","Cuniculus","Platanillo2_3321_09300106.JPG",16,16,16,10,64,0.50526,-76.29438,"14/07/2019","07/11/2019",116,42507,227.125,51,471
"117",525,525,"Platanillo2_3321","Cuniculus paca","Guagua","7/10/2019","22:03",1,"Mammalia","Rodentia","Cuniculidae","Cuniculus","Platanillo2_3321_10070118.JPG",16,16,16,10,64,0.50526,-76.29438,"14/07/2019","07/11/2019",116,42507,227.125,51,471
"118",526,526,"Platanillo2_3321","Cuniculus paca","Guagua","11/10/2019","2:07",1,"Mammalia","Rodentia","Cuniculidae","Cuniculus","Platanillo2_3321_10110121.JPG",16,16,16,10,64,0.50526,-76.29438,"14/07/2019","07/11/2019",116,42507,227.125,51,471
"119",529,529,"Platanillo2_3321","Cuniculus paca","Guagua","16/10/2019","19:05",1,"Mammalia","Rodentia","Cuniculidae","Cuniculus","Platanillo2_3321_10160144.JPG",16,16,16,10,64,0.50526,-76.29438,"14/07/2019","07/11/2019",116,42507,227.125,51,471
"120",532,532,"Platanillo2_3321","Cuniculus paca","Guagua","18/10/2019","21:39",1,"Mammalia","Rodentia","Cuniculidae","Cuniculus","Platanillo2_3321_10180154.JPG",16,16,16,10,64,0.50526,-76.29438,"14/07/2019","07/11/2019",116,42507,227.125,51,471
"121",537,537,"Platanillo2_3321","Cuniculus paca","Guagua","24/10/2019","19:08",1,"Mammalia","Rodentia","Cuniculidae","Cuniculus","Platanillo2_3321_10240172.JPG",16,16,16,10,64,0.50526,-76.29438,"14/07/2019","07/11/2019",116,42507,227.125,51,471
"122",538,538,"Platanillo2_3321","Cuniculus paca","Guagua","24/10/2019","23:35",1,"Mammalia","Rodentia","Cuniculidae","Cuniculus","Platanillo2_3321_10240175.JPG",16,16,16,10,64,0.50526,-76.29438,"14/07/2019","07/11/2019",116,42507,227.125,51,471
"123",539,539,"Platanillo2_3321","Cuniculus paca","Guagua","25/10/2019","20:50",1,"Mammalia","Rodentia","Cuniculidae","Cuniculus","Platanillo2_3321_10250181.JPG",16,16,16,10,64,0.50526,-76.29438,"14/07/2019","07/11/2019",116,42507,227.125,51,471
"124",540,540,"Platanillo2_3321","Cuniculus paca","Guagua","27/10/2019","20:48",1,"Mammalia","Rodentia","Cuniculidae","Cuniculus","Platanillo2_3321_10270185.JPG",16,16,16,10,64,0.50526,-76.29438,"14/07/2019","07/11/2019",116,42507,227.125,51,471
"125",541,541,"Platanillo2_3321","Cuniculus paca","Guagua","7/11/2019","1:13",1,"Mammalia","Rodentia","Cuniculidae","Cuniculus","Platanillo2_3321_11070205.JPG",16,16,16,10,64,0.50526,-76.29438,"14/07/2019","07/11/2019",116,42507,227.125,51,471
"126",544,544,"Platanillo2_3333","Cuniculus paca","Guagua","26/09/2019","19:14",1,"Mammalia","Rodentia","Cuniculidae","Cuniculus","Platanillo2_3333_09260033.JPG",17,17,17,8,16,0.52336,-76.27747,"13/07/2019","07/11/2019",117,41745,218.125,1,412
"127",549,549,"Platanillo2_3333","Cuniculus paca","Guagua","29/10/2019","21:59",1,"Mammalia","Rodentia","Cuniculidae","Cuniculus","Platanillo2_3333_10290097.JPG",17,17,17,8,16,0.52336,-76.27747,"13/07/2019","07/11/2019",117,41745,218.125,1,412
"128",570,580,"Platanillo3_3326","Cuniculus paca","Guagua","2/09/2019","1:23",1,"Mammalia","Rodentia","Cuniculidae","Cuniculus","Platanillo3_3326_09020025.JPG",22,22,22,2,48,0.55356,-76.29021,"12/07/2019","06/11/2019",117,40597,213.9375,84,227
"129",571,581,"Platanillo3_3326","Cuniculus paca","Guagua","2/09/2019","22:47",1,"Mammalia","Rodentia","Cuniculidae","Cuniculus","Platanillo3_3326_09020031.JPG",22,22,22,2,48,0.55356,-76.29021,"12/07/2019","06/11/2019",117,40597,213.9375,84,227
"130",572,582,"Platanillo3_3326","Cuniculus paca","Guagua","3/09/2019","21:52",1,"Mammalia","Rodentia","Cuniculidae","Cuniculus","Platanillo3_3326_09030037.JPG",22,22,22,2,48,0.55356,-76.29021,"12/07/2019","06/11/2019",117,40597,213.9375,84,227
"131",573,583,"Platanillo3_3326","Cuniculus paca","Guagua","5/09/2019","23:31",1,"Mammalia","Rodentia","Cuniculidae","Cuniculus","Platanillo3_3326_09050046.JPG",22,22,22,2,48,0.55356,-76.29021,"12/07/2019","06/11/2019",117,40597,213.9375,84,227
"132",591,601,"Platanillo3_3326","Cuniculus paca","Guagua","17/10/2019","22:40",1,"Mammalia","Rodentia","Cuniculidae","Cuniculus","Platanillo3_3326_10170283.JPG",22,22,22,2,48,0.55356,-76.29021,"12/07/2019","06/11/2019",117,40597,213.9375,84,227
"133",592,602,"Platanillo3_3326","Cuniculus paca","Guagua","21/10/2019","11:39",1,"Mammalia","Rodentia","Cuniculidae","Cuniculus","Platanillo3_3326_10210294.JPG",22,22,22,2,48,0.55356,-76.29021,"12/07/2019","06/11/2019",117,40597,213.9375,84,227
"134",593,603,"Platanillo3_3326","Cuniculus paca","Guagua","24/10/2019","15:12",1,"Mammalia","Rodentia","Cuniculidae","Cuniculus","Platanillo3_3326_10240298.JPG",22,22,22,2,48,0.55356,-76.29021,"12/07/2019","06/11/2019",117,40597,213.9375,84,227
"135",594,604,"Platanillo3_3326","Cuniculus paca","Guagua","25/10/2019","10:12",1,"Mammalia","Rodentia","Cuniculidae","Cuniculus","Platanillo3_3326_10250309.JPG",22,22,22,2,48,0.55356,-76.29021,"12/07/2019","06/11/2019",117,40597,213.9375,84,227
"136",596,606,"Platanillo3_3328","Cuniculus paca","Guagua","3/09/2019","22:35",1,"Mammalia","Rodentia","Cuniculidae","Cuniculus","Platanillo3_3328_09030022.JPG",23,23,23,12,101,0.53369,-76.29592,"11/07/2019","06/11/2019",118,41361,220.5625,33,368
"137",597,607,"Platanillo3_3328","Cuniculus paca","Guagua","4/09/2019","22:53",1,"Mammalia","Rodentia","Cuniculidae","Cuniculus","Platanillo3_3328_09040028.JPG",23,23,23,12,101,0.53369,-76.29592,"11/07/2019","06/11/2019",118,41361,220.5625,33,368
"138",616,626,"Platanillo3_3328","Cuniculus paca","Guagua","1/10/2019","0:42",1,"Mammalia","Rodentia","Cuniculidae","Cuniculus","Platanillo3_3328_10010200.JPG",23,23,23,12,101,0.53369,-76.29592,"11/07/2019","06/11/2019",118,41361,220.5625,33,368
"139",646,656,"Platanillo1_3316","Cuniculus paca","Guagua","20/09/2019","0:10",1,"Mammalia","Rodentia","Cuniculidae","Cuniculus","Platanillo1_3316_09200057.JPG",10,10,10,9,21,0.49616,-76.27908,"15/07/2019","03/09/2019",50,42891,217.8125,59,450
"140",691,701,"Rumiyaco1_3318","Cuniculus paca","Guagua","26/07/2019","0:34",1,"Mammalia","Rodentia","Cuniculidae","Cuniculus","Rumiyaco1_3318_07260016.JPG",25,25,25,9,56,0.42848,-77.07491,"24/07/2019","14/11/2019",113,45476,225.5625,53,372
"141",694,704,"Rumiyaco1_3318","Cuniculus paca","Guagua","29/07/2019","22:55",1,"Mammalia","Rodentia","Cuniculidae","Cuniculus","Rumiyaco1_3318_07290063.JPG",25,25,25,9,56,0.42848,-77.07491,"24/07/2019","14/11/2019",113,45476,225.5625,53,372
"142",696,706,"Rumiyaco1_3318","Cuniculus paca","Guagua","3/08/2019","19:23",1,"Mammalia","Rodentia","Cuniculidae","Cuniculus","Rumiyaco1_3318_08030082.JPG",25,25,25,9,56,0.42848,-77.07491,"24/07/2019","14/11/2019",113,45476,225.5625,53,372
"143",700,710,"Rumiyaco1_3318","Cuniculus paca","Guagua","5/08/2019","22:17",1,"Mammalia","Rodentia","Cuniculidae","Cuniculus","Rumiyaco1_3318_08050154.JPG",25,25,25,9,56,0.42848,-77.07491,"24/07/2019","14/11/2019",113,45476,225.5625,53,372
"144",701,711,"Rumiyaco1_3318","Cuniculus paca","Guagua","6/08/2019","21:27",1,"Mammalia","Rodentia","Cuniculidae","Cuniculus","Rumiyaco1_3318_08060180.JPG",25,25,25,9,56,0.42848,-77.07491,"24/07/2019","14/11/2019",113,45476,225.5625,53,372
"145",704,714,"Rumiyaco1_3318","Cuniculus paca","Guagua","15/08/2019","21:05",1,"Mammalia","Rodentia","Cuniculidae","Cuniculus","Rumiyaco1_3318_08150196.JPG",25,25,25,9,56,0.42848,-77.07491,"24/07/2019","14/11/2019",113,45476,225.5625,53,372
"146",707,717,"Rumiyaco1_3318","Cuniculus paca","Guagua","19/08/2019","23:32",1,"Mammalia","Rodentia","Cuniculidae","Cuniculus","Rumiyaco1_3318_08190217.JPG",25,25,25,9,56,0.42848,-77.07491,"24/07/2019","14/11/2019",113,45476,225.5625,53,372
"147",708,718,"Rumiyaco1_3318","Cuniculus paca","Guagua","21/08/2019","0:48",1,"Mammalia","Rodentia","Cuniculidae","Cuniculus","Rumiyaco1_3318_08210228.JPG",25,25,25,9,56,0.42848,-77.07491,"24/07/2019","14/11/2019",113,45476,225.5625,53,372
"148",709,719,"Rumiyaco1_3318","Cuniculus paca","Guagua","23/08/2019","19:13",1,"Mammalia","Rodentia","Cuniculidae","Cuniculus","Rumiyaco1_3318_08230235.JPG",25,25,25,9,56,0.42848,-77.07491,"24/07/2019","14/11/2019",113,45476,225.5625,53,372
"149",710,720,"Rumiyaco1_3318","Cuniculus paca","Guagua","24/08/2019","0:01",1,"Mammalia","Rodentia","Cuniculidae","Cuniculus","Rumiyaco1_3318_08240241.JPG",25,25,25,9,56,0.42848,-77.07491,"24/07/2019","14/11/2019",113,45476,225.5625,53,372
"150",711,721,"Rumiyaco1_3318","Cuniculus paca","Guagua","25/08/2019","20:54",1,"Mammalia","Rodentia","Cuniculidae","Cuniculus","Rumiyaco1_3318_08250244.JPG",25,25,25,9,56,0.42848,-77.07491,"24/07/2019","14/11/2019",113,45476,225.5625,53,372
"151",712,722,"Rumiyaco1_3318","Cuniculus paca","Guagua","25/08/2019","23:03",1,"Mammalia","Rodentia","Cuniculidae","Cuniculus","Rumiyaco1_3318_08250250.JPG",25,25,25,9,56,0.42848,-77.07491,"24/07/2019","14/11/2019",113,45476,225.5625,53,372
"152",713,723,"Rumiyaco1_3318","Cuniculus paca","Guagua","27/08/2019","20:18",1,"Mammalia","Rodentia","Cuniculidae","Cuniculus","Rumiyaco1_3318_08270255.JPG",25,25,25,9,56,0.42848,-77.07491,"24/07/2019","14/11/2019",113,45476,225.5625,53,372
"153",717,727,"Rumiyaco1_3318","Cuniculus paca","Guagua","29/08/2019","22:18",1,"Mammalia","Rodentia","Cuniculidae","Cuniculus","Rumiyaco1_3318_08290282.JPG",25,25,25,9,56,0.42848,-77.07491,"24/07/2019","14/11/2019",113,45476,225.5625,53,372
"154",719,729,"Rumiyaco1_3318","Cuniculus paca","Guagua","4/09/2019","0:28",1,"Mammalia","Rodentia","Cuniculidae","Cuniculus","Rumiyaco1_3318_09040301.JPG",25,25,25,9,56,0.42848,-77.07491,"24/07/2019","14/11/2019",113,45476,225.5625,53,372
"155",722,732,"Rumiyaco1_3318","Cuniculus paca","Guagua","5/09/2019","20:42",1,"Mammalia","Rodentia","Cuniculidae","Cuniculus","Rumiyaco1_3318_09050313.JPG",25,25,25,9,56,0.42848,-77.07491,"24/07/2019","14/11/2019",113,45476,225.5625,53,372
"156",732,742,"Rumuyaco1_3320","Cuniculus paca","Guagua","27/08/2019","22:39",1,"Mammalia","Rodentia","Cuniculidae","Cuniculus","Rumuyaco1_3320_08270066.JPG",NA,NA,NA,NA,NA,NA,NA,NA,NA,NA,NA,NA,NA,NA
"157",734,744,"Rumuyaco1_3320","Cuniculus paca","Guagua","29/08/2019","23:52",1,"Mammalia","Rodentia","Cuniculidae","Cuniculus","Rumuyaco1_3320_08290084.JPG",NA,NA,NA,NA,NA,NA,NA,NA,NA,NA,NA,NA,NA,NA
"158",736,746,"Rumuyaco1_3320","Cuniculus paca","Guagua","2/09/2019","21:39",1,"Mammalia","Rodentia","Cuniculidae","Cuniculus","Rumuyaco1_3320_09020094.JPG",NA,NA,NA,NA,NA,NA,NA,NA,NA,NA,NA,NA,NA,NA
"159",749,759,"Rumiyaco1_3325","Cuniculus paca","Guagua","12/08/2019","15:43",1,"Mammalia","Rodentia","Cuniculidae","Cuniculus","Rumiyaco1_3325_01210132.JPG",28,28,28,10,42,0.44403,-77.06912,"23/07/2019","13/11/2019",113,45095,247.25,27,474
"160",751,761,"Rumiyaco1_3325","Cuniculus paca","Guagua","22/08/2019","12:03",1,"Mammalia","Rodentia","Cuniculidae","Cuniculus","Rumiyaco1_3325_01310138.JPG",28,28,28,10,42,0.44403,-77.06912,"23/07/2019","13/11/2019",113,45095,247.25,27,474
"161",754,764,"Rumiyaco1_3325","Cuniculus paca","Guagua","29/08/2019","15:42",1,"Mammalia","Rodentia","Cuniculidae","Cuniculus","Rumiyaco1_3325_02070157.JPG",28,28,28,10,42,0.44403,-77.06912,"23/07/2019","13/11/2019",113,45095,247.25,27,474
"162",756,766,"Rumiyaco1_3325","Cuniculus paca","Guagua","6/09/2019","16:40",1,"Mammalia","Rodentia","Cuniculidae","Cuniculus","Rumiyaco1_3325_02150168.JPG",28,28,28,10,42,0.44403,-77.06912,"23/07/2019","13/11/2019",113,45095,247.25,27,474
"163",758,768,"Rumiyaco1_3335","Cuniculus paca","Guagua","27/07/2019","19:46",1,"Mammalia","Rodentia","Cuniculidae","Cuniculus","Rumiyaco1_3335_07270009.JPG",29,29,29,9,87,0.4356,-77.06921,"23/07/2019","13/11/2019",113,45477,225.5625,12,346
"164",762,772,"Rumiyaco1_3335","Cuniculus paca","Guagua","30/07/2019","19:49",1,"Mammalia","Rodentia","Cuniculidae","Cuniculus","Rumiyaco1_3335_07300033.JPG",29,29,29,9,87,0.4356,-77.06921,"23/07/2019","13/11/2019",113,45477,225.5625,12,346
"165",775,785,"Rumiyaco1_3335","Cuniculus paca","Guagua","23/08/2019","22:34",1,"Mammalia","Rodentia","Cuniculidae","Cuniculus","Rumiyaco1_3335_08230243.JPG",29,29,29,9,87,0.4356,-77.06921,"23/07/2019","13/11/2019",113,45477,225.5625,12,346
"166",777,787,"Rumiyaco1_3335","Cuniculus paca","Guagua","25/08/2019","23:08",1,"Mammalia","Rodentia","Cuniculidae","Cuniculus","Rumiyaco1_3335_08250249.JPG",29,29,29,9,87,0.4356,-77.06921,"23/07/2019","13/11/2019",113,45477,225.5625,12,346
"167",779,789,"Rumiyaco1_3335","Cuniculus paca","Guagua","29/08/2019","0:12",1,"Mammalia","Rodentia","Cuniculidae","Cuniculus","Rumiyaco1_3335_08290257.JPG",29,29,29,9,87,0.4356,-77.06921,"23/07/2019","13/11/2019",113,45477,225.5625,12,346
"168",781,791,"Rumiyaco1_3335","Cuniculus paca","Guagua","30/08/2019","20:02",1,"Mammalia","Rodentia","Cuniculidae","Cuniculus","Rumiyaco1_3335_08300269.JPG",29,29,29,9,87,0.4356,-77.06921,"23/07/2019","13/11/2019",113,45477,225.5625,12,346
"169",785,795,"Rumiyaco1_3335","Cuniculus paca","Guagua","5/09/2019","23:52",1,"Mammalia","Rodentia","Cuniculidae","Cuniculus","Rumiyaco1_3335_09050297.JPG",29,29,29,9,87,0.4356,-77.06921,"23/07/2019","13/11/2019",113,45477,225.5625,12,346
"170",786,796,"Rumiyaco1_3335","Cuniculus paca","Guagua","6/09/2019","23:18",1,"Mammalia","Rodentia","Cuniculidae","Cuniculus","Rumiyaco1_3335_09060303.JPG",29,29,29,9,87,0.4356,-77.06921,"23/07/2019","13/11/2019",113,45477,225.5625,12,346
"171",788,798,"Rumiyaco2_2164","Cuniculus paca","Guagua","31/07/2019","21:03",1,"Mammalia","Rodentia","Cuniculidae","Cuniculus","Rumiyaco2_2164_07310013.JPG",30,30,30,6,32,0.45157,-77.07254,"23/07/2019","14/11/2019",114,44712,254.875,23,128
"172",789,799,"Rumiyaco2_2164","Cuniculus paca","Guagua","3/08/2019","3:22",1,"Mammalia","Rodentia","Cuniculidae","Cuniculus","Rumiyaco2_2164_08030016.JPG",30,30,30,6,32,0.45157,-77.07254,"23/07/2019","14/11/2019",114,44712,254.875,23,128
"173",790,800,"Rumiyaco2_2164","Cuniculus paca","Guagua","5/08/2019","22:30",1,"Mammalia","Rodentia","Cuniculidae","Cuniculus","Rumiyaco2_2164_08050019.JPG",30,30,30,6,32,0.45157,-77.07254,"23/07/2019","14/11/2019",114,44712,254.875,23,128
"174",791,801,"Rumiyaco2_2164","Cuniculus paca","Guagua","8/08/2019","3:42",1,"Mammalia","Rodentia","Cuniculidae","Cuniculus","Rumiyaco2_2164_08080028.JPG",30,30,30,6,32,0.45157,-77.07254,"23/07/2019","14/11/2019",114,44712,254.875,23,128
"175",793,803,"Rumiyaco2_2164","Cuniculus paca","Guagua","12/08/2019","2:15",1,"Mammalia","Rodentia","Cuniculidae","Cuniculus","Rumiyaco2_2164_08120036.JPG",30,30,30,6,32,0.45157,-77.07254,"23/07/2019","14/11/2019",114,44712,254.875,23,128
"176",794,804,"Rumiyaco2_2164","Cuniculus paca","Guagua","15/08/2019","0:57",1,"Mammalia","Rodentia","Cuniculidae","Cuniculus","Rumiyaco2_2164_08150037.JPG",30,30,30,6,32,0.45157,-77.07254,"23/07/2019","14/11/2019",114,44712,254.875,23,128
"177",795,805,"Rumiyaco2_2164","Cuniculus paca","Guagua","15/08/2019","23:37",1,"Mammalia","Rodentia","Cuniculidae","Cuniculus","Rumiyaco2_2164_08150045.JPG",30,30,30,6,32,0.45157,-77.07254,"23/07/2019","14/11/2019",114,44712,254.875,23,128
"178",796,806,"Rumiyaco2_2164","Cuniculus paca","Guagua","16/08/2019","0:49",1,"Mammalia","Rodentia","Cuniculidae","Cuniculus","Rumiyaco2_2164_08160046.JPG",30,30,30,6,32,0.45157,-77.07254,"23/07/2019","14/11/2019",114,44712,254.875,23,128
"179",803,813,"Rumiyaco2_2171","Cuniculus paca","Guagua","30/07/2019","15:20",1,"Mammalia","Rodentia","Cuniculidae","Cuniculus","Rumiyaco2_2171_01090007.JPG",31,31,31,4,5,0.43107,-77.09073,"22/07/2019","14/11/2019",115,45474,226.5625,48,120
"180",806,816,"Rumiyaco2_2173","Cuniculus paca","Guagua","24/07/2019","2:29",1,"Mammalia","Rodentia","Cuniculidae","Cuniculus","Rumiyaco2_2173_07240004.JPG",32,32,32,9,93,0.43919,-77.07826,"22/07/2019","14/11/2019",115,45094,247.25,74,326
"181",815,825,"Rumiyaco2_2173","Cuniculus paca","Guagua","29/07/2019","3:44",1,"Mammalia","Rodentia","Cuniculidae","Cuniculus","Rumiyaco2_2173_07290079.JPG",32,32,32,9,93,0.43919,-77.07826,"22/07/2019","14/11/2019",115,45094,247.25,74,326
"182",818,828,"Rumiyaco2_2173","Cuniculus paca","Guagua","1/08/2019","1:07",1,"Mammalia","Rodentia","Cuniculidae","Cuniculus","Rumiyaco2_2173_08010121.JPG",32,32,32,9,93,0.43919,-77.07826,"22/07/2019","14/11/2019",115,45094,247.25,74,326
"183",819,829,"Rumiyaco2_2173","Cuniculus paca","Guagua","2/08/2019","0:23",1,"Mammalia","Rodentia","Cuniculidae","Cuniculus","Rumiyaco2_2173_08020124.JPG",32,32,32,9,93,0.43919,-77.07826,"22/07/2019","14/11/2019",115,45094,247.25,74,326
"184",822,832,"Rumiyaco2_2173","Cuniculus paca","Guagua","2/08/2019","20:05",1,"Mammalia","Rodentia","Cuniculidae","Cuniculus","Rumiyaco2_2173_08020141.JPG",32,32,32,9,93,0.43919,-77.07826,"22/07/2019","14/11/2019",115,45094,247.25,74,326
"185",823,833,"Rumiyaco2_2173","Cuniculus paca","Guagua","3/08/2019","2:49",1,"Mammalia","Rodentia","Cuniculidae","Cuniculus","Rumiyaco2_2173_08030142.JPG",32,32,32,9,93,0.43919,-77.07826,"22/07/2019","14/11/2019",115,45094,247.25,74,326
"186",827,837,"Rumiyaco2_2173","Cuniculus paca","Guagua","5/08/2019","19:09",1,"Mammalia","Rodentia","Cuniculidae","Cuniculus","Rumiyaco2_2173_08050190.JPG",32,32,32,9,93,0.43919,-77.07826,"22/07/2019","14/11/2019",115,45094,247.25,74,326
"187",828,838,"Rumiyaco2_2173","Cuniculus paca","Guagua","6/08/2019","4:15",1,"Mammalia","Rodentia","Cuniculidae","Cuniculus","Rumiyaco2_2173_08060193.JPG",32,32,32,9,93,0.43919,-77.07826,"22/07/2019","14/11/2019",115,45094,247.25,74,326
"188",830,840,"Rumiyaco2_2173","Cuniculus paca","Guagua","8/08/2019","2:07",1,"Mammalia","Rodentia","Cuniculidae","Cuniculus","Rumiyaco2_2173_08080208.JPG",32,32,32,9,93,0.43919,-77.07826,"22/07/2019","14/11/2019",115,45094,247.25,74,326
"189",831,841,"Rumiyaco2_2173","Cuniculus paca","Guagua","9/08/2019","3:26",1,"Mammalia","Rodentia","Cuniculidae","Cuniculus","Rumiyaco2_2173_08090214.JPG",32,32,32,9,93,0.43919,-77.07826,"22/07/2019","14/11/2019",115,45094,247.25,74,326
"190",832,842,"Rumiyaco2_2173","Cuniculus paca","Guagua","12/08/2019","2:39",1,"Mammalia","Rodentia","Cuniculidae","Cuniculus","Rumiyaco2_2173_08120229.JPG",32,32,32,9,93,0.43919,-77.07826,"22/07/2019","14/11/2019",115,45094,247.25,74,326
"191",835,845,"Rumiyaco2_2173","Cuniculus paca","Guagua","12/08/2019","23:48",1,"Mammalia","Rodentia","Cuniculidae","Cuniculus","Rumiyaco2_2173_08120255.JPG",32,32,32,9,93,0.43919,-77.07826,"22/07/2019","14/11/2019",115,45094,247.25,74,326
"192",836,846,"Rumiyaco2_2173","Cuniculus paca","Guagua","13/08/2019","4:50",1,"Mammalia","Rodentia","Cuniculidae","Cuniculus","Rumiyaco2_2173_08130256.JPG",32,32,32,9,93,0.43919,-77.07826,"22/07/2019","14/11/2019",115,45094,247.25,74,326
"193",837,847,"Rumiyaco2_2173","Cuniculus paca","Guagua","14/08/2019","4:33",1,"Mammalia","Rodentia","Cuniculidae","Cuniculus","Rumiyaco2_2173_08140259.JPG",32,32,32,9,93,0.43919,-77.07826,"22/07/2019","14/11/2019",115,45094,247.25,74,326
"194",840,850,"Rumiyaco2_2173","Cuniculus paca","Guagua","17/08/2019","20:31",1,"Mammalia","Rodentia","Cuniculidae","Cuniculus","Rumiyaco2_2173_08170277.JPG",32,32,32,9,93,0.43919,-77.07826,"22/07/2019","14/11/2019",115,45094,247.25,74,326
"195",842,852,"Rumiyaco2_2173","Cuniculus paca","Guagua","20/08/2019","3:08",1,"Mammalia","Rodentia","Cuniculidae","Cuniculus","Rumiyaco2_2173_08200289.JPG",32,32,32,9,93,0.43919,-77.07826,"22/07/2019","14/11/2019",115,45094,247.25,74,326
"196",843,853,"Rumiyaco2_2173","Cuniculus paca","Guagua","20/08/2019","4:57",1,"Mammalia","Rodentia","Cuniculidae","Cuniculus","Rumiyaco2_2173_08200294.JPG",32,32,32,9,93,0.43919,-77.07826,"22/07/2019","14/11/2019",115,45094,247.25,74,326
"197",844,854,"Rumiyaco2_2173","Cuniculus paca","Guagua","22/08/2019","19:29",1,"Mammalia","Rodentia","Cuniculidae","Cuniculus","Rumiyaco2_2173_08220301.JPG",32,32,32,9,93,0.43919,-77.07826,"22/07/2019","14/11/2019",115,45094,247.25,74,326
"198",845,855,"Rumiyaco2_2173","Cuniculus paca","Guagua","23/08/2019","2:57",1,"Mammalia","Rodentia","Cuniculidae","Cuniculus","Rumiyaco2_2173_08230304.JPG",32,32,32,9,93,0.43919,-77.07826,"22/07/2019","14/11/2019",115,45094,247.25,74,326
"199",846,856,"Rumiyaco2_2173","Cuniculus paca","Guagua","23/08/2019","19:57",1,"Mammalia","Rodentia","Cuniculidae","Cuniculus","Rumiyaco2_2173_08230325.JPG",32,32,32,9,93,0.43919,-77.07826,"22/07/2019","14/11/2019",115,45094,247.25,74,326
"200",851,861,"Rumiyaco2_2173","Cuniculus paca","Guagua","5/09/2019","3:34",1,"Mammalia","Rodentia","Cuniculidae","Cuniculus","Rumiyaco2_2173_09050369.JPG",32,32,32,9,93,0.43919,-77.07826,"22/07/2019","14/11/2019",115,45094,247.25,74,326
"201",852,862,"Rumiyaco2_2173","Cuniculus paca","Guagua","7/09/2019","4:56",1,"Mammalia","Rodentia","Cuniculidae","Cuniculus","Rumiyaco2_2173_09070370.JPG",32,32,32,9,93,0.43919,-77.07826,"22/07/2019","14/11/2019",115,45094,247.25,74,326
"202",857,867,"Rumiyaco2_2175","Cuniculus paca","Guagua","28/07/2019","15:20",1,"Mammalia","Rodentia","Cuniculidae","Cuniculus","Rumiyaco2_2175_01030017.JPG",33,33,33,9,52,0.43904,-77.08793,"22/07/2019","14/11/2019",115,45093,239.1875,60,427
"203",858,868,"Rumiyaco2_2175","Cuniculus paca","Guagua","28/07/2019","10:39",1,"Mammalia","Rodentia","Cuniculidae","Cuniculus","Rumiyaco2_2175_01060019.JPG",33,33,33,9,52,0.43904,-77.08793,"22/07/2019","14/11/2019",115,45093,239.1875,60,427
"204",860,870,"Rumiyaco2_2175","Cuniculus paca","Guagua","5/08/2019","10:21",1,"Mammalia","Rodentia","Cuniculidae","Cuniculus","Rumiyaco2_2175_01130033.JPG",33,33,33,9,52,0.43904,-77.08793,"22/07/2019","14/11/2019",115,45093,239.1875,60,427
"205",861,871,"Rumiyaco2_2175","Cuniculus paca","Guagua","5/08/2019","16:47",1,"Mammalia","Rodentia","Cuniculidae","Cuniculus","Rumiyaco2_2175_01130037.JPG",33,33,33,9,52,0.43904,-77.08793,"22/07/2019","14/11/2019",115,45093,239.1875,60,427
"206",863,873,"Rumiyaco2_2175","Cuniculus paca","Guagua","7/08/2019","8:12",1,"Mammalia","Rodentia","Cuniculidae","Cuniculus","Rumiyaco2_2175_01150043.JPG",33,33,33,9,52,0.43904,-77.08793,"22/07/2019","14/11/2019",115,45093,239.1875,60,427
"207",865,875,"Rumiyaco2_2175","Cuniculus paca","Guagua","13/08/2019","17:54",1,"Mammalia","Rodentia","Cuniculidae","Cuniculus","Rumiyaco2_2175_01210049.JPG",33,33,33,9,52,0.43904,-77.08793,"22/07/2019","14/11/2019",115,45093,239.1875,60,427
"208",866,876,"Rumiyaco2_2175","Cuniculus paca","Guagua","16/08/2019","10:35",1,"Mammalia","Rodentia","Cuniculidae","Cuniculus","Rumiyaco2_2175_01240055.JPG",33,33,33,9,52,0.43904,-77.08793,"22/07/2019","14/11/2019",115,45093,239.1875,60,427
"209",867,877,"Rumiyaco2_2175","Cuniculus paca","Guagua","18/08/2019","7:58",1,"Mammalia","Rodentia","Cuniculidae","Cuniculus","Rumiyaco2_2175_01260064.JPG",33,33,33,9,52,0.43904,-77.08793,"22/07/2019","14/11/2019",115,45093,239.1875,60,427
"210",868,878,"Rumiyaco2_2175","Cuniculus paca","Guagua","19/08/2019","11:22",1,"Mammalia","Rodentia","Cuniculidae","Cuniculus","Rumiyaco2_2175_01270069.JPG",33,33,33,9,52,0.43904,-77.08793,"22/07/2019","14/11/2019",115,45093,239.1875,60,427
"211",869,879,"Rumiyaco2_2175","Cuniculus paca","Guagua","21/08/2019","13:54",1,"Mammalia","Rodentia","Cuniculidae","Cuniculus","Rumiyaco2_2175_01290070.JPG",33,33,33,9,52,0.43904,-77.08793,"22/07/2019","14/11/2019",115,45093,239.1875,60,427
"212",870,880,"Rumiyaco2_2175","Cuniculus paca","Guagua","22/08/2019","8:35",1,"Mammalia","Rodentia","Cuniculidae","Cuniculus","Rumiyaco2_2175_01300081.JPG",33,33,33,9,52,0.43904,-77.08793,"22/07/2019","14/11/2019",115,45093,239.1875,60,427
"213",871,881,"Rumiyaco2_2175","Cuniculus paca","Guagua","23/08/2019","8:02",1,"Mammalia","Rodentia","Cuniculidae","Cuniculus","Rumiyaco2_2175_02010082.JPG",33,33,33,9,52,0.43904,-77.08793,"22/07/2019","14/11/2019",115,45093,239.1875,60,427
"214",872,882,"Rumiyaco2_2175","Cuniculus paca","Guagua","27/08/2019","11:05",1,"Mammalia","Rodentia","Cuniculidae","Cuniculus","Rumiyaco2_2175_02050097.JPG",33,33,33,9,52,0.43904,-77.08793,"22/07/2019","14/11/2019",115,45093,239.1875,60,427
"215",873,883,"Rumiyaco2_2175","Cuniculus paca","Guagua","30/08/2019","10:50",1,"Mammalia","Rodentia","Cuniculidae","Cuniculus","Rumiyaco2_2175_02080102.JPG",33,33,33,9,52,0.43904,-77.08793,"22/07/2019","14/11/2019",115,45093,239.1875,60,427
"216",875,885,"Rumiyaco2_2175","Cuniculus paca","Guagua","11/08/2019","8:28",1,"Mammalia","Rodentia","Cuniculidae","Cuniculus","Rumiyaco2_2175_02110117.JPG",33,33,33,9,52,0.43904,-77.08793,"22/07/2019","14/11/2019",115,45093,239.1875,60,427
"217",876,886,"Rumiyaco2_2175","Cuniculus paca","Guagua","12/08/2019","17:22",1,"Mammalia","Rodentia","Cuniculidae","Cuniculus","Rumiyaco2_2175_02120118.JPG",33,33,33,9,52,0.43904,-77.08793,"22/07/2019","14/11/2019",115,45093,239.1875,60,427
"218",878,888,"Rumiyaco2_2175","Cuniculus paca","Guagua","14/08/2019","11:09",1,"Mammalia","Rodentia","Cuniculidae","Cuniculus","Rumiyaco2_2175_02140124.JPG",33,33,33,9,52,0.43904,-77.08793,"22/07/2019","14/11/2019",115,45093,239.1875,60,427
"219",880,890,"Rumiyaco2_2175","Cuniculus paca","Guagua","14/08/2019","16:14",1,"Mammalia","Rodentia","Cuniculidae","Cuniculus","Rumiyaco2_2175_02140130.JPG",33,33,33,9,52,0.43904,-77.08793,"22/07/2019","14/11/2019",115,45093,239.1875,60,427
"220",881,891,"Rumiyaco2_2175","Cuniculus paca","Guagua","14/08/2019","16:40",1,"Mammalia","Rodentia","Cuniculidae","Cuniculus","Rumiyaco2_2175_02170141.JPG",33,33,33,9,52,0.43904,-77.08793,"22/07/2019","14/11/2019",115,45093,239.1875,60,427
"221",885,895,"Rumiyaco2_3329","Cuniculus paca","Guagua","19/08/2019","23:30",1,"Mammalia","Rodentia","Cuniculidae","Cuniculus","Rumiyaco2_3329_08190035.JPG",34,34,34,6,21,0.43258,-77.08202,"22/07/2019","14/11/2019",115,45475,224.8125,5,428
"222",1281,1295,"Venado1_3330","Cuniculus paca","Guagua","31/07/2019","20:30",1,"Mammalia","Rodentia","Cuniculidae","Cuniculus","Venado1_3330_07310008.JPG",39,39,39,5,20,0.64942,-77.09937,"01/08/2019","15/09/2019",45,36305,274.5625,93,449
"223",1286,1300,"Venado1_3330","Cuniculus paca","Guagua","6/08/2019","20:22",1,"Mammalia","Rodentia","Cuniculidae","Cuniculus","Venado1_3330_08060034.JPG",39,39,39,5,20,0.64942,-77.09937,"01/08/2019","15/09/2019",45,36305,274.5625,93,449
"224",1300,1314,"Venado1_3337","Cuniculus paca","Guagua","4/08/2019","20:15",1,"Mammalia","Rodentia","Cuniculidae","Cuniculus","Venado1_3337_08040024.JPG",41,41,41,7,24,0.63898,-77.06673,"01/08/2019","19/11/2019",110,36691,279.3125,6,218
"225",1301,1315,"Venado1_3337","Cuniculus paca","Guagua","8/08/2019","3:54",1,"Mammalia","Rodentia","Cuniculidae","Cuniculus","Venado1_3337_08080030.JPG",41,41,41,7,24,0.63898,-77.06673,"01/08/2019","19/11/2019",110,36691,279.3125,6,218
"226",1304,1318,"Venado1_3337","Cuniculus paca","Guagua","12/08/2019","5:31",1,"Mammalia","Rodentia","Cuniculidae","Cuniculus","Venado1_3337_08120039.JPG",41,41,41,7,24,0.63898,-77.06673,"01/08/2019","19/11/2019",110,36691,279.3125,6,218
"227",1306,1320,"Venado1_3337","Cuniculus paca","Guagua","18/08/2019","1:48",1,"Mammalia","Rodentia","Cuniculidae","Cuniculus","Venado1_3337_08180060.JPG",41,41,41,7,24,0.63898,-77.06673,"01/08/2019","19/11/2019",110,36691,279.3125,6,218
"228",1308,1322,"Venado1_3337","Cuniculus paca","Guagua","25/08/2019","3:14",1,"Mammalia","Rodentia","Cuniculidae","Cuniculus","Venado1_3337_08250066.JPG",41,41,41,7,24,0.63898,-77.06673,"01/08/2019","19/11/2019",110,36691,279.3125,6,218
"229",1309,1323,"Venado1_3337","Cuniculus paca","Guagua","27/08/2019","3:46",1,"Mammalia","Rodentia","Cuniculidae","Cuniculus","Venado1_3337_08270069.JPG",41,41,41,7,24,0.63898,-77.06673,"01/08/2019","19/11/2019",110,36691,279.3125,6,218
"230",1310,1324,"Venado1_3337","Cuniculus paca","Guagua","29/08/2019","19:15",1,"Mammalia","Rodentia","Cuniculidae","Cuniculus","Venado1_3337_08290078.JPG",41,41,41,7,24,0.63898,-77.06673,"01/08/2019","19/11/2019",110,36691,279.3125,6,218
"231",1312,1326,"Venado1_3337","Cuniculus paca","Guagua","4/09/2019","4:02",1,"Mammalia","Rodentia","Cuniculidae","Cuniculus","Venado1_3337_09040102.JPG",41,41,41,7,24,0.63898,-77.06673,"01/08/2019","19/11/2019",110,36691,279.3125,6,218
"232",1313,1327,"Venado1_3337","Cuniculus paca","Guagua","4/09/2019","19:13",1,"Mammalia","Rodentia","Cuniculidae","Cuniculus","Venado1_3337_09040105.JPG",41,41,41,7,24,0.63898,-77.06673,"01/08/2019","19/11/2019",110,36691,279.3125,6,218
"233",1314,1328,"Venado1_3337","Cuniculus paca","Guagua","5/09/2019","23:21",1,"Mammalia","Rodentia","Cuniculidae","Cuniculus","Venado1_3337_09050108.JPG",41,41,41,7,24,0.63898,-77.06673,"01/08/2019","19/11/2019",110,36691,279.3125,6,218
"234",1318,1332,"Venado2_2159","Cuniculus paca","Guagua","6/08/2019","23:13",1,"Mammalia","Rodentia","Cuniculidae","Cuniculus","Venado2_2159_08060043.JPG",43,43,43,8,75,0.6476,-77.10729,"29/07/2019","18/11/2019",112,36304,280.4375,75,205
"235",1321,1335,"Venado2_2159","Cuniculus paca","Guagua","11/08/2019","1:40",1,"Mammalia","Rodentia","Cuniculidae","Cuniculus","Venado2_2159_08110058.JPG",43,43,43,8,75,0.6476,-77.10729,"29/07/2019","18/11/2019",112,36304,280.4375,75,205
"236",1322,1336,"Venado2_2159","Cuniculus paca","Guagua","11/08/2019","5:01",1,"Mammalia","Rodentia","Cuniculidae","Cuniculus","Venado2_2159_08110061.JPG",43,43,43,8,75,0.6476,-77.10729,"29/07/2019","18/11/2019",112,36304,280.4375,75,205
"237",1324,1338,"Venado2_2159","Cuniculus paca","Guagua","13/08/2019","5:24",1,"Mammalia","Rodentia","Cuniculidae","Cuniculus","Venado2_2159_08130070.JPG",43,43,43,8,75,0.6476,-77.10729,"29/07/2019","18/11/2019",112,36304,280.4375,75,205
"238",1326,1340,"Venado2_2159","Cuniculus paca","Guagua","17/08/2019","19:09",1,"Mammalia","Rodentia","Cuniculidae","Cuniculus","Venado2_2159_08170091.JPG",43,43,43,8,75,0.6476,-77.10729,"29/07/2019","18/11/2019",112,36304,280.4375,75,205
"239",1329,1343,"Venado2_2159","Cuniculus paca","Guagua","24/08/2019","3:21",1,"Mammalia","Rodentia","Cuniculidae","Cuniculus","Venado2_2159_08240112.JPG",43,43,43,8,75,0.6476,-77.10729,"29/07/2019","18/11/2019",112,36304,280.4375,75,205
"240",1331,1345,"Venado2_2159","Cuniculus paca","Guagua","27/08/2019","2:53",1,"Mammalia","Rodentia","Cuniculidae","Cuniculus","Venado2_2159_08270136.JPG",43,43,43,8,75,0.6476,-77.10729,"29/07/2019","18/11/2019",112,36304,280.4375,75,205
"241",1332,1346,"Venado2_2159","Cuniculus paca","Guagua","28/08/2019","3:43",1,"Mammalia","Rodentia","Cuniculidae","Cuniculus","Venado2_2159_08280145.JPG",43,43,43,8,75,0.6476,-77.10729,"29/07/2019","18/11/2019",112,36304,280.4375,75,205
"242",1333,1347,"Venado2_2159","Cuniculus paca","Guagua","29/08/2019","19:08",1,"Mammalia","Rodentia","Cuniculidae","Cuniculus","Venado2_2159_08290151.JPG",43,43,43,8,75,0.6476,-77.10729,"29/07/2019","18/11/2019",112,36304,280.4375,75,205
"243",1334,1348,"Venado2_2159","Cuniculus paca","Guagua","30/08/2019","4:07",1,"Mammalia","Rodentia","Cuniculidae","Cuniculus","Venado2_2159_08300154.JPG",43,43,43,8,75,0.6476,-77.10729,"29/07/2019","18/11/2019",112,36304,280.4375,75,205
"244",1335,1349,"Venado2_2159","Cuniculus paca","Guagua","1/09/2019","4:15",1,"Mammalia","Rodentia","Cuniculidae","Cuniculus","Venado2_2159_09010163.JPG",43,43,43,8,75,0.6476,-77.10729,"29/07/2019","18/11/2019",112,36304,280.4375,75,205
"245",1339,1353,"Venado2_2163","Cuniculus paca","Guagua","10/08/2019","4:57",1,"Mammalia","Rodentia","Cuniculidae","Cuniculus","Venado2_2163_08100017.JPG",44,44,44,4,4,0.64538,-77.12546,"29/07/2019","14/09/2019",47,36302,359.6875,40,401
"246",1344,1358,"Venado2_2168","Cuniculus paca","Guagua","2/09/2019","21:35",1,"Mammalia","Rodentia","Cuniculidae","Cuniculus","Venado2_2168_09020028.JPG",45,45,45,4,12,0.64303,-77.11367,"29/07/2019","24/11/2019",118,36686,273.375,44,362
"247",1467,1518,"Nancy_2165","Cuniculus paca","Guagua","30/08/2019","11:32",1,"Mammalia","Rodentia","Cuniculidae","Cuniculus","Nancy_2165_08300074.JPG",2,2,2,6,19,0.57859,-76.75481,"06/08/2019","24/11/2019",110,39400,222.375,58,45
"248",1468,1519,"Nancy_2165","Cuniculus paca","Guagua","30/08/2019","14:34",1,"Mammalia","Rodentia","Cuniculidae","Cuniculus","Nancy_2165_08300077.JPG",2,2,2,6,19,0.57859,-76.75481,"06/08/2019","24/11/2019",110,39400,222.375,58,45
"249",1469,1520,"Nancy_2165","Cuniculus paca","Guagua","1/09/2019","0:05",1,"Mammalia","Rodentia","Cuniculidae","Cuniculus","Nancy_2165_09010082.JPG",2,2,2,6,19,0.57859,-76.75481,"06/08/2019","24/11/2019",110,39400,222.375,58,45
"250",1479,1530,"Nancy_2174","Cuniculus paca","Guagua","17/08/2019","0:35",1,"Mammalia","Rodentia","Cuniculidae","Cuniculus","Nancy_2174_08170025.JPG",3,3,3,7,28,0.5587,-76.7569,"05/08/2019","23/11/2019",110,40163,232.5,84,130
"251",1493,1544,"Nancy_3338","Cuniculus paca","Guagua","26/08/2019","20:43",1,"Mammalia","Rodentia","Cuniculidae","Cuniculus","Nancy_3338_08260057.JPG",4,4,4,8,23,0.57496,-76.74728,"06/08/2019","24/11/2019",110,39400,222.375,48,347
"252",1494,1545,"Nancy_3338","Cuniculus paca","Guagua","29/08/2019","1:20",1,"Mammalia","Rodentia","Cuniculidae","Cuniculus","Nancy_3338_08290058.JPG",4,4,4,8,23,0.57496,-76.74728,"06/08/2019","24/11/2019",110,39400,222.375,48,347
"253",1497,1548,"Nancy_3339","Cuniculus paca","Guagua","6/08/2019","9:04",1,"Mammalia","Rodentia","Cuniculidae","Cuniculus","Nancy_3339_01020007.JPG",5,5,5,3,8,0.56522,-76.76296,"05/08/2019","24/09/2019",50,39781,235.375,100,114
"254",1499,1550,"Nancy_3339","Cuniculus paca","Guagua","10/08/2019","13:18",1,"Mammalia","Rodentia","Cuniculidae","Cuniculus","Nancy_3339_01060022.JPG",5,5,5,3,8,0.56522,-76.76296,"05/08/2019","24/09/2019",50,39781,235.375,100,114
"255",1500,1551,"Nancy_3339","Cuniculus paca","Guagua","15/08/2019","7:37",1,"Mammalia","Rodentia","Cuniculidae","Cuniculus","Nancy_3339_01110043.JPG",5,5,5,3,8,0.56522,-76.76296,"05/08/2019","24/09/2019",50,39781,235.375,100,114
"256",1502,1553,"Nancy_3339","Cuniculus paca","Guagua","27/08/2019","14:02",1,"Mammalia","Rodentia","Cuniculidae","Cuniculus","Nancy_3339_01230061.JPG",5,5,5,3,8,0.56522,-76.76296,"05/08/2019","24/09/2019",50,39781,235.375,100,114
"257",1506,1557,"Nancy_2162","Cuniculus paca","Guagua","22/09/2019","0:53",1,"Mammalia","Rodentia","Cuniculidae","Cuniculus","Nancy_2162_09220094.JPG",1,1,1,8,115,0.56486,-76.75523,"06/08/2019","23/11/2019",109,39782,225.25,23,373
"258",1508,1559,"Nancy_2162","Cuniculus paca","Guagua","23/09/2019","1:24",1,"Mammalia","Rodentia","Cuniculidae","Cuniculus","Nancy_2162_09230109.JPG",1,1,1,8,115,0.56486,-76.75523,"06/08/2019","23/11/2019",109,39782,225.25,23,373
"259",1515,1566,"Nancy_2162","Cuniculus paca","Guagua","30/09/2019","20:26",1,"Mammalia","Rodentia","Cuniculidae","Cuniculus","Nancy_2162_09300148.JPG",1,1,1,8,115,0.56486,-76.75523,"06/08/2019","23/11/2019",109,39782,225.25,23,373
"260",1526,1577,"Nancy_2162","Cuniculus paca","Guagua","13/10/2019","0:39",1,"Mammalia","Rodentia","Cuniculidae","Cuniculus","Nancy_2162_10130220.JPG",1,1,1,8,115,0.56486,-76.75523,"06/08/2019","23/11/2019",109,39782,225.25,23,373
"261",1527,1578,"Nancy_2162","Cuniculus paca","Guagua","13/10/2019","18:49",1,"Mammalia","Rodentia","Cuniculidae","Cuniculus","Nancy_2162_10130226.JPG",1,1,1,8,115,0.56486,-76.75523,"06/08/2019","23/11/2019",109,39782,225.25,23,373
"262",1528,1579,"Nancy_2162","Cuniculus paca","Guagua","14/10/2019","0:38",1,"Mammalia","Rodentia","Cuniculidae","Cuniculus","Nancy_2162_10140231.JPG",1,1,1,8,115,0.56486,-76.75523,"06/08/2019","23/11/2019",109,39782,225.25,23,373
"263",1530,1581,"Nancy_2162","Cuniculus paca","Guagua","16/10/2019","18:43",1,"Mammalia","Rodentia","Cuniculidae","Cuniculus","Nancy_2162_10160247.JPG",1,1,1,8,115,0.56486,-76.75523,"06/08/2019","23/11/2019",109,39782,225.25,23,373
"264",1531,1582,"Nancy_2162","Cuniculus paca","Guagua","17/10/2019","18:49",1,"Mammalia","Rodentia","Cuniculidae","Cuniculus","Nancy_2162_10170259.JPG",1,1,1,8,115,0.56486,-76.75523,"06/08/2019","23/11/2019",109,39782,225.25,23,373
"265",1534,1585,"Nancy_2162","Cuniculus paca","Guagua","21/10/2019","20:59",1,"Mammalia","Rodentia","Cuniculidae","Cuniculus","Nancy_2162_10210277.JPG",1,1,1,8,115,0.56486,-76.75523,"06/08/2019","23/11/2019",109,39782,225.25,23,373
"266",1535,1586,"Nancy_2162","Cuniculus paca","Guagua","21/10/2019","21:01",1,"Mammalia","Rodentia","Cuniculidae","Cuniculus","Nancy_2162_10210286.JPG",1,1,1,8,115,0.56486,-76.75523,"06/08/2019","23/11/2019",109,39782,225.25,23,373
"267",1537,1588,"Nancy_2162","Cuniculus paca","Guagua","22/10/2019","20:32",1,"Mammalia","Rodentia","Cuniculidae","Cuniculus","Nancy_2162_10220298.JPG",1,1,1,8,115,0.56486,-76.75523,"06/08/2019","23/11/2019",109,39782,225.25,23,373
"268",1540,1591,"Nancy_2162","Cuniculus paca","Guagua","24/10/2019","0:43",1,"Mammalia","Rodentia","Cuniculidae","Cuniculus","Nancy_2162_10240313.JPG",1,1,1,8,115,0.56486,-76.75523,"06/08/2019","23/11/2019",109,39782,225.25,23,373
"269",1543,1594,"Nancy_2162","Cuniculus paca","Guagua","24/10/2019","19:17",1,"Mammalia","Rodentia","Cuniculidae","Cuniculus","Nancy_2162_10240334.JPG",1,1,1,8,115,0.56486,-76.75523,"06/08/2019","23/11/2019",109,39782,225.25,23,373
"270",1544,1595,"Nancy_2162","Cuniculus paca","Guagua","24/10/2019","22:56",1,"Mammalia","Rodentia","Cuniculidae","Cuniculus","Nancy_2162_10240340.JPG",1,1,1,8,115,0.56486,-76.75523,"06/08/2019","23/11/2019",109,39782,225.25,23,373
"271",1545,1596,"Nancy_2162","Cuniculus paca","Guagua","25/10/2019","18:51",1,"Mammalia","Rodentia","Cuniculidae","Cuniculus","Nancy_2162_10250376.JPG",1,1,1,8,115,0.56486,-76.75523,"06/08/2019","23/11/2019",109,39782,225.25,23,373
"272",1547,1598,"Nancy_2162","Cuniculus paca","Guagua","25/10/2019","21:43",1,"Mammalia","Rodentia","Cuniculidae","Cuniculus","Nancy_2162_10250385.JPG",1,1,1,8,115,0.56486,-76.75523,"06/08/2019","23/11/2019",109,39782,225.25,23,373
"273",1548,1599,"Nancy_2162","Cuniculus paca","Guagua","26/10/2019","23:10",1,"Mammalia","Rodentia","Cuniculidae","Cuniculus","Nancy_2162_10260391.JPG",1,1,1,8,115,0.56486,-76.75523,"06/08/2019","23/11/2019",109,39782,225.25,23,373
"274",1550,1601,"Nancy_2162","Cuniculus paca","Guagua","27/10/2019","19:42",1,"Mammalia","Rodentia","Cuniculidae","Cuniculus","Nancy_2162_10270400.JPG",1,1,1,8,115,0.56486,-76.75523,"06/08/2019","23/11/2019",109,39782,225.25,23,373
"275",1552,1603,"Nancy_2162","Cuniculus paca","Guagua","28/10/2019","20:13",1,"Mammalia","Rodentia","Cuniculidae","Cuniculus","Nancy_2162_10280409.JPG",1,1,1,8,115,0.56486,-76.75523,"06/08/2019","23/11/2019",109,39782,225.25,23,373
"276",1553,1604,"Nancy_2162","Cuniculus paca","Guagua","28/10/2019","23:03",1,"Mammalia","Rodentia","Cuniculidae","Cuniculus","Nancy_2162_10280415.JPG",1,1,1,8,115,0.56486,-76.75523,"06/08/2019","23/11/2019",109,39782,225.25,23,373
"277",1556,1607,"Nancy_2162","Cuniculus paca","Guagua","29/10/2019","22:41",1,"Mammalia","Rodentia","Cuniculidae","Cuniculus","Nancy_2162_10290460.JPG",1,1,1,8,115,0.56486,-76.75523,"06/08/2019","23/11/2019",109,39782,225.25,23,373
"278",1557,1608,"Nancy_2162","Cuniculus paca","Guagua","30/10/2019","21:46",1,"Mammalia","Rodentia","Cuniculidae","Cuniculus","Nancy_2162_10300463.JPG",1,1,1,8,115,0.56486,-76.75523,"06/08/2019","23/11/2019",109,39782,225.25,23,373
"279",1560,1611,"Nancy_2162","Cuniculus paca","Guagua","2/11/2019","3:27",1,"Mammalia","Rodentia","Cuniculidae","Cuniculus","Nancy_2162_11020481.JPG",1,1,1,8,115,0.56486,-76.75523,"06/08/2019","23/11/2019",109,39782,225.25,23,373
"280",1563,1614,"Nancy_2162","Cuniculus paca","Guagua","4/11/2019","0:40",1,"Mammalia","Rodentia","Cuniculidae","Cuniculus","Nancy_2162_11040493.JPG",1,1,1,8,115,0.56486,-76.75523,"06/08/2019","23/11/2019",109,39782,225.25,23,373
"281",1566,1617,"Nancy_2162","Cuniculus paca","Guagua","6/11/2019","1:14",1,"Mammalia","Rodentia","Cuniculidae","Cuniculus","Nancy_2162_11060510.JPG",1,1,1,8,115,0.56486,-76.75523,"06/08/2019","23/11/2019",109,39782,225.25,23,373
"282",1569,1620,"Nancy_2162","Cuniculus paca","Guagua","7/11/2019","22:25",1,"Mammalia","Rodentia","Cuniculidae","Cuniculus","Nancy_2162_11070538.JPG",1,1,1,8,115,0.56486,-76.75523,"06/08/2019","23/11/2019",109,39782,225.25,23,373
"283",1571,1622,"Nancy_2162","Cuniculus paca","Guagua","10/11/2019","22:58",1,"Mammalia","Rodentia","Cuniculidae","Cuniculus","Nancy_2162_11100549.JPG",1,1,1,8,115,0.56486,-76.75523,"06/08/2019","23/11/2019",109,39782,225.25,23,373
"284",1572,1623,"Nancy_2162","Cuniculus paca","Guagua","12/11/2019","19:19",1,"Mammalia","Rodentia","Cuniculidae","Cuniculus","Nancy_2162_11120550.JPG",1,1,1,8,115,0.56486,-76.75523,"06/08/2019","23/11/2019",109,39782,225.25,23,373
"285",1578,1629,"Nancy_2162","Cuniculus paca","Guagua","17/11/2019","22:32",1,"Mammalia","Rodentia","Cuniculidae","Cuniculus","Nancy_2162_11170580.JPG",1,1,1,8,115,0.56486,-76.75523,"06/08/2019","23/11/2019",109,39782,225.25,23,373
"286",1583,1634,"Nancy_2162","Cuniculus paca","Guagua","19/11/2019","21:07",1,"Mammalia","Rodentia","Cuniculidae","Cuniculus","Nancy_2162_11190609.JPG",1,1,1,8,115,0.56486,-76.75523,"06/08/2019","23/11/2019",109,39782,225.25,23,373
